doctor_id,Doctor
1,Aaron Acevedo
2,Aaron Adams
3,Aaron Aguilar
4,Aaron Alexander
5,Aaron Anderson
6,Aaron Arnold
7,Aaron Baker
8,Aaron Barker
9,Aaron Barrett
10,Aaron Barry
11,Aaron Bates
12,Aaron Becker
13,Aaron Brown
14,Aaron Burch
15,Aaron Caldwell
16,Aaron Cardenas
17,Aaron Carter
18,Aaron Christensen
19,Aaron Collins
20,Aaron Cook
21,Aaron Cooley
22,Aaron Cunningham
23,Aaron Curtis
24,Aaron David
25,Aaron Davila
26,Aaron Dennis
27,Aaron Dickson
28,Aaron Edwards
29,Aaron Esparza
30,Aaron Flores
31,Aaron Foster
32,Aaron Fox
33,Aaron Garcia
34,Aaron Glover
35,Aaron Gomez
36,Aaron Greer
37,Aaron Gregory
38,Aaron Griffin
39,Aaron Grimes
40,Aaron Hansen
41,Aaron Hanson
42,Aaron Hardy Phd
43,Aaron Harper
44,Aaron Harris
45,Aaron Harrison
46,Aaron Hernandez
47,Aaron Herrera
48,Aaron Higgins
49,Aaron Hill
50,Aaron Hudson
51,Aaron Hunter
52,Aaron Jacobs
53,Aaron Johnson
54,Aaron Johnston
55,Aaron Jones
56,Aaron Kim
57,Aaron King
58,Aaron Lee
59,Aaron Li
60,Aaron Lopez
61,Aaron Manning
62,Aaron Martin
63,Aaron Martin Md
64,Aaron Martinez
65,Aaron Maxwell
66,Aaron Mcdonald
67,Aaron Mcdowell
68,Aaron Mcmillan
69,Aaron Mendoza
70,Aaron Meyers
71,Aaron Miller
72,Aaron Mitchell
73,Aaron Moody
74,Aaron Moore
75,Aaron Moreno
76,Aaron Morgan
77,Aaron Morrow
78,Aaron Murphy
79,Aaron Murray
80,Aaron Myers
81,Aaron Neal
82,Aaron Nguyen
83,Aaron Pace
84,Aaron Park
85,Aaron Paul
86,Aaron Perez
87,Aaron Perry
88,Aaron Pham
89,Aaron Pierce
90,Aaron Price
91,Aaron Ramirez
92,Aaron Rivera
93,Aaron Roberts
94,Aaron Robertson
95,Aaron Rodriguez
96,Aaron Rogers
97,Aaron Ross
98,Aaron Russo
99,Aaron Ryan
100,Aaron Sanchez
101,Aaron Schmidt
102,Aaron Smith
103,Aaron Snyder
104,Aaron Solis
105,Aaron Spencer
106,Aaron Stanley
107,Aaron Swanson
108,Aaron Taylor
109,Aaron Thomas
110,Aaron Thompson
111,Aaron Turner
112,Aaron Vasquez
113,Aaron Walker
114,Aaron Washington
115,Aaron Watkins
116,Aaron Watson
117,Aaron Webb
118,Aaron White
119,Aaron Wiggins
120,Aaron Williams
121,Aaron Wong
122,Aaron Wood
123,Aaron Wright
124,Aaron Yang
125,Abigail Aguirre
126,Abigail Alvarado
127,Abigail Armstrong
128,Abigail Beck
129,Abigail Brown
130,Abigail Bryan
131,Abigail Chen
132,Abigail Erickson Md
133,Abigail Ewing
134,Abigail Flores
135,Abigail Fowler
136,Abigail Fox
137,Abigail Garcia
138,Abigail Garza
139,Abigail Gentry
140,Abigail Hardy
141,Abigail Holder
142,Abigail Johnson
143,Abigail Jones
144,Abigail Kelly
145,Abigail King
146,Abigail Lee
147,Abigail Lopez
148,Abigail Mack
149,Abigail Martin
150,Abigail Mathis
151,Abigail Mccoy
152,Abigail Nelson
153,Abigail Newman
154,Abigail Newton
155,Abigail Noble
156,Abigail Owen
157,Abigail Pearson
158,Abigail Perez
159,Abigail Roberson
160,Abigail Ross
161,Abigail Russell
162,Abigail Salas
163,Abigail Solomon
164,Abigail Valentine
165,Abigail Vargas
166,Abigail Walker Phd
167,Abigail Warren
168,Abigail Washington
169,Abigail White
170,Abigail Williams
171,Abigail Wilson
172,Abigail Wright
173,Adam Alexander
174,Adam Anderson
175,Adam Atkins Dds
176,Adam Avila
177,Adam Bailey
178,Adam Baker
179,Adam Becker
180,Adam Bell
181,Adam Bentley
182,Adam Booth
183,Adam Bowers
184,Adam Bradley
185,Adam Bradshaw
186,Adam Brady
187,Adam Brown
188,Adam Bryant
189,Adam Buckley
190,Adam Burns
191,Adam Campbell
192,Adam Carpenter
193,Adam Carr
194,Adam Chapman
195,Adam Christian
196,Adam Clark
197,Adam Coleman
198,Adam Collins
199,Adam Cooper
200,Adam Crawford
201,Adam Curry
202,Adam Dawson
203,Adam Downs
204,Adam Duarte
205,Adam Espinoza
206,Adam Farrell
207,Adam Fitzgerald
208,Adam Flores
209,Adam Foster
210,Adam Fox
211,Adam Frazier
212,Adam Freeman
213,Adam Gallagher
214,Adam Garza
215,Adam Gates
216,Adam Gentry
217,Adam Gonzalez
218,Adam Gray
219,Adam Green
220,Adam Griffin
221,Adam Grimes
222,Adam Hall
223,Adam Hardy
224,Adam Harper
225,Adam Harrell
226,Adam Harris
227,Adam Hayes
228,Adam Henry
229,Adam Higgins
230,Adam Horne
231,Adam Jackson
232,Adam Johnson
233,Adam Jones
234,Adam Juarez
235,Adam Kaufman
236,Adam Keller
237,Adam Kelley
238,Adam Kelly
239,Adam King
240,Adam Knox
241,Adam Kramer
242,Adam Krueger Dds
243,Adam Lam
244,Adam Landry
245,Adam Lane
246,Adam Lewis
247,Adam Little
248,Adam Lopez
249,Adam Lucas
250,Adam Marsh
251,Adam Marshall
252,Adam Martinez
253,Adam Mason
254,Adam May
255,Adam Mccoy
256,Adam Mckinney
257,Adam Medina
258,Adam Meyer
259,Adam Miller
260,Adam Mitchell
261,Adam Moyer
262,Adam Nelson
263,Adam Ochoa
264,Adam Page
265,Adam Parker
266,Adam Parsons
267,Adam Patel
268,Adam Payne
269,Adam Pearson
270,Adam Perez
271,Adam Peterson
272,Adam Pierce
273,Adam Pineda
274,Adam Pitts
275,Adam Price
276,Adam Ray
277,Adam Raymond
278,Adam Reed
279,Adam Reeves
280,Adam Rice
281,Adam Richard
282,Adam Richardson
283,Adam Rivers
284,Adam Roberts
285,Adam Robertson
286,Adam Robles
287,Adam Rodgers
288,Adam Rodriguez
289,Adam Ross
290,Adam Sanders
291,Adam Santiago
292,Adam Schneider
293,Adam Shannon
294,Adam Shaw
295,Adam Sims
296,Adam Singh
297,Adam Smith
298,Adam Snyder
299,Adam Sparks
300,Adam Stewart
301,Adam Thomas
302,Adam Thompson
303,Adam Torres
304,Adam Torres Dds
305,Adam Turner
306,Adam Vega
307,Adam Velazquez Md
308,Adam Velez
309,Adam Walker
310,Adam Waller
311,Adam Walsh
312,Adam Walton
313,Adam Watson
314,Adam West
315,Adam White
316,Adam Whitehead
317,Adam Williams
318,Adam Williamson
319,Adam Wilson
320,Adam Woodard
321,Adam Wright
322,Adam Wyatt
323,Adam Young
324,Adrian Allen
325,Adrian Bates
326,Adrian Booth
327,Adrian Brown
328,Adrian Butler
329,Adrian Cox
330,Adrian Davis
331,Adrian Dickson
332,Adrian Ford
333,Adrian Franco
334,Adrian Galvan
335,Adrian Gamble
336,Adrian Garcia Dds
337,Adrian Gonzalez
338,Adrian Henderson
339,Adrian Herrera
340,Adrian Jacobs Phd
341,Adrian Joseph
342,Adrian Lopez
343,Adrian Mills
344,Adrian Nelson
345,Adrian Nicholson
346,Adrian Oconnell
347,Adrian Olsen
348,Adrian Powell
349,Adrian Ray
350,Adrian Richards
351,Adrian Richmond
352,Adrian Ruiz
353,Adrian Shannon
354,Adrian Smith
355,Adrian Swanson
356,Adrian Tran
357,Adrian Vaughn
358,Adrian Warren
359,Adrian Zamora
360,Adriana Alvarez
361,Adriana Boyle
362,Adriana Bryant
363,Adriana Colon
364,Adriana Duncan
365,Adriana Evans
366,Adriana Francis
367,Adriana Gates
368,Adriana Gould
369,Adriana Morrow
370,Adriana Patton
371,Adriana Sullivan
372,Adrienne Barry
373,Adrienne Evans
374,Adrienne Gibson
375,Adrienne Howard
376,Adrienne Jones
377,Adrienne Kelley
378,Adrienne Knight
379,Adrienne Lopez
380,Adrienne Matthews
381,Adrienne Miles
382,Adrienne Oneill
383,Adrienne Reed
384,Adrienne Rodriguez
385,Adrienne Santiago
386,Adrienne Schroeder
387,Adrienne Stevens
388,Adrienne Taylor
389,Adrienne Terrell
390,Aimee Garcia
391,Aimee Johnson
392,Aimee Maxwell
393,Aimee Mclean
394,Aimee Ramirez
395,Aimee Reilly
396,Aimee Rosario
397,Aimee Russell
398,Aimee Sosa
399,Aimee Taylor
400,Aimee Terry
401,Aimee Turner
402,Alan Anderson
403,Alan Austin
404,Alan Baker
405,Alan Baldwin
406,Alan Barnes
407,Alan Beasley
408,Alan Benson
409,Alan Bradley
410,Alan Butler
411,Alan Cain
412,Alan Choi
413,Alan Church
414,Alan Collins
415,Alan Compton
416,Alan Evans
417,Alan Fernandez
418,Alan Fletcher
419,Alan Friedman
420,Alan Fuller
421,Alan Gilbert
422,Alan Hart
423,Alan Hendrix
424,Alan Hernandez
425,Alan Jones
426,Alan Kline
427,Alan Little
428,Alan Long
429,Alan Martinez
430,Alan Mcfarland
431,Alan Michael
432,Alan Miller
433,Alan Moore
434,Alan Morgan
435,Alan Morris
436,Alan Murphy
437,Alan Owens
438,Alan Pena
439,Alan Preston
440,Alan Ritter
441,Alan Robinson
442,Alan Rubio
443,Alan Russo
444,Alan Savage
445,Alan Scott
446,Alan Swanson
447,Alan Wade
448,Alan Williams
449,Albert Brooks
450,Albert Carlson
451,Albert Coleman
452,Albert Franco
453,Albert Gibson
454,Albert Goodwin
455,Albert Gordon
456,Albert Hall
457,Albert Johnson
458,Albert Johnston
459,Albert Knapp
460,Albert Lowe
461,Albert Mendez
462,Albert Moore
463,Albert Owen
464,Albert Powell
465,Albert Rice
466,Albert Small
467,Albert Smith Dvm
468,Albert Taylor
469,Albert Terry
470,Albert Thompson
471,Albert Valenzuela
472,Albert Williams
473,Albert Wilson
474,Albert Wright
475,Alec Castillo
476,Alec Cummings
477,Alec Diaz
478,Alec Flores
479,Alec Gallegos
480,Alec Jones
481,Alec May
482,Alec Mills
483,Alec Ortiz
484,Alec Pope
485,Alec Turner
486,Alejandra Clark
487,Alejandra Cummings
488,Alejandra Foster
489,Alejandra Garcia
490,Alejandra Martin
491,Alejandra Martinez
492,Alejandra Mccarty
493,Alejandra Miller
494,Alejandra Ochoa
495,Alejandra Palmer
496,Alejandra Ruiz
497,Alejandra Welch
498,Alejandra Williams
499,Alejandro Brown
500,Alejandro Cole
501,Alejandro Davis
502,Alejandro Edwards
503,Alejandro Frederick
504,Alejandro Harper
505,Alejandro Hernandez
506,Alejandro Kim
507,Alejandro Lowery
508,Alejandro Oneal
509,Alejandro Pearson
510,Alejandro Phillips
511,Alejandro Rhodes
512,Alejandro Rojas
513,Alejandro Scott
514,Alex Bailey
515,Alex Banks
516,Alex Berg
517,Alex Brady
518,Alex Brooks
519,Alex Carroll
520,Alex Chambers
521,Alex Cooper
522,Alex Cummings
523,Alex Curtis Iii
524,Alex Davis
525,Alex Dominguez
526,Alex Donovan
527,Alex Edwards
528,Alex Ewing
529,Alex Fischer
530,Alex Garcia
531,Alex Goodman
532,Alex Herrera
533,Alex Hodge
534,Alex Johnson
535,Alex Lamb
536,Alex Lane
537,Alex Lopez
538,Alex Mcintosh
539,Alex Mcknight
540,Alex Miller
541,Alex Moore
542,Alex Neal
543,Alex Olson
544,Alex Ortiz
545,Alex Pope
546,Alex Pruitt
547,Alex Rivera
548,Alex Ryan
549,Alex Shelton
550,Alex Thomas
551,Alex Thornton
552,Alex Torres
553,Alex Tyler
554,Alex Walsh
555,Alex Wells
556,Alex Williams
557,Alex Wilson
558,Alexa Burnett
559,Alexa Cox
560,Alexa Espinoza
561,Alexa Garrett
562,Alexa Hernandez
563,Alexa Hill
564,Alexa King
565,Alexa Lawson
566,Alexa Lopez
567,Alexa Mccarthy
568,Alexa Perez
569,Alexa Perry
570,Alexa Phillips
571,Alexa Vasquez
572,Alexander Allen
573,Alexander Armstrong
574,Alexander Ayala
575,Alexander Bailey
576,Alexander Baker
577,Alexander Beck
578,Alexander Bennett
579,Alexander Blackwell
580,Alexander Briggs
581,Alexander Brown
582,Alexander Bruce
583,Alexander Burnett
584,Alexander Carr
585,Alexander Carroll
586,Alexander Carter
587,Alexander Castillo
588,Alexander Charles
589,Alexander Cline
590,Alexander Cobb
591,Alexander Daniels
592,Alexander David
593,Alexander Davis
594,Alexander Douglas
595,Alexander Duarte
596,Alexander Duke
597,Alexander Dunn
598,Alexander Ferguson
599,Alexander Fox
600,Alexander Freeman
601,Alexander Frye
602,Alexander Garcia
603,Alexander Garza
604,Alexander Gibson
605,Alexander Glover
606,Alexander Gomez
607,Alexander Gray
608,Alexander Gutierrez
609,Alexander Harris
610,Alexander Harvey
611,Alexander Hebert
612,Alexander Hendrix
613,Alexander Higgins
614,Alexander Hines
615,Alexander Hodge
616,Alexander Hopkins
617,Alexander Horton
618,Alexander Hull
619,Alexander Hunt
620,Alexander Jackson
621,Alexander James
622,Alexander Jenkins
623,Alexander Johnson
624,Alexander Jones
625,Alexander King
626,Alexander Klein
627,Alexander Kramer
628,Alexander Lawson
629,Alexander Lee
630,Alexander Lester
631,Alexander Love
632,Alexander Manning
633,Alexander Martin
634,Alexander Martinez
635,Alexander Mcintosh
636,Alexander Meyer
637,Alexander Miller
638,Alexander Mills
639,Alexander Mitchell
640,Alexander Monroe
641,Alexander Montgomery
642,Alexander Moore
643,Alexander Moreno
644,Alexander Morgan
645,Alexander Morris
646,Alexander Murphy
647,Alexander Murray
648,Alexander Myers
649,Alexander Nguyen
650,Alexander Nicholson
651,Alexander Oconnor
652,Alexander Pacheco
653,Alexander Parks
654,Alexander Patterson
655,Alexander Peterson
656,Alexander Ponce
657,Alexander Preston
658,Alexander Price
659,Alexander Prince
660,Alexander Randall
661,Alexander Rivera
662,Alexander Robinson
663,Alexander Robles
664,Alexander Rodriguez
665,Alexander Ruiz
666,Alexander Ryan
667,Alexander Sanchez
668,Alexander Sanders
669,Alexander Scott
670,Alexander Shelton
671,Alexander Smith
672,Alexander Smith Dds
673,Alexander Stanley
674,Alexander Stephens
675,Alexander Stewart
676,Alexander Swanson
677,Alexander Terry
678,Alexander Vasquez
679,Alexander Villarreal
680,Alexander Villegas
681,Alexander Walters
682,Alexander Washington
683,Alexander Watkins
684,Alexander Watson
685,Alexander White
686,Alexander Wiley
687,Alexander Williams
688,Alexandra Ballard
689,Alexandra Barnes
690,Alexandra Barnett
691,Alexandra Bennett
692,Alexandra Bowen
693,Alexandra Buck
694,Alexandra Caldwell
695,Alexandra Camacho
696,Alexandra Cantrell
697,Alexandra Cardenas
698,Alexandra Case
699,Alexandra Cherry
700,Alexandra Daniels
701,Alexandra Davis
702,Alexandra Erickson
703,Alexandra Flores
704,Alexandra Frye
705,Alexandra Fuller
706,Alexandra Gallagher
707,Alexandra Garcia
708,Alexandra Gentry
709,Alexandra Gould
710,Alexandra Hall
711,Alexandra Hayes
712,Alexandra Hernandez
713,Alexandra Holmes
714,Alexandra Howard
715,Alexandra Howell
716,Alexandra Jones
717,Alexandra Kaufman
718,Alexandra Kim
719,Alexandra Knapp
720,Alexandra Lawson
721,Alexandra Livingston
722,Alexandra Martin
723,Alexandra Mcdonald
724,Alexandra Melton
725,Alexandra Meyers
726,Alexandra Mitchell
727,Alexandra Morrison
728,Alexandra Olson
729,Alexandra Pena
730,Alexandra Ramos
731,Alexandra Reynolds
732,Alexandra Rice
733,Alexandra Richard
734,Alexandra Richardson
735,Alexandra Riddle
736,Alexandra Roberts
737,Alexandra Ross
738,Alexandra Ruiz
739,Alexandra Russell
740,Alexandra Sanchez
741,Alexandra Sanders
742,Alexandra Sexton
743,Alexandra Shelton
744,Alexandra Sims
745,Alexandra Smith
746,Alexandra Stein
747,Alexandra Stevens
748,Alexandra Sullivan
749,Alexandra Walker
750,Alexandra Warren
751,Alexandra Wiggins
752,Alexandra Williams
753,Alexandria Anderson
754,Alexandria Bridges
755,Alexandria Cruz
756,Alexandria Dodson
757,Alexandria Drake
758,Alexandria Foley
759,Alexandria French
760,Alexandria Gates
761,Alexandria Harris
762,Alexandria Hicks
763,Alexandria Johnson
764,Alexandria Lambert
765,Alexandria Martinez
766,Alexandria Merritt
767,Alexandria Miller
768,Alexandria Monroe
769,Alexandria Moreno
770,Alexandria Pearson
771,Alexandria Phillips
772,Alexandria Rodriguez
773,Alexandria Santos
774,Alexandria Smith
775,Alexandria Wiley
776,Alexandria Wilkins
777,Alexandria Woods
778,Alexandria Wright
779,Alexandria Young
780,Alexis Anderson
781,Alexis Austin
782,Alexis Ball
783,Alexis Barber
784,Alexis Bradford
785,Alexis Bradley
786,Alexis Brown
787,Alexis Bryan
788,Alexis Burch
789,Alexis Campbell
790,Alexis Cohen
791,Alexis Colon
792,Alexis Cooper
793,Alexis Davis
794,Alexis Dodson
795,Alexis Eaton
796,Alexis Espinoza
797,Alexis Fletcher
798,Alexis Garrison
799,Alexis Garza
800,Alexis Gomez
801,Alexis Gonzales
802,Alexis Gonzalez
803,Alexis Green
804,Alexis Hall
805,Alexis Hamilton
806,Alexis Harris
807,Alexis Hernandez
808,Alexis Horton
809,Alexis Hunter
810,Alexis Ingram
811,Alexis Johnson
812,Alexis Jones
813,Alexis Kelly
814,Alexis Knight
815,Alexis Knox
816,Alexis Landry
817,Alexis Lawrence
818,Alexis Lowery
819,Alexis Marsh
820,Alexis Martin
821,Alexis Mason
822,Alexis Massey
823,Alexis Merritt
824,Alexis Meyer
825,Alexis Moore
826,Alexis Morris
827,Alexis Morrison
828,Alexis Parker
829,Alexis Parsons
830,Alexis Pineda
831,Alexis Porter
832,Alexis Ramos
833,Alexis Richards
834,Alexis Robbins
835,Alexis Roberts
836,Alexis Robinson
837,Alexis Sanchez
838,Alexis Sandoval
839,Alexis Sawyer
840,Alexis Schneider
841,Alexis Sullivan
842,Alexis Thomas
843,Alexis Valdez
844,Alexis Walker
845,Alexis Waller
846,Alexis Walsh
847,Alexis Williams
848,Alexis Winters
849,Alexis Wood
850,Alexis Young
851,Alfred Macias
852,Alfred Mcfarland
853,Alfred Sanchez
854,Alfred Sweeney
855,Alice Adkins
856,Alice Fitzpatrick
857,Alice Green
858,Alice Henson
859,Alice Johnson
860,Alice Jones
861,Alice Mccullough
862,Alice Moore
863,Alice Sheppard
864,Alice Wright
865,Alice Yang
866,Alicia Acosta
867,Alicia Allen
868,Alicia Anderson
869,Alicia Barry
870,Alicia Beard
871,Alicia Bennett
872,Alicia Bowers
873,Alicia Bowman
874,Alicia Brown
875,Alicia Buchanan
876,Alicia Burke
877,Alicia Burton
878,Alicia Clark
879,Alicia Collins Md
880,Alicia Cooley
881,Alicia Davis
882,Alicia Downs
883,Alicia Everett
884,Alicia Fisher
885,Alicia Foster
886,Alicia Freeman
887,Alicia Friedman
888,Alicia Garcia
889,Alicia Garza
890,Alicia Gentry
891,Alicia Glenn
892,Alicia Griffin
893,Alicia Hall
894,Alicia Harris
895,Alicia Higgins
896,Alicia Holt Md
897,Alicia Howard
898,Alicia Howell
899,Alicia Hunt
900,Alicia Jacobs
901,Alicia Johnson Dds
902,Alicia Jones
903,Alicia Kirby
904,Alicia Kramer
905,Alicia Lee
906,Alicia Lewis
907,Alicia Lopez
908,Alicia Marsh
909,Alicia Martin
910,Alicia Mccoy
911,Alicia Miller
912,Alicia Moore
913,Alicia Nelson
914,Alicia Ortega
915,Alicia Padilla
916,Alicia Parsons
917,Alicia Paul
918,Alicia Perez
919,Alicia Peterson
920,Alicia Pierce
921,Alicia Porter
922,Alicia Ramirez
923,Alicia Ray
924,Alicia Rogers
925,Alicia Rose
926,Alicia Russo
927,Alicia Ryan
928,Alicia Salas
929,Alicia Salinas
930,Alicia Santiago
931,Alicia Smith
932,Alicia Taylor
933,Alicia Thomas
934,Alicia Vasquez
935,Alicia Vaughn
936,Alicia Wade
937,Alicia Welch
938,Alicia West
939,Alicia White
940,Alicia Williams
941,Alisha Adams
942,Alisha Davila
943,Alisha Flores
944,Alisha Fox
945,Alisha Hansen
946,Alisha Jarvis
947,Alisha Jones
948,Alisha Lambert
949,Alisha Lopez
950,Alisha Mendoza
951,Alisha Trujillo
952,Alisha Tucker
953,Alisha Valentine
954,Alisha Vega
955,Alisha Warren
956,Alisha Williamson
957,Alison Adams
958,Alison Bennett
959,Alison Brennan
960,Alison Castro
961,Alison Cochran
962,Alison Cole
963,Alison Cook
964,Alison Craig Md
965,Alison Garrett
966,Alison Garrison
967,Alison Hampton
968,Alison Harris
969,Alison Hart
970,Alison Heath
971,Alison Hernandez
972,Alison Huff
973,Alison Humphrey
974,Alison Hunt
975,Alison Jackson
976,Alison Joyce
977,Alison Keith
978,Alison Krause
979,Alison Martin
980,Alison Martinez
981,Alison Mcdowell
982,Alison Mclaughlin
983,Alison Mills
984,Alison Moore
985,Alison Nash
986,Alison Nelson
987,Alison Phillips
988,Alison Powell
989,Alison Rodriguez
990,Alison Russell
991,Alison Smith
992,Alison Stevens
993,Alison Thomas
994,Alison Trujillo
995,Alison Webster
996,Alison Wilcox
997,Alison Williams
998,Allen Anderson
999,Allen Bates
1000,Allen Bender
1001,Allen Briggs
1002,Allen Brooks
1003,Allen Burns
1004,Allen Cook Jr.
1005,Allen Duarte
1006,Allen Estes
1007,Allen Ford
1008,Allen Gray
1009,Allen Green
1010,Allen Griffith
1011,Allen Johnson
1012,Allen Lee
1013,Allen Leon
1014,Allen Leonard
1015,Allen Mcintosh
1016,Allen Mendez
1017,Allen Meyer
1018,Allen Mills
1019,Allen Mitchell
1020,Allen Murillo
1021,Allen Novak
1022,Allen Perez
1023,Allen Salas
1024,Allen Sanchez
1025,Allen Schroeder
1026,Allen Schultz
1027,Allen Smith
1028,Allen Snyder
1029,Allen Thomas
1030,Allen Wade
1031,Allen Ward
1032,Allen Watson
1033,Allen Wheeler
1034,Allen Willis
1035,Allen Wood
1036,Allison Acosta
1037,Allison Aguirre
1038,Allison Alvarado
1039,Allison Andrews
1040,Allison Arnold
1041,Allison Austin
1042,Allison Bates
1043,Allison Bauer
1044,Allison Bell
1045,Allison Bentley
1046,Allison Black
1047,Allison Blankenship
1048,Allison Brooks
1049,Allison Butler
1050,Allison Campbell
1051,Allison Carr
1052,Allison Carter
1053,Allison Castaneda
1054,Allison Castillo
1055,Allison Chan
1056,Allison Clayton
1057,Allison Davidson
1058,Allison Davila
1059,Allison Dominguez
1060,Allison Evans
1061,Allison Fernandez
1062,Allison Figueroa
1063,Allison Garza
1064,Allison Gibson
1065,Allison Gonzalez Md
1066,Allison Gordon
1067,Allison Graham
1068,Allison Griffin
1069,Allison Harper
1070,Allison Harrington
1071,Allison Harrison
1072,Allison Harvey
1073,Allison Hayes
1074,Allison Howard
1075,Allison Jackson
1076,Allison James
1077,Allison Jenkins
1078,Allison Johnson
1079,Allison Jones
1080,Allison Kerr
1081,Allison Levy
1082,Allison Lewis
1083,Allison Lynn Md
1084,Allison Martinez
1085,Allison Mcclain Md
1086,Allison Miller
1087,Allison Mitchell
1088,Allison Montgomery
1089,Allison Morales
1090,Allison Morgan
1091,Allison Morgan Md
1092,Allison Mullen
1093,Allison Murray
1094,Allison Navarro
1095,Allison Nguyen
1096,Allison Parks
1097,Allison Parsons
1098,Allison Petersen
1099,Allison Rivera
1100,Allison Roberson
1101,Allison Ruiz
1102,Allison Ryan
1103,Allison Sanchez
1104,Allison Scott
1105,Allison Smith
1106,Allison Stone
1107,Allison Sutton
1108,Allison Tran
1109,Allison Villarreal
1110,Allison Warren
1111,Allison Weaver
1112,Allison Williams
1113,Allison Wilson
1114,Allison Wood
1115,Allison Young
1116,Alvin Bell Md
1117,Alvin Guzman
1118,Alvin Lee
1119,Alvin Lloyd
1120,Alvin Mcdowell
1121,Alvin Rodriguez
1122,Alvin Snyder
1123,Alvin Young
1124,Alyssa Alvarez
1125,Alyssa Anderson
1126,Alyssa Bailey
1127,Alyssa Baldwin
1128,Alyssa Benson
1129,Alyssa Bishop
1130,Alyssa Blankenship
1131,Alyssa Booth
1132,Alyssa Boyd
1133,Alyssa Brown
1134,Alyssa Browning
1135,Alyssa Byrd
1136,Alyssa Carr
1137,Alyssa Carter
1138,Alyssa Castro
1139,Alyssa Chen
1140,Alyssa Cook
1141,Alyssa Cooper
1142,Alyssa Cox
1143,Alyssa Cunningham
1144,Alyssa Daugherty
1145,Alyssa Dyer
1146,Alyssa Eaton
1147,Alyssa Edwards
1148,Alyssa Farrell
1149,Alyssa Fischer
1150,Alyssa Frost
1151,Alyssa Garcia
1152,Alyssa George
1153,Alyssa Gomez
1154,Alyssa Griffin
1155,Alyssa Guerra
1156,Alyssa Hall
1157,Alyssa Harmon
1158,Alyssa Hart
1159,Alyssa Henderson
1160,Alyssa Hernandez
1161,Alyssa Huang
1162,Alyssa Johnson Md
1163,Alyssa Lambert
1164,Alyssa Lawrence
1165,Alyssa Lee
1166,Alyssa Lopez
1167,Alyssa Manning
1168,Alyssa Martin
1169,Alyssa Martinez
1170,Alyssa Montgomery
1171,Alyssa Moore
1172,Alyssa Morton Md
1173,Alyssa Navarro
1174,Alyssa Nielsen
1175,Alyssa Perez
1176,Alyssa Powers
1177,Alyssa Randall
1178,Alyssa Rivas
1179,Alyssa Rivera
1180,Alyssa Ross
1181,Alyssa Salazar
1182,Alyssa Schwartz
1183,Alyssa Scott
1184,Alyssa Smith
1185,Alyssa Strong
1186,Alyssa Tapia
1187,Alyssa Torres
1188,Alyssa Turner
1189,Alyssa Walsh
1190,Alyssa Walton
1191,Alyssa Waters
1192,Alyssa Watkins
1193,Alyssa Weaver
1194,Alyssa White
1195,Alyssa Williams
1196,Alyssa Woods
1197,Alyssa Young
1198,Amanda Acosta
1199,Amanda Adams
1200,Amanda Allen
1201,Amanda Alvarado
1202,Amanda Alvarez
1203,Amanda Anderson
1204,Amanda Andrews
1205,Amanda Anthony
1206,Amanda Arnold
1207,Amanda Ashley
1208,Amanda Bailey
1209,Amanda Baker
1210,Amanda Banks
1211,Amanda Barnes
1212,Amanda Barry Md
1213,Amanda Barton
1214,Amanda Bass
1215,Amanda Beck
1216,Amanda Bell
1217,Amanda Beltran
1218,Amanda Bennett
1219,Amanda Bentley
1220,Amanda Bird
1221,Amanda Boyle
1222,Amanda Bradley
1223,Amanda Brady
1224,Amanda Brooks
1225,Amanda Brown
1226,Amanda Bruce
1227,Amanda Bryan
1228,Amanda Buck
1229,Amanda Burgess
1230,Amanda Burns
1231,Amanda Byrd
1232,Amanda Cain
1233,Amanda Callahan
1234,Amanda Cameron
1235,Amanda Carlson
1236,Amanda Carpenter
1237,Amanda Carroll
1238,Amanda Carter
1239,Amanda Chan
1240,Amanda Chang
1241,Amanda Christensen
1242,Amanda Clark
1243,Amanda Clements
1244,Amanda Cole
1245,Amanda Coleman
1246,Amanda Collins
1247,Amanda Cook
1248,Amanda Cooper
1249,Amanda Cox
1250,Amanda Crawford
1251,Amanda Crosby
1252,Amanda Cruz
1253,Amanda Cummings
1254,Amanda Davis
1255,Amanda Deleon
1256,Amanda Dennis
1257,Amanda Dixon
1258,Amanda Dominguez
1259,Amanda Drake
1260,Amanda Duncan
1261,Amanda Edwards
1262,Amanda Elliott
1263,Amanda English
1264,Amanda Erickson
1265,Amanda Farmer Phd
1266,Amanda Faulkner
1267,Amanda Ferguson
1268,Amanda Figueroa
1269,Amanda Finley
1270,Amanda Fisher
1271,Amanda Fletcher
1272,Amanda Flores
1273,Amanda Foster
1274,Amanda Fowler
1275,Amanda Francis
1276,Amanda Frank
1277,Amanda Fry
1278,Amanda Gallegos
1279,Amanda Garcia
1280,Amanda Garcia Dds
1281,Amanda Garrett
1282,Amanda Gibson
1283,Amanda Gilbert
1284,Amanda Gill
1285,Amanda Gillespie
1286,Amanda Golden
1287,Amanda Gomez
1288,Amanda Gonzalez
1289,Amanda Grant
1290,Amanda Graves
1291,Amanda Gray
1292,Amanda Green
1293,Amanda Gregory
1294,Amanda Griffin
1295,Amanda Griffith
1296,Amanda Gross
1297,Amanda Gutierrez
1298,Amanda Hale
1299,Amanda Hall
1300,Amanda Hansen
1301,Amanda Harris
1302,Amanda Harrison
1303,Amanda Hart Md
1304,Amanda Henderson
1305,Amanda Hendrix
1306,Amanda Henry
1307,Amanda Hernandez
1308,Amanda Herrera
1309,Amanda Hill
1310,Amanda Hobbs
1311,Amanda Hodge
1312,Amanda Holland
1313,Amanda Holmes
1314,Amanda Horton
1315,Amanda Howard
1316,Amanda Huynh
1317,Amanda Ingram
1318,Amanda Jackson
1319,Amanda James
1320,Amanda Jarvis
1321,Amanda Jefferson
1322,Amanda Johns
1323,Amanda Johnson
1324,Amanda Johnston
1325,Amanda Jones
1326,Amanda King
1327,Amanda Klein
1328,Amanda Knight
1329,Amanda Knox
1330,Amanda Lang
1331,Amanda Lawson
1332,Amanda Leach
1333,Amanda Lee
1334,Amanda Leonard
1335,Amanda Lester
1336,Amanda Lewis
1337,Amanda Lin
1338,Amanda Little
1339,Amanda Logan
1340,Amanda Lopez
1341,Amanda Love
1342,Amanda Lutz
1343,Amanda Lyons
1344,Amanda Marsh
1345,Amanda Marshall
1346,Amanda Martin
1347,Amanda Martinez
1348,Amanda Massey
1349,Amanda Matthews
1350,Amanda Mayer
1351,Amanda Mccann
1352,Amanda Mccormick
1353,Amanda Mcdaniel
1354,Amanda Mcintyre
1355,Amanda Meadows
1356,Amanda Medina
1357,Amanda Mendoza
1358,Amanda Mercado
1359,Amanda Meza
1360,Amanda Miller
1361,Amanda Mills
1362,Amanda Mitchell
1363,Amanda Molina
1364,Amanda Montgomery
1365,Amanda Montoya Dds
1366,Amanda Moon
1367,Amanda Moore
1368,Amanda Morales
1369,Amanda Morgan
1370,Amanda Morris
1371,Amanda Morrow
1372,Amanda Murray
1373,Amanda Navarro
1374,Amanda Nelson
1375,Amanda Newman
1376,Amanda Newton
1377,Amanda Nguyen
1378,Amanda Nicholson
1379,Amanda Nolan
1380,Amanda Norris
1381,Amanda Nunez
1382,Amanda Obrien
1383,Amanda Oconnor
1384,Amanda Odom
1385,Amanda Orozco
1386,Amanda Orr
1387,Amanda Ortega
1388,Amanda Padilla
1389,Amanda Park
1390,Amanda Parker
1391,Amanda Patel
1392,Amanda Patrick
1393,Amanda Payne
1394,Amanda Peck
1395,Amanda Perez
1396,Amanda Perry
1397,Amanda Petersen
1398,Amanda Peterson
1399,Amanda Pierce
1400,Amanda Pittman
1401,Amanda Poole
1402,Amanda Porter
1403,Amanda Potter
1404,Amanda Powell
1405,Amanda Pratt
1406,Amanda Price
1407,Amanda Ramos
1408,Amanda Reeves
1409,Amanda Reid
1410,Amanda Reynolds
1411,Amanda Richards
1412,Amanda Richardson
1413,Amanda Richardson Md
1414,Amanda Roberts
1415,Amanda Robinson
1416,Amanda Rodgers
1417,Amanda Rodriguez
1418,Amanda Rodriguez Md
1419,Amanda Rojas
1420,Amanda Rose
1421,Amanda Rubio
1422,Amanda Ruiz
1423,Amanda Sanchez
1424,Amanda Santiago
1425,Amanda Shelton
1426,Amanda Silva
1427,Amanda Simmons
1428,Amanda Simpson
1429,Amanda Sims
1430,Amanda Smith
1431,Amanda Spencer
1432,Amanda Stanley
1433,Amanda Stanton
1434,Amanda Stein
1435,Amanda Stephens
1436,Amanda Stephenson
1437,Amanda Stevens
1438,Amanda Stuart
1439,Amanda Sullivan
1440,Amanda Summers
1441,Amanda Taylor
1442,Amanda Thomas
1443,Amanda Thompson
1444,Amanda Todd
1445,Amanda Townsend
1446,Amanda Tran
1447,Amanda Turner
1448,Amanda Valenzuela
1449,Amanda Vang
1450,Amanda Vargas
1451,Amanda Vaughn
1452,Amanda Vazquez
1453,Amanda Wagner
1454,Amanda Walker
1455,Amanda Ward
1456,Amanda Ware
1457,Amanda Watkins
1458,Amanda Watts
1459,Amanda Weaver
1460,Amanda Webb
1461,Amanda Webster
1462,Amanda Wells
1463,Amanda Wheeler
1464,Amanda White
1465,Amanda White Dds
1466,Amanda White Dvm
1467,Amanda Whitney
1468,Amanda Williams
1469,Amanda Wilson
1470,Amanda Wolf
1471,Amanda Wolfe
1472,Amanda Woodward
1473,Amanda Wright
1474,Amanda Yang
1475,Amanda Young
1476,Amanda Zimmerman
1477,Amber Adams
1478,Amber Allen
1479,Amber Anderson
1480,Amber Andrade
1481,Amber Avila
1482,Amber Bailey
1483,Amber Barnes
1484,Amber Barr
1485,Amber Becker
1486,Amber Berry
1487,Amber Bishop
1488,Amber Blair
1489,Amber Blake
1490,Amber Bowen
1491,Amber Bright
1492,Amber Brown
1493,Amber Byrd
1494,Amber Carpenter
1495,Amber Chavez
1496,Amber Choi
1497,Amber Clark Phd
1498,Amber Clayton
1499,Amber Cochran
1500,Amber Cooper
1501,Amber Crosby
1502,Amber Daniels
1503,Amber Davidson
1504,Amber Davis
1505,Amber Dillon
1506,Amber Donaldson
1507,Amber Duncan
1508,Amber Ferguson
1509,Amber Figueroa
1510,Amber Flores
1511,Amber Fox
1512,Amber Frazier
1513,Amber Fuller
1514,Amber Garcia
1515,Amber Gilbert
1516,Amber Gonzalez
1517,Amber Gordon
1518,Amber Graham
1519,Amber Green
1520,Amber Hanson
1521,Amber Hardin
1522,Amber Harding
1523,Amber Harmon
1524,Amber Harrington
1525,Amber Harris
1526,Amber Hart
1527,Amber Hawkins
1528,Amber Hayes
1529,Amber Henderson
1530,Amber Hendrix
1531,Amber Henry
1532,Amber Hernandez
1533,Amber Hill
1534,Amber Holmes
1535,Amber Hughes
1536,Amber Hunter
1537,Amber Ibarra
1538,Amber Ingram
1539,Amber Irwin
1540,Amber Jackson
1541,Amber Jennings
1542,Amber Johnson
1543,Amber Johnson Dds
1544,Amber Johnston
1545,Amber Jones
1546,Amber Juarez
1547,Amber King
1548,Amber Knight
1549,Amber Lee
1550,Amber Lewis
1551,Amber Lopez
1552,Amber Lutz
1553,Amber Malone
1554,Amber Martinez
1555,Amber Mayo
1556,Amber Mays
1557,Amber Mccarthy
1558,Amber Mcgee
1559,Amber Mercado
1560,Amber Montoya
1561,Amber Moody
1562,Amber Moore
1563,Amber Moran
1564,Amber Morris
1565,Amber Morrison
1566,Amber Newman
1567,Amber Nichols
1568,Amber Nielsen
1569,Amber Oliver
1570,Amber Olsen
1571,Amber Ortiz
1572,Amber Payne
1573,Amber Perkins
1574,Amber Perry
1575,Amber Pittman
1576,Amber Price
1577,Amber Ramirez
1578,Amber Randolph
1579,Amber Reed
1580,Amber Reeves
1581,Amber Richards
1582,Amber Rios
1583,Amber Rivera
1584,Amber Robertson
1585,Amber Robinson
1586,Amber Rogers
1587,Amber Roman
1588,Amber Roth
1589,Amber Rush
1590,Amber Sanchez
1591,Amber Sanders
1592,Amber Santos
1593,Amber Schaefer
1594,Amber Scott
1595,Amber Shelton Dds
1596,Amber Sims
1597,Amber Sloan
1598,Amber Small
1599,Amber Smith
1600,Amber Snyder
1601,Amber Stewart
1602,Amber Swanson
1603,Amber Thomas
1604,Amber Torres
1605,Amber Turner
1606,Amber Valdez
1607,Amber Vasquez
1608,Amber Walker
1609,Amber Walton
1610,Amber Wells
1611,Amber West
1612,Amber Wheeler
1613,Amber White
1614,Amber Wilkins
1615,Amber Williams
1616,Amber Wilson
1617,Amber Wood
1618,Amber Woodward
1619,Amber Yang
1620,Amber Zuniga
1621,Amy Allen
1622,Amy Anderson
1623,Amy Andrews
1624,Amy Austin
1625,Amy Avila
1626,Amy Bailey
1627,Amy Barr
1628,Amy Bates
1629,Amy Bautista
1630,Amy Bean
1631,Amy Becker
1632,Amy Bell
1633,Amy Bennett
1634,Amy Bishop
1635,Amy Blanchard
1636,Amy Boyd
1637,Amy Boyer
1638,Amy Brown
1639,Amy Bryant
1640,Amy Buchanan
1641,Amy Bullock
1642,Amy Burke
1643,Amy Burns
1644,Amy Cain
1645,Amy Caldwell
1646,Amy Cameron
1647,Amy Carlson
1648,Amy Carpenter
1649,Amy Castillo
1650,Amy Castillo Phd
1651,Amy Castro
1652,Amy Chaney
1653,Amy Charles
1654,Amy Chase
1655,Amy Chavez
1656,Amy Clark
1657,Amy Clarke
1658,Amy Cline
1659,Amy Cobb
1660,Amy Cochran
1661,Amy Cole
1662,Amy Collins
1663,Amy Conner
1664,Amy Contreras
1665,Amy Cook
1666,Amy Cooley
1667,Amy Cox
1668,Amy Crane
1669,Amy Cross
1670,Amy Cruz
1671,Amy Daniels
1672,Amy Daugherty
1673,Amy Davenport
1674,Amy Davis
1675,Amy Dawson
1676,Amy Delgado
1677,Amy Diaz
1678,Amy Donovan
1679,Amy Doyle
1680,Amy Dunn
1681,Amy Elliott
1682,Amy Espinoza
1683,Amy Estes
1684,Amy Evans
1685,Amy Everett
1686,Amy Farley
1687,Amy Farmer
1688,Amy Farrell
1689,Amy Fernandez
1690,Amy Fields
1691,Amy Fletcher
1692,Amy Flores
1693,Amy Ford
1694,Amy Fox
1695,Amy Francis Md
1696,Amy Frost
1697,Amy Garcia
1698,Amy Gay
1699,Amy George
1700,Amy Giles
1701,Amy Gillespie
1702,Amy Glenn
1703,Amy Gonzales
1704,Amy Gonzalez
1705,Amy Gray
1706,Amy Green
1707,Amy Greer
1708,Amy Gregory
1709,Amy Guerrero
1710,Amy Guzman
1711,Amy Hahn
1712,Amy Hall
1713,Amy Hamilton
1714,Amy Hansen
1715,Amy Harris
1716,Amy Harrison
1717,Amy Hawkins
1718,Amy Hays
1719,Amy Herman
1720,Amy Hernandez
1721,Amy Hill
1722,Amy Hodges
1723,Amy Holden
1724,Amy Holland
1725,Amy Holloway
1726,Amy Holmes
1727,Amy Hoover
1728,Amy Hopkins
1729,Amy Hughes
1730,Amy Jackson
1731,Amy Jimenez
1732,Amy Johnson
1733,Amy Jones
1734,Amy Joseph
1735,Amy Keith
1736,Amy Kelley
1737,Amy Kelly
1738,Amy Kemp
1739,Amy Kennedy
1740,Amy Kidd
1741,Amy Lee
1742,Amy Leonard
1743,Amy Lewis
1744,Amy Li
1745,Amy Lopez
1746,Amy Luna
1747,Amy Macdonald
1748,Amy Martin
1749,Amy Martinez
1750,Amy Mcbride
1751,Amy Mccarthy
1752,Amy Mccormick
1753,Amy Mccullough
1754,Amy Mcdonald
1755,Amy Mcdonald Dvm
1756,Amy Mcfarland
1757,Amy Melendez
1758,Amy Mendez
1759,Amy Meza
1760,Amy Miles
1761,Amy Miller
1762,Amy Mooney
1763,Amy Moore
1764,Amy Moran
1765,Amy Morgan
1766,Amy Morris
1767,Amy Murillo
1768,Amy Murphy
1769,Amy Murray
1770,Amy Myers
1771,Amy Navarro
1772,Amy Nelson
1773,Amy Nguyen
1774,Amy Nunez
1775,Amy Obrien
1776,Amy Oconnor
1777,Amy Olsen
1778,Amy Olson
1779,Amy Orozco
1780,Amy Ortiz
1781,Amy Osborn
1782,Amy Owens
1783,Amy Palmer
1784,Amy Patel
1785,Amy Patterson
1786,Amy Patton
1787,Amy Pearson
1788,Amy Pena
1789,Amy Perez
1790,Amy Perry
1791,Amy Petersen
1792,Amy Peterson
1793,Amy Phillips
1794,Amy Pollard
1795,Amy Pope
1796,Amy Powell
1797,Amy Ramirez
1798,Amy Randolph
1799,Amy Ray
1800,Amy Reyes
1801,Amy Riggs
1802,Amy Rivera
1803,Amy Rivers
1804,Amy Roach
1805,Amy Roberts
1806,Amy Robertson
1807,Amy Robinson
1808,Amy Rodriguez
1809,Amy Rojas
1810,Amy Rollins
1811,Amy Ross
1812,Amy Russell
1813,Amy Sanders
1814,Amy Santana
1815,Amy Scott
1816,Amy Shannon
1817,Amy Shelton
1818,Amy Simmons
1819,Amy Small
1820,Amy Smith
1821,Amy Spencer
1822,Amy Stafford
1823,Amy Stein
1824,Amy Stevenson
1825,Amy Stewart
1826,Amy Stone
1827,Amy Stone Md
1828,Amy Sullivan
1829,Amy Sweeney
1830,Amy Tate
1831,Amy Taylor
1832,Amy Thomas
1833,Amy Thompson
1834,Amy Torres
1835,Amy Turner
1836,Amy Tyler
1837,Amy Vargas
1838,Amy Vazquez
1839,Amy Wallace
1840,Amy Walter
1841,Amy Ward
1842,Amy Warner
1843,Amy Weber
1844,Amy Wells
1845,Amy White
1846,Amy Wilkinson
1847,Amy Williams
1848,Amy Willis
1849,Amy Wilson
1850,Amy Wise
1851,Amy Wood
1852,Amy Woodard
1853,Amy Woodward
1854,Amy Wright
1855,Amy Wu
1856,Amy York
1857,Amy Young
1858,Amy Zamora
1859,Ana Adkins
1860,Ana Bradley
1861,Ana Campbell
1862,Ana Carter
1863,Ana Cooper
1864,Ana Fitzgerald
1865,Ana Franklin
1866,Ana Jackson
1867,Ana Johnson
1868,Ana Morales
1869,Ana Morgan
1870,Ana Navarro
1871,Ana Nolan
1872,Ana Pope
1873,Ana Potter
1874,Ana Rivera
1875,Ana Rogers
1876,Ana Russo
1877,Ana Ryan
1878,Ana Thomas
1879,Ana Vincent
1880,Ana Warren
1881,Ana Williams
1882,Andre Benson
1883,Andre Bird
1884,Andre Brown
1885,Andre Collier
1886,Andre Day
1887,Andre Frost
1888,Andre Green
1889,Andre Hall
1890,Andre Hernandez
1891,Andre Jenkins Md
1892,Andre Johnson
1893,Andre Kim
1894,Andre Love
1895,Andre Mcconnell
1896,Andre Mills
1897,Andre Moore
1898,Andre Morris
1899,Andre Myers
1900,Andre Nicholson
1901,Andre Oliver
1902,Andre Peterson
1903,Andre Price
1904,Andre Rodriguez
1905,Andre Rogers
1906,Andre Scott
1907,Andre Solomon Md
1908,Andre Spencer
1909,Andre Villa
1910,Andre Ward
1911,Andre Watkins
1912,Andre Watson
1913,Andre White
1914,Andre Williams
1915,Andre Wise
1916,Andre Young
1917,Andrea Andrade
1918,Andrea Atkins
1919,Andrea Baird
1920,Andrea Ball
1921,Andrea Barnes
1922,Andrea Bishop
1923,Andrea Boyd
1924,Andrea Brooks
1925,Andrea Brown
1926,Andrea Browning
1927,Andrea Calderon
1928,Andrea Campbell
1929,Andrea Cantu
1930,Andrea Carr
1931,Andrea Chambers
1932,Andrea Chandler
1933,Andrea Chapman
1934,Andrea Clark
1935,Andrea Compton
1936,Andrea Cooper
1937,Andrea Copeland
1938,Andrea Cordova
1939,Andrea Cunningham
1940,Andrea Davis
1941,Andrea Dixon
1942,Andrea Dodson
1943,Andrea Donaldson
1944,Andrea Edwards
1945,Andrea Ellis
1946,Andrea Escobar Md
1947,Andrea Fernandez
1948,Andrea Fields
1949,Andrea Fisher
1950,Andrea Gaines
1951,Andrea Giles
1952,Andrea Glenn
1953,Andrea Gonzales
1954,Andrea Gonzalez
1955,Andrea Gordon
1956,Andrea Gutierrez
1957,Andrea Hall
1958,Andrea Hamilton
1959,Andrea Hansen
1960,Andrea Harris
1961,Andrea Harvey
1962,Andrea Hawkins
1963,Andrea Haynes
1964,Andrea Hernandez
1965,Andrea Hill
1966,Andrea Howell
1967,Andrea Hudson
1968,Andrea Hughes
1969,Andrea Jackson
1970,Andrea Jenkins
1971,Andrea Jensen
1972,Andrea Johns
1973,Andrea Johnson
1974,Andrea Jones
1975,Andrea Jordan
1976,Andrea Keller
1977,Andrea Kelly
1978,Andrea King
1979,Andrea Kirby
1980,Andrea Lane
1981,Andrea Larson
1982,Andrea Lee
1983,Andrea Lewis
1984,Andrea Lewis Md
1985,Andrea Long
1986,Andrea Lopez
1987,Andrea Malone
1988,Andrea Mason
1989,Andrea Matthews
1990,Andrea May
1991,Andrea Miller
1992,Andrea Mills
1993,Andrea Mitchell
1994,Andrea Moore
1995,Andrea Myers
1996,Andrea Nguyen
1997,Andrea Noble
1998,Andrea Norris
1999,Andrea Norton
2000,Andrea Obrien
2001,Andrea Odonnell
2002,Andrea Oneal
2003,Andrea Palmer
2004,Andrea Patel
2005,Andrea Payne
2006,Andrea Perry
2007,Andrea Pineda
2008,Andrea Pittman
2009,Andrea Powell
2010,Andrea Pratt Dvm
2011,Andrea Reeves
2012,Andrea Roach
2013,Andrea Roberts
2014,Andrea Robinson
2015,Andrea Rodgers
2016,Andrea Rodriguez
2017,Andrea Rodriguez Md
2018,Andrea Ross
2019,Andrea Santos
2020,Andrea Scott
2021,Andrea Shah
2022,Andrea Sharp
2023,Andrea Shepard
2024,Andrea Simpson
2025,Andrea Stewart
2026,Andrea Sullivan
2027,Andrea Sweeney
2028,Andrea Taylor
2029,Andrea Thomas
2030,Andrea Vazquez
2031,Andrea Vincent
2032,Andrea Wagner
2033,Andrea Walsh
2034,Andrea Watts
2035,Andrea West
2036,Andrea White
2037,Andrea Wiley
2038,Andrea Williams
2039,Andrea Wilson
2040,Andrea Wood
2041,Andrea Yang
2042,Andres Carter
2043,Andres Diaz
2044,Andres Gallegos
2045,Andres Morgan
2046,Andres Reynolds
2047,Andres Warner
2048,Andrew Adams
2049,Andrew Aguilar
2050,Andrew Ali
2051,Andrew Allen
2052,Andrew Alvarez
2053,Andrew Anderson
2054,Andrew Andrews
2055,Andrew Bailey
2056,Andrew Baldwin
2057,Andrew Barber
2058,Andrew Barnett
2059,Andrew Barron
2060,Andrew Bell
2061,Andrew Bernard
2062,Andrew Bishop
2063,Andrew Blackburn
2064,Andrew Booker
2065,Andrew Booth
2066,Andrew Boyd
2067,Andrew Boyle
2068,Andrew Brooks
2069,Andrew Brown
2070,Andrew Bryant
2071,Andrew Bush
2072,Andrew Butler
2073,Andrew Camacho
2074,Andrew Carpenter
2075,Andrew Castillo
2076,Andrew Clark
2077,Andrew Cline
2078,Andrew Cole
2079,Andrew Collins
2080,Andrew Colon
2081,Andrew Conley
2082,Andrew Conner
2083,Andrew Cowan
2084,Andrew Cox
2085,Andrew Cruz
2086,Andrew Cunningham
2087,Andrew Daniels
2088,Andrew Davis
2089,Andrew Dean
2090,Andrew Deleon
2091,Andrew Delgado
2092,Andrew Dickson
2093,Andrew Donaldson
2094,Andrew Doyle
2095,Andrew Eaton
2096,Andrew Edwards
2097,Andrew Elliott
2098,Andrew Ellis
2099,Andrew English
2100,Andrew Erickson
2101,Andrew Farrell
2102,Andrew Fisher
2103,Andrew Flores
2104,Andrew Forbes
2105,Andrew Ford
2106,Andrew Franco
2107,Andrew Frazier
2108,Andrew Frederick
2109,Andrew Friedman
2110,Andrew Gallegos
2111,Andrew Garcia
2112,Andrew Gardner
2113,Andrew Gonzalez
2114,Andrew Graham
2115,Andrew Grant
2116,Andrew Gray
2117,Andrew Green
2118,Andrew Gregory
2119,Andrew Griffin
2120,Andrew Hall
2121,Andrew Hamilton
2122,Andrew Hanson
2123,Andrew Harper
2124,Andrew Harrington
2125,Andrew Harris
2126,Andrew Hawkins
2127,Andrew Henderson
2128,Andrew Hernandez
2129,Andrew Hill
2130,Andrew Hinton
2131,Andrew Holder
2132,Andrew Holland
2133,Andrew Holmes
2134,Andrew Hooper
2135,Andrew Horton
2136,Andrew Howard
2137,Andrew Hubbard Dvm
2138,Andrew Huerta
2139,Andrew Jackson
2140,Andrew James
2141,Andrew Jefferson
2142,Andrew Jenkins
2143,Andrew Johns
2144,Andrew Johnson
2145,Andrew Johnston
2146,Andrew Jones
2147,Andrew Jordan
2148,Andrew Kaiser
2149,Andrew Kim
2150,Andrew King
2151,Andrew Landry
2152,Andrew Lawson
2153,Andrew Lewis
2154,Andrew Lloyd
2155,Andrew Logan
2156,Andrew Lopez
2157,Andrew Lynch
2158,Andrew Macias
2159,Andrew Martin
2160,Andrew Martinez
2161,Andrew Mason
2162,Andrew Massey
2163,Andrew Matthews
2164,Andrew Mclaughlin
2165,Andrew Melendez
2166,Andrew Meyers
2167,Andrew Miller
2168,Andrew Mitchell
2169,Andrew Monroe
2170,Andrew Mooney
2171,Andrew Moore
2172,Andrew Morales
2173,Andrew Morgan
2174,Andrew Morris
2175,Andrew Munoz
2176,Andrew Murray
2177,Andrew Neal
2178,Andrew Nelson
2179,Andrew Newman
2180,Andrew Newton
2181,Andrew Nguyen
2182,Andrew Nielsen
2183,Andrew Nolan
2184,Andrew Norman
2185,Andrew Obrien
2186,Andrew Oconnell
2187,Andrew Olson
2188,Andrew Oneill
2189,Andrew Orozco
2190,Andrew Orr
2191,Andrew Ortiz
2192,Andrew Owens
2193,Andrew Page
2194,Andrew Parker Iii
2195,Andrew Parks
2196,Andrew Patterson
2197,Andrew Payne
2198,Andrew Pearson
2199,Andrew Pena
2200,Andrew Perez
2201,Andrew Peters
2202,Andrew Peterson
2203,Andrew Phillips
2204,Andrew Preston
2205,Andrew Price
2206,Andrew Ramos
2207,Andrew Ramsey
2208,Andrew Rangel
2209,Andrew Raymond
2210,Andrew Reyes
2211,Andrew Rhodes
2212,Andrew Rich
2213,Andrew Richard
2214,Andrew Richards
2215,Andrew Riddle
2216,Andrew Riley
2217,Andrew Rivas
2218,Andrew Rivera
2219,Andrew Robbins
2220,Andrew Robinson
2221,Andrew Rodriguez
2222,Andrew Rogers
2223,Andrew Romero
2224,Andrew Rosales
2225,Andrew Rose
2226,Andrew Ruiz
2227,Andrew Sanchez
2228,Andrew Sanders
2229,Andrew Santana
2230,Andrew Schmidt
2231,Andrew Serrano
2232,Andrew Shaw
2233,Andrew Shelton
2234,Andrew Shepard
2235,Andrew Sherman
2236,Andrew Simpson
2237,Andrew Singh
2238,Andrew Small
2239,Andrew Smith
2240,Andrew Sparks
2241,Andrew Spencer
2242,Andrew Stephens
2243,Andrew Stevenson
2244,Andrew Stewart
2245,Andrew Stone
2246,Andrew Stout Dds
2247,Andrew Suarez
2248,Andrew Summers
2249,Andrew Tapia
2250,Andrew Taylor
2251,Andrew Terry
2252,Andrew Thomas
2253,Andrew Torres
2254,Andrew Tucker
2255,Andrew Turner
2256,Andrew Vasquez
2257,Andrew Velazquez
2258,Andrew Villa
2259,Andrew Villanueva
2260,Andrew Wade
2261,Andrew Walker
2262,Andrew Wall
2263,Andrew Walsh
2264,Andrew Ware
2265,Andrew Watson
2266,Andrew Werner
2267,Andrew West
2268,Andrew Whitehead
2269,Andrew Wiggins
2270,Andrew Williams
2271,Andrew Williamson
2272,Andrew Wilson
2273,Andrew Wood Jr.
2274,Andrew Woods
2275,Andrew Wright
2276,Andrew Young
2277,Angel Allen
2278,Angel Alvarado
2279,Angel Anderson
2280,Angel Brewer
2281,Angel Brown
2282,Angel Cameron
2283,Angel Chang
2284,Angel Clark
2285,Angel Compton
2286,Angel Cook
2287,Angel Davies
2288,Angel Davis
2289,Angel Day
2290,Angel Erickson
2291,Angel Ford
2292,Angel Franklin
2293,Angel Gonzalez
2294,Angel Guerrero
2295,Angel Hall
2296,Angel Hart
2297,Angel Hawkins
2298,Angel Henderson
2299,Angel Hoffman
2300,Angel Johnson
2301,Angel Jones
2302,Angel Larsen
2303,Angel Lewis
2304,Angel Mason
2305,Angel Mejia
2306,Angel Moore
2307,Angel Morgan
2308,Angel Morrow
2309,Angel Murphy
2310,Angel Myers
2311,Angel Nixon
2312,Angel Novak
2313,Angel Ortiz
2314,Angel Peck
2315,Angel Price
2316,Angel Ramirez
2317,Angel Reynolds
2318,Angel Robbins
2319,Angel Robertson
2320,Angel Sanchez
2321,Angel Shields
2322,Angel Smith
2323,Angel Spears
2324,Angel Strickland
2325,Angel Tate
2326,Angel Webb
2327,Angel Williams
2328,Angel Wright
2329,Angel Yang
2330,Angela Alexander
2331,Angela Allen
2332,Angela Allison
2333,Angela Anderson
2334,Angela Armstrong
2335,Angela Atkinson
2336,Angela Bailey
2337,Angela Baker
2338,Angela Baldwin
2339,Angela Barker
2340,Angela Barnes
2341,Angela Best
2342,Angela Blankenship
2343,Angela Bolton
2344,Angela Boyer Md
2345,Angela Boyle
2346,Angela Braun
2347,Angela Brown
2348,Angela Bryant
2349,Angela Bullock
2350,Angela Burton
2351,Angela Butler
2352,Angela Campbell
2353,Angela Carlson
2354,Angela Carter
2355,Angela Casey
2356,Angela Castro
2357,Angela Charles
2358,Angela Chavez
2359,Angela Chung
2360,Angela Clayton
2361,Angela Cochran
2362,Angela Cole
2363,Angela Collier
2364,Angela Collins
2365,Angela Conley
2366,Angela Contreras
2367,Angela Cook
2368,Angela Cooper
2369,Angela Cowan
2370,Angela Cox
2371,Angela Cuevas
2372,Angela Cummings
2373,Angela Cunningham
2374,Angela Curry
2375,Angela Curtis
2376,Angela David
2377,Angela Davidson
2378,Angela Davies
2379,Angela Davis
2380,Angela Day
2381,Angela Dixon
2382,Angela Douglas
2383,Angela Dunn
2384,Angela Elliott
2385,Angela Estes
2386,Angela Evans
2387,Angela Farmer
2388,Angela Ferguson
2389,Angela Fields
2390,Angela Fleming
2391,Angela Flynn
2392,Angela Ford
2393,Angela Foster
2394,Angela Fowler
2395,Angela Franco
2396,Angela Fuller
2397,Angela Galvan
2398,Angela Garcia
2399,Angela Garrett
2400,Angela Garza
2401,Angela Gibson
2402,Angela Glenn
2403,Angela Gonzales
2404,Angela Gonzalez
2405,Angela Goodwin
2406,Angela Grant
2407,Angela Graves
2408,Angela Gray
2409,Angela Greene
2410,Angela Greer
2411,Angela Guerrero
2412,Angela Gutierrez
2413,Angela Haley
2414,Angela Harmon
2415,Angela Harper
2416,Angela Harrington
2417,Angela Harris
2418,Angela Hartman
2419,Angela Hayes
2420,Angela Haynes
2421,Angela Hernandez
2422,Angela Herrera
2423,Angela Hodges
2424,Angela Hoffman
2425,Angela Holt
2426,Angela Hood
2427,Angela Hughes
2428,Angela Huynh
2429,Angela Jackson
2430,Angela James
2431,Angela Jenkins
2432,Angela Johnson
2433,Angela Jones
2434,Angela Jordan
2435,Angela Kaiser
2436,Angela Kelly
2437,Angela Kennedy
2438,Angela King
2439,Angela Klein
2440,Angela Knight
2441,Angela Lane
2442,Angela Lara
2443,Angela Larson
2444,Angela Lawson
2445,Angela Le
2446,Angela Lee
2447,Angela Lewis
2448,Angela Lindsey
2449,Angela Logan Md
2450,Angela Long
2451,Angela Lucas
2452,Angela Mahoney
2453,Angela Massey
2454,Angela Mathis
2455,Angela May
2456,Angela Mccormick
2457,Angela Mcdonald
2458,Angela Mcgee
2459,Angela Mcintyre
2460,Angela Melton
2461,Angela Mercado
2462,Angela Miller
2463,Angela Mitchell
2464,Angela Moore
2465,Angela Morales
2466,Angela Moreno
2467,Angela Morris
2468,Angela Moss
2469,Angela Munoz
2470,Angela Murphy
2471,Angela Nelson
2472,Angela Nguyen
2473,Angela Obrien
2474,Angela Odonnell
2475,Angela Olson
2476,Angela Ortega
2477,Angela Parker
2478,Angela Parrish
2479,Angela Patterson Phd
2480,Angela Payne
2481,Angela Pham
2482,Angela Phillips
2483,Angela Pittman
2484,Angela Pitts
2485,Angela Price
2486,Angela Quinn
2487,Angela Ramirez
2488,Angela Randall
2489,Angela Raymond
2490,Angela Reed
2491,Angela Reeves
2492,Angela Reyes
2493,Angela Richard
2494,Angela Richmond
2495,Angela Riley
2496,Angela Rios
2497,Angela Rivera
2498,Angela Roberts
2499,Angela Robertson
2500,Angela Robinson
2501,Angela Rodriguez
2502,Angela Rogers
2503,Angela Roman
2504,Angela Rose
2505,Angela Roy
2506,Angela Ruiz
2507,Angela Salazar
2508,Angela Salinas
2509,Angela Sanchez
2510,Angela Sanders
2511,Angela Santos
2512,Angela Schwartz
2513,Angela Simon
2514,Angela Singleton
2515,Angela Smith
2516,Angela Sosa
2517,Angela Steele
2518,Angela Stephens
2519,Angela Stevens
2520,Angela Stone
2521,Angela Strong
2522,Angela Sullivan
2523,Angela Sutton
2524,Angela Sweeney
2525,Angela Taylor
2526,Angela Thomas
2527,Angela Thompson
2528,Angela Tran
2529,Angela Tucker
2530,Angela Turner
2531,Angela Turner Md
2532,Angela Vasquez
2533,Angela Vaughn
2534,Angela Vega
2535,Angela Velazquez
2536,Angela Villanueva
2537,Angela Wall
2538,Angela Wallace
2539,Angela Waller
2540,Angela Warren
2541,Angela Washington
2542,Angela Weaver Md
2543,Angela Wheeler
2544,Angela White
2545,Angela Williams
2546,Angela Williamson
2547,Angela Wilson
2548,Angela Woods
2549,Angela Wright
2550,Angela Wyatt
2551,Angela Young
2552,Angelica Baker
2553,Angelica Barron Dds
2554,Angelica Baxter
2555,Angelica Brown
2556,Angelica Chase
2557,Angelica Chavez
2558,Angelica Cooper
2559,Angelica Crawford
2560,Angelica Davis
2561,Angelica Diaz
2562,Angelica Gardner
2563,Angelica Jacobs
2564,Angelica Joseph
2565,Angelica Kennedy
2566,Angelica Lambert
2567,Angelica Lopez
2568,Angelica Marks
2569,Angelica Mcclure
2570,Angelica Mullins
2571,Angelica Rojas
2572,Angelica Sanchez
2573,Angelica Schmidt
2574,Angelica Shields
2575,Angelica Stewart
2576,Angelica Washington
2577,Angelica Zhang
2578,Angie Baker
2579,Angie Bush
2580,Angie Chan
2581,Angie Clarke
2582,Angie Price
2583,Angie Reeves
2584,Angie Rodriguez
2585,Angie Smith
2586,Angie Watson
2587,Anita Blake
2588,Anita Campbell
2589,Anita Clay
2590,Anita Craig
2591,Anita Davis
2592,Anita Diaz
2593,Anita Garcia
2594,Anita Gardner
2595,Anita Henderson
2596,Anita Johnson
2597,Anita King
2598,Anita Lang
2599,Anita Lopez
2600,Anita Lopez Md
2601,Anita Meza
2602,Anita Miller
2603,Anita Mitchell
2604,Anita Olson
2605,Anita Ortega
2606,Anita Owen
2607,Anita Parks
2608,Anita Parrish
2609,Anita Perez
2610,Anita Peterson
2611,Anita Ramos
2612,Anita Roberson
2613,Anita Roman
2614,Anita Rosario
2615,Anita Rose
2616,Anita Scott
2617,Anita Short
2618,Anita Smith
2619,Anita Sweeney
2620,Anita Tate
2621,Anita Wood
2622,Ann Alvarez
2623,Ann Baldwin
2624,Ann Bell
2625,Ann Brennan
2626,Ann Brown
2627,Ann Butler
2628,Ann Carrillo
2629,Ann Casey
2630,Ann Castro
2631,Ann Chapman
2632,Ann Clark
2633,Ann Cox
2634,Ann Garner
2635,Ann Gilbert
2636,Ann Green
2637,Ann Haley
2638,Ann Hall
2639,Ann Hernandez
2640,Ann Herring
2641,Ann Higgins
2642,Ann Howard
2643,Ann Jackson
2644,Ann Johnson
2645,Ann Johnston
2646,Ann Kelly
2647,Ann Kemp
2648,Ann Larson
2649,Ann Leblanc
2650,Ann Lynn
2651,Ann Lyons
2652,Ann Mann
2653,Ann Martin
2654,Ann Martinez
2655,Ann Massey
2656,Ann Miller
2657,Ann Morris
2658,Ann Page
2659,Ann Payne
2660,Ann Perez
2661,Ann Preston
2662,Ann Quinn
2663,Ann Reyes
2664,Ann Rodriguez
2665,Ann Romero
2666,Ann Rose
2667,Ann Ross
2668,Ann Scott
2669,Ann Sheppard
2670,Ann Smith
2671,Ann Solomon
2672,Ann Stone
2673,Ann Strong
2674,Ann Thomas
2675,Ann Trujillo
2676,Ann Turner
2677,Ann Wallace
2678,Ann Washington
2679,Ann Watkins
2680,Ann White
2681,Ann Young
2682,Ann Zuniga
2683,Anna Allen
2684,Anna Arnold
2685,Anna Atkinson
2686,Anna Avila
2687,Anna Barr
2688,Anna Bell
2689,Anna Bowman
2690,Anna Bradshaw
2691,Anna Brown
2692,Anna Buckley
2693,Anna Caldwell
2694,Anna Cantu
2695,Anna Chang
2696,Anna Chapman
2697,Anna Chavez
2698,Anna Cooper
2699,Anna Crane
2700,Anna Cruz
2701,Anna Cunningham
2702,Anna Daniels Md
2703,Anna Davila
2704,Anna Edwards
2705,Anna Ellison
2706,Anna Espinoza
2707,Anna Evans
2708,Anna Fleming
2709,Anna Flores
2710,Anna Friedman
2711,Anna Gallagher
2712,Anna Garcia
2713,Anna Garrett
2714,Anna Gates
2715,Anna Gonzalez
2716,Anna Gordon
2717,Anna Gould
2718,Anna Graham
2719,Anna Hall
2720,Anna Harding
2721,Anna Hartman
2722,Anna Hernandez
2723,Anna Hill
2724,Anna Horton
2725,Anna Howard
2726,Anna Humphrey
2727,Anna Jackson
2728,Anna Jimenez
2729,Anna Johnson
2730,Anna Jones
2731,Anna Keith
2732,Anna Kennedy
2733,Anna Lam
2734,Anna Lee
2735,Anna Lindsey
2736,Anna Martinez
2737,Anna Matthews
2738,Anna Mcintosh
2739,Anna Melton
2740,Anna Mendoza
2741,Anna Meza
2742,Anna Miller
2743,Anna Molina
2744,Anna Moody
2745,Anna Moore
2746,Anna Murray
2747,Anna Nicholson
2748,Anna Owen
2749,Anna Palmer
2750,Anna Parsons
2751,Anna Perez
2752,Anna Reyes
2753,Anna Rhodes
2754,Anna Robinson
2755,Anna Rodriguez
2756,Anna Rose
2757,Anna Schmidt
2758,Anna Serrano
2759,Anna Shepherd
2760,Anna Silva
2761,Anna Simon
2762,Anna Smith
2763,Anna Sosa
2764,Anna Stephens
2765,Anna Strong
2766,Anna Summers
2767,Anna Swanson
2768,Anna Tanner
2769,Anna Taylor
2770,Anna Thomas
2771,Anna Thompson
2772,Anna Torres
2773,Anna Tucker
2774,Anna Valdez
2775,Anna Vazquez
2776,Anna Wagner
2777,Anna Ward
2778,Anna Washington
2779,Anna Watson
2780,Anna Webb
2781,Anna Weber
2782,Anna Wright
2783,Anna Wu
2784,Anne Adams
2785,Anne Alvarado
2786,Anne Alvarez
2787,Anne Arnold
2788,Anne Castro
2789,Anne Clayton
2790,Anne Cline
2791,Anne Collins
2792,Anne Franco
2793,Anne Garcia
2794,Anne Greene
2795,Anne Hansen
2796,Anne Hughes
2797,Anne Jacobs
2798,Anne Johnson
2799,Anne Jones
2800,Anne Lee
2801,Anne Lopez
2802,Anne Malone
2803,Anne Martin
2804,Anne Meadows
2805,Anne Miller
2806,Anne Mitchell
2807,Anne Moore
2808,Anne Moreno
2809,Anne Morris
2810,Anne Murphy
2811,Anne Nichols
2812,Anne Park
2813,Anne Perez
2814,Anne Perry
2815,Anne Petersen
2816,Anne Ray
2817,Anne Rice
2818,Anne Smith
2819,Anne Taylor
2820,Anne Thomas
2821,Anne Williams
2822,Annette Bowman
2823,Annette Brewer
2824,Annette Bryant
2825,Annette Campbell
2826,Annette Cox
2827,Annette Craig
2828,Annette Dean
2829,Annette Douglas
2830,Annette Duncan
2831,Annette Espinoza
2832,Annette Francis
2833,Annette Garcia
2834,Annette Gomez
2835,Annette Gould
2836,Annette Green
2837,Annette Gutierrez
2838,Annette Guzman
2839,Annette Hall
2840,Annette Heath
2841,Annette Hoffman
2842,Annette Holland
2843,Annette Holt
2844,Annette Johnson
2845,Annette Lee
2846,Annette Lyons
2847,Annette Martin
2848,Annette Martinez
2849,Annette Mills
2850,Annette Moran
2851,Annette Pace
2852,Annette Palmer
2853,Annette Parker
2854,Annette Patterson
2855,Annette Pittman
2856,Annette Powell
2857,Annette Ramirez
2858,Annette Rogers
2859,Annette Rush
2860,Annette Santana
2861,Annette Schaefer
2862,Annette Smith
2863,Annette Sparks
2864,Annette Suarez
2865,Annette Taylor
2866,Annette Walters
2867,Annette Watts
2868,Annette Williams
2869,Annette Woods
2870,Anthony Abbott
2871,Anthony Aguilar
2872,Anthony Alexander
2873,Anthony Allen
2874,Anthony Alvarado
2875,Anthony Alvarez
2876,Anthony Anderson
2877,Anthony Arellano
2878,Anthony Arnold
2879,Anthony Atkins
2880,Anthony Bailey
2881,Anthony Baker
2882,Anthony Baldwin
2883,Anthony Barnes
2884,Anthony Bass
2885,Anthony Bell
2886,Anthony Bishop
2887,Anthony Black
2888,Anthony Blackwell
2889,Anthony Bradley
2890,Anthony Bray
2891,Anthony Brooks
2892,Anthony Brown
2893,Anthony Bruce
2894,Anthony Burgess
2895,Anthony Butler
2896,Anthony Calderon
2897,Anthony Carey
2898,Anthony Carlson
2899,Anthony Carter
2900,Anthony Carter Md
2901,Anthony Casey
2902,Anthony Castillo
2903,Anthony Charles
2904,Anthony Chavez
2905,Anthony Choi
2906,Anthony Cisneros
2907,Anthony Clark
2908,Anthony Cohen
2909,Anthony Cole
2910,Anthony Collins
2911,Anthony Cortez
2912,Anthony Crane
2913,Anthony Cruz
2914,Anthony Cunningham
2915,Anthony Curtis
2916,Anthony Daniels
2917,Anthony Davenport
2918,Anthony Davis
2919,Anthony Dawson
2920,Anthony Day
2921,Anthony Deleon
2922,Anthony Dennis
2923,Anthony Donaldson
2924,Anthony Donovan
2925,Anthony Dunlap
2926,Anthony Ellis
2927,Anthony Estrada
2928,Anthony Flores
2929,Anthony Floyd
2930,Anthony Foster
2931,Anthony Fowler
2932,Anthony Fowler Md
2933,Anthony Fox
2934,Anthony Freeman
2935,Anthony Friedman
2936,Anthony Fritz
2937,Anthony Gaines
2938,Anthony Gallegos
2939,Anthony Garcia
2940,Anthony Garrett
2941,Anthony Gonzales
2942,Anthony Graves
2943,Anthony Gray
2944,Anthony Green
2945,Anthony Greer
2946,Anthony Gregory
2947,Anthony Guerra
2948,Anthony Hale
2949,Anthony Hall
2950,Anthony Hamilton
2951,Anthony Hammond
2952,Anthony Hampton
2953,Anthony Harrison
2954,Anthony Hatfield
2955,Anthony Hawkins
2956,Anthony Hayes
2957,Anthony Henry
2958,Anthony Hernandez
2959,Anthony Herrera
2960,Anthony Higgins
2961,Anthony Hill
2962,Anthony Hinton
2963,Anthony Hobbs
2964,Anthony Hogan
2965,Anthony Holmes
2966,Anthony Hooper
2967,Anthony Horne
2968,Anthony Houston
2969,Anthony Howell
2970,Anthony Hubbard
2971,Anthony Huff
2972,Anthony Humphrey
2973,Anthony Hunt
2974,Anthony Hunter
2975,Anthony Jackson
2976,Anthony James
2977,Anthony Jarvis
2978,Anthony Jenkins
2979,Anthony Jensen
2980,Anthony Johnson
2981,Anthony Johnson Phd
2982,Anthony Jones
2983,Anthony Joseph
2984,Anthony Kelley
2985,Anthony Kelly
2986,Anthony Kennedy
2987,Anthony Kim
2988,Anthony King
2989,Anthony Kirk
2990,Anthony Knapp
2991,Anthony Kramer
2992,Anthony Lam
2993,Anthony Lopez
2994,Anthony Lowe
2995,Anthony Lucas
2996,Anthony Luna
2997,Anthony Malone
2998,Anthony Marshall
2999,Anthony Martin
3000,Anthony Martinez
3001,Anthony Mcclain
3002,Anthony Mccullough
3003,Anthony Mcintyre
3004,Anthony Mcmillan
3005,Anthony Mejia
3006,Anthony Mendez
3007,Anthony Mendoza
3008,Anthony Meyer
3009,Anthony Meza
3010,Anthony Middleton
3011,Anthony Miller
3012,Anthony Mills
3013,Anthony Mitchell
3014,Anthony Montgomery
3015,Anthony Moore
3016,Anthony Morales
3017,Anthony Morris
3018,Anthony Morse
3019,Anthony Nash
3020,Anthony Navarro
3021,Anthony Nelson Dds
3022,Anthony Newton
3023,Anthony Nguyen
3024,Anthony Nixon
3025,Anthony Norman
3026,Anthony Norris
3027,Anthony Ochoa
3028,Anthony Ortiz
3029,Anthony Owens
3030,Anthony Page
3031,Anthony Parker
3032,Anthony Patterson
3033,Anthony Payne
3034,Anthony Perez
3035,Anthony Peters
3036,Anthony Petersen
3037,Anthony Peterson
3038,Anthony Phillips
3039,Anthony Pollard
3040,Anthony Porter
3041,Anthony Powell
3042,Anthony Pugh
3043,Anthony Ramirez
3044,Anthony Ramos
3045,Anthony Ramsey
3046,Anthony Ray
3047,Anthony Reese
3048,Anthony Reyes
3049,Anthony Richard
3050,Anthony Richardson
3051,Anthony Riley
3052,Anthony Rios
3053,Anthony Rivas
3054,Anthony Rivera
3055,Anthony Roberts Md
3056,Anthony Robertson
3057,Anthony Robinson
3058,Anthony Rodriguez
3059,Anthony Romero
3060,Anthony Rosales
3061,Anthony Ross
3062,Anthony Roth
3063,Anthony Ruiz
3064,Anthony Russell
3065,Anthony Russo
3066,Anthony Salinas
3067,Anthony Sanchez
3068,Anthony Sanders
3069,Anthony Santana
3070,Anthony Savage
3071,Anthony Schmidt
3072,Anthony Scott
3073,Anthony Serrano
3074,Anthony Silva
3075,Anthony Simmons
3076,Anthony Simon
3077,Anthony Simpson
3078,Anthony Smith
3079,Anthony Smith Md
3080,Anthony Spence
3081,Anthony Stark
3082,Anthony Stein
3083,Anthony Stephens
3084,Anthony Stout
3085,Anthony Strickland
3086,Anthony Taylor
3087,Anthony Taylor Phd
3088,Anthony Thomas
3089,Anthony Thompson
3090,Anthony Torres
3091,Anthony Tucker
3092,Anthony Valdez
3093,Anthony Vargas
3094,Anthony Vasquez
3095,Anthony Vega
3096,Anthony Villegas
3097,Anthony Vincent
3098,Anthony Wade
3099,Anthony Wagner
3100,Anthony Walker
3101,Anthony Wallace
3102,Anthony Waller
3103,Anthony Walsh
3104,Anthony Walters
3105,Anthony Ward
3106,Anthony Warren
3107,Anthony Watkins
3108,Anthony Weaver
3109,Anthony Webb
3110,Anthony Weber
3111,Anthony Webster
3112,Anthony Weeks
3113,Anthony Werner
3114,Anthony White
3115,Anthony Williams
3116,Anthony Williams Phd
3117,Anthony Willis
3118,Anthony Wilson
3119,Anthony Woodard
3120,Anthony Wright
3121,Anthony Young
3122,Antonio Adams
3123,Antonio Alvarez
3124,Antonio Anderson
3125,Antonio Bass
3126,Antonio Butler
3127,Antonio Casey
3128,Antonio Chambers
3129,Antonio Collins
3130,Antonio Cruz
3131,Antonio Dennis
3132,Antonio Diaz
3133,Antonio Gonzalez
3134,Antonio Graves
3135,Antonio Hamilton
3136,Antonio Hardy
3137,Antonio Harrington
3138,Antonio Hinton
3139,Antonio Huerta
3140,Antonio Jacobs
3141,Antonio Johnson
3142,Antonio Jordan
3143,Antonio Kelley
3144,Antonio Kemp
3145,Antonio Kennedy
3146,Antonio King
3147,Antonio Lamb
3148,Antonio Lee
3149,Antonio Macias
3150,Antonio Mcdonald
3151,Antonio Miller
3152,Antonio Nash
3153,Antonio Perkins
3154,Antonio Powell
3155,Antonio Rios
3156,Antonio Rivera
3157,Antonio Rodriguez
3158,Antonio Rowe
3159,Antonio Ruiz
3160,Antonio Russell
3161,Antonio Santos
3162,Antonio Saunders
3163,Antonio Smith
3164,Antonio Stanton
3165,Antonio Steele
3166,Antonio Tanner
3167,Antonio Taylor
3168,Antonio Thomas
3169,Antonio Torres
3170,Antonio Wade
3171,Antonio Ward
3172,Antonio Wheeler
3173,Antonio Wilcox
3174,April Alexander
3175,April Allen
3176,April Alvarez
3177,April Bartlett
3178,April Barton Dds
3179,April Berger
3180,April Berry
3181,April Brewer
3182,April Briggs
3183,April Brown
3184,April Cardenas
3185,April Castaneda
3186,April Castillo
3187,April Chapman
3188,April Cohen
3189,April Conrad
3190,April Cox
3191,April Craig
3192,April Cummings
3193,April Davis
3194,April Dominguez
3195,April Edwards
3196,April Erickson
3197,April Fernandez
3198,April Fisher
3199,April Foster
3200,April Garcia
3201,April Golden
3202,April Gonzalez
3203,April Gordon
3204,April Gray
3205,April Gutierrez
3206,April Guzman
3207,April Hale
3208,April Hall
3209,April Hanson
3210,April Hayes
3211,April Henderson
3212,April Hunter
3213,April Jackson
3214,April Johnson
3215,April Jones
3216,April Lambert
3217,April Lawrence
3218,April Lawson
3219,April Lewis
3220,April Lynn
3221,April Macdonald
3222,April Martin
3223,April Martinez
3224,April Matthews
3225,April Maxwell
3226,April Mcclure
3227,April Mcdaniel
3228,April Mcneil
3229,April Mercer
3230,April Miles
3231,April Miller
3232,April Monroe
3233,April Moody
3234,April Moran Phd
3235,April Moreno
3236,April Morgan
3237,April Morrison
3238,April Nelson
3239,April Noble
3240,April Oliver
3241,April Palmer
3242,April Pham
3243,April Porter
3244,April Potter
3245,April Powell
3246,April Price
3247,April Prince
3248,April Ramirez
3249,April Robbins
3250,April Rodriguez
3251,April Rosario
3252,April Rowe
3253,April Santana
3254,April Schneider
3255,April Scott
3256,April Singh
3257,April Smith
3258,April Solis
3259,April Stevenson
3260,April Taylor
3261,April Thomas
3262,April Velazquez
3263,April Wagner
3264,April Walker
3265,April Wallace
3266,April Ward
3267,April Warren
3268,April Welch
3269,April White
3270,April Whitehead
3271,April Wiggins
3272,April Williams
3273,April Wilson
3274,April Wright
3275,Ariana Benson
3276,Ariana Green
3277,Ariana Jones
3278,Ariana Kelly
3279,Ariana Moon
3280,Ariana Patton
3281,Ariana Roberts
3282,Ariana Ruiz
3283,Ariana Walton
3284,Ariel Beck
3285,Ariel Burke
3286,Ariel Carpenter
3287,Ariel Chavez
3288,Ariel Dean
3289,Ariel Gallegos
3290,Ariel Hunt
3291,Ariel Jones
3292,Ariel Mckinney
3293,Ariel Mcmahon
3294,Arthur Anderson
3295,Arthur Bailey
3296,Arthur Barker
3297,Arthur Bautista
3298,Arthur Berry
3299,Arthur Cook
3300,Arthur Edwards
3301,Arthur Ferguson
3302,Arthur Fisher
3303,Arthur Fleming
3304,Arthur Fox
3305,Arthur Greene
3306,Arthur Harris
3307,Arthur Henry
3308,Arthur Jackson
3309,Arthur Jones
3310,Arthur Lee
3311,Arthur Mcconnell
3312,Arthur Moody
3313,Arthur Oconnell
3314,Arthur Porter
3315,Arthur Turner
3316,Arthur Velazquez
3317,Arthur White
3318,Ashlee Anderson
3319,Ashlee Blackwell
3320,Ashlee Bryant
3321,Ashlee Charles
3322,Ashlee Cobb
3323,Ashlee Colon
3324,Ashlee Cooper
3325,Ashlee Daugherty
3326,Ashlee Dyer Dds
3327,Ashlee Espinoza
3328,Ashlee Fletcher
3329,Ashlee Gaines
3330,Ashlee Griffin
3331,Ashlee Irwin
3332,Ashlee Knight
3333,Ashlee Morris
3334,Ashlee Rasmussen
3335,Ashlee Smith Dds
3336,Ashlee Stewart
3337,Ashlee Sutton
3338,Ashlee Webster
3339,Ashlee Williams
3340,Ashlee Willis
3341,Ashley Adams
3342,Ashley Adkins
3343,Ashley Alexander
3344,Ashley Ali
3345,Ashley Allen
3346,Ashley Allison
3347,Ashley Archer
3348,Ashley Baker
3349,Ashley Barber
3350,Ashley Barnett
3351,Ashley Barrett
3352,Ashley Bates
3353,Ashley Bell
3354,Ashley Beltran
3355,Ashley Benson
3356,Ashley Best
3357,Ashley Bishop
3358,Ashley Black
3359,Ashley Bradley Md
3360,Ashley Briggs
3361,Ashley Brooks
3362,Ashley Brown
3363,Ashley Bullock
3364,Ashley Burton
3365,Ashley Byrd
3366,Ashley Caldwell
3367,Ashley Camacho
3368,Ashley Cardenas
3369,Ashley Carey
3370,Ashley Carney
3371,Ashley Carter
3372,Ashley Case
3373,Ashley Castaneda
3374,Ashley Chambers
3375,Ashley Chandler
3376,Ashley Chen
3377,Ashley Cherry
3378,Ashley Clark
3379,Ashley Collins
3380,Ashley Conley
3381,Ashley Cox
3382,Ashley Craig
3383,Ashley Curtis
3384,Ashley Davis
3385,Ashley Durham
3386,Ashley English
3387,Ashley Estrada
3388,Ashley Evans
3389,Ashley Fields
3390,Ashley Fischer
3391,Ashley Fisher
3392,Ashley Fleming
3393,Ashley Flores
3394,Ashley Flowers
3395,Ashley Floyd
3396,Ashley Foster
3397,Ashley Fowler
3398,Ashley Fuentes
3399,Ashley Fuller
3400,Ashley Garcia
3401,Ashley Garner
3402,Ashley Garza
3403,Ashley George
3404,Ashley Giles
3405,Ashley Gonzales
3406,Ashley Gonzalez
3407,Ashley Good
3408,Ashley Goodwin
3409,Ashley Gordon
3410,Ashley Graham
3411,Ashley Graves
3412,Ashley Gray
3413,Ashley Griffin
3414,Ashley Guerrero
3415,Ashley Hall
3416,Ashley Hamilton
3417,Ashley Hammond
3418,Ashley Hanson
3419,Ashley Hardy
3420,Ashley Harris
3421,Ashley Hawkins
3422,Ashley Hayes
3423,Ashley Henderson
3424,Ashley Henson
3425,Ashley Herman
3426,Ashley Hernandez
3427,Ashley Hicks
3428,Ashley Hill
3429,Ashley Hines
3430,Ashley Hopkins
3431,Ashley Horn
3432,Ashley Horton
3433,Ashley Howard
3434,Ashley Hughes
3435,Ashley Hunter
3436,Ashley Jackson
3437,Ashley Jacobs
3438,Ashley James
3439,Ashley Jarvis
3440,Ashley Jenkins
3441,Ashley Jennings
3442,Ashley Jimenez
3443,Ashley Johns
3444,Ashley Johnson
3445,Ashley Johnston
3446,Ashley Jones
3447,Ashley Jordan
3448,Ashley Juarez
3449,Ashley Kemp
3450,Ashley Kennedy
3451,Ashley King
3452,Ashley Knight
3453,Ashley Lane
3454,Ashley Lester
3455,Ashley Lewis
3456,Ashley Long
3457,Ashley Lopez
3458,Ashley Lynch
3459,Ashley Mahoney
3460,Ashley Malone
3461,Ashley Mann
3462,Ashley Marshall
3463,Ashley Martin
3464,Ashley Martinez
3465,Ashley Matthews
3466,Ashley May
3467,Ashley Mays
3468,Ashley Mcclure
3469,Ashley Mccoy
3470,Ashley Mcdaniel
3471,Ashley Mcdonald
3472,Ashley Mcfarland
3473,Ashley Mcmahon
3474,Ashley Mendoza
3475,Ashley Meyer
3476,Ashley Miles
3477,Ashley Miranda
3478,Ashley Mitchell
3479,Ashley Monroe
3480,Ashley Moon
3481,Ashley Moreno
3482,Ashley Morgan Md
3483,Ashley Morris
3484,Ashley Mullen
3485,Ashley Munoz
3486,Ashley Murphy
3487,Ashley Myers
3488,Ashley Nelson
3489,Ashley Norton
3490,Ashley Nunez
3491,Ashley Odonnell
3492,Ashley Osborn
3493,Ashley Page
3494,Ashley Parker
3495,Ashley Parsons
3496,Ashley Patel
3497,Ashley Patrick Dds
3498,Ashley Patterson
3499,Ashley Patton Dds
3500,Ashley Peck
3501,Ashley Perez
3502,Ashley Perez Md
3503,Ashley Perry
3504,Ashley Peters
3505,Ashley Petersen
3506,Ashley Phillips
3507,Ashley Pierce
3508,Ashley Pitts
3509,Ashley Poole
3510,Ashley Porter
3511,Ashley Prince
3512,Ashley Proctor
3513,Ashley Ramirez
3514,Ashley Ramos
3515,Ashley Ramos Phd
3516,Ashley Ray
3517,Ashley Reed
3518,Ashley Reese
3519,Ashley Reid
3520,Ashley Reilly
3521,Ashley Reyes
3522,Ashley Reynolds
3523,Ashley Richards
3524,Ashley Roberson
3525,Ashley Robinson
3526,Ashley Rodriguez
3527,Ashley Romero
3528,Ashley Rose
3529,Ashley Roth
3530,Ashley Ruiz
3531,Ashley Sanders
3532,Ashley Schmidt
3533,Ashley Schneider
3534,Ashley Schroeder
3535,Ashley Schultz
3536,Ashley Shaw
3537,Ashley Smith
3538,Ashley Snow
3539,Ashley Snyder
3540,Ashley Snyder Md
3541,Ashley Sosa
3542,Ashley Sparks
3543,Ashley Spence
3544,Ashley Spencer
3545,Ashley Stanley
3546,Ashley Stark
3547,Ashley Steele
3548,Ashley Stewart
3549,Ashley Swanson
3550,Ashley Taylor
3551,Ashley Thomas
3552,Ashley Thompson
3553,Ashley Thornton
3554,Ashley Trujillo
3555,Ashley Turner
3556,Ashley Vasquez
3557,Ashley Vazquez
3558,Ashley Velez
3559,Ashley Vincent
3560,Ashley Wagner
3561,Ashley Walker
3562,Ashley Walsh
3563,Ashley Walters
3564,Ashley Ward
3565,Ashley Ware
3566,Ashley Warner
3567,Ashley Washington
3568,Ashley Waters
3569,Ashley Webb
3570,Ashley Webster
3571,Ashley Weeks
3572,Ashley Welch
3573,Ashley Wells
3574,Ashley Wheeler
3575,Ashley White
3576,Ashley Williams
3577,Ashley Williamson
3578,Ashley Wilson
3579,Ashley Wise
3580,Ashley Woodard
3581,Ashley Woodward
3582,Ashley Wright
3583,Ashley Wu
3584,Ashley Wyatt
3585,Ashley Young
3586,Ashley Zavala
3587,Audrey Becker
3588,Audrey Church
3589,Audrey Delgado
3590,Audrey Dodson
3591,Audrey Dyer
3592,Audrey Fleming
3593,Audrey Gonzalez
3594,Audrey Hernandez
3595,Audrey Hines
3596,Audrey Huber
3597,Audrey Lewis
3598,Audrey Luna
3599,Audrey Mckenzie
3600,Audrey Medina
3601,Audrey Morgan
3602,Audrey Patel
3603,Audrey Peters
3604,Audrey Rose
3605,Audrey Ross
3606,Audrey Scott
3607,Audrey Smith
3608,Audrey Stafford
3609,Audrey Warner
3610,Audrey Weaver
3611,Audrey White
3612,Audrey Williams
3613,Audrey Zimmerman Dds
3614,Austin Adams
3615,Austin Austin
3616,Austin Benson
3617,Austin Berry
3618,Austin Bradley
3619,Austin Brady
3620,Austin Brown
3621,Austin Cantrell
3622,Austin Cantu
3623,Austin Carey Dvm
3624,Austin Carson
3625,Austin Christian
3626,Austin Cole
3627,Austin Conway
3628,Austin Crane
3629,Austin Crosby
3630,Austin David
3631,Austin Davis
3632,Austin Dean Jr.
3633,Austin Fischer
3634,Austin Fisher
3635,Austin Flores
3636,Austin Foster
3637,Austin Freeman
3638,Austin Fry
3639,Austin Gonzalez
3640,Austin Grant
3641,Austin Green
3642,Austin Harris
3643,Austin Hayes
3644,Austin Henderson
3645,Austin Hill
3646,Austin Howard
3647,Austin Jackson
3648,Austin Jordan
3649,Austin Keller
3650,Austin Kelly
3651,Austin Larson
3652,Austin Lewis
3653,Austin Lyons
3654,Austin Martinez
3655,Austin Miller
3656,Austin Mills
3657,Austin Montoya
3658,Austin Moore
3659,Austin Moran Dds
3660,Austin Morris
3661,Austin Mosley
3662,Austin Munoz
3663,Austin Neal
3664,Austin Newton
3665,Austin Nguyen
3666,Austin Norman
3667,Austin Orr
3668,Austin Ortiz
3669,Austin Perez
3670,Austin Perry
3671,Austin Potter
3672,Austin Ramirez
3673,Austin Ray Jr.
3674,Austin Roberson
3675,Austin Roberts Iv
3676,Austin Ross
3677,Austin Salazar
3678,Austin Savage
3679,Austin Sawyer
3680,Austin Schmidt
3681,Austin Schwartz
3682,Austin Smith
3683,Austin Sparks
3684,Austin Steele
3685,Austin Sullivan
3686,Austin Tapia
3687,Austin Thompson
3688,Austin Tran
3689,Austin Wagner
3690,Austin Washington
3691,Austin White
3692,Austin Williams
3693,Austin Wilson
3694,Austin Wright
3695,Autumn Bush
3696,Autumn Cherry
3697,Autumn Deleon
3698,Autumn Farrell
3699,Autumn Fisher
3700,Autumn Fitzgerald
3701,Autumn Gonzales
3702,Autumn Huerta Dds
3703,Autumn James
3704,Autumn Jennings
3705,Autumn Key
3706,Autumn Mccoy
3707,Autumn Mckenzie
3708,Autumn Medina
3709,Autumn Miller
3710,Autumn Ortiz
3711,Autumn Perez
3712,Autumn Powell
3713,Autumn Rogers
3714,Autumn Smith
3715,Autumn Terrell
3716,Autumn Walker
3717,Bailey Allison
3718,Bailey Ballard
3719,Bailey Bennett
3720,Bailey Best
3721,Bailey Buchanan
3722,Bailey Chung
3723,Bailey Fitzpatrick
3724,Bailey Foster
3725,Bailey Gonzalez
3726,Bailey Herman
3727,Bailey Hines
3728,Bailey Ibarra
3729,Bailey Mccarty
3730,Bailey Mosley
3731,Bailey Moss
3732,Bailey Quinn
3733,Bailey Rice
3734,Barbara Acevedo
3735,Barbara Alexander
3736,Barbara Allen
3737,Barbara Anderson
3738,Barbara Baker
3739,Barbara Barber
3740,Barbara Benson Dvm
3741,Barbara Bonilla
3742,Barbara Booth
3743,Barbara Brady
3744,Barbara Branch
3745,Barbara Brown
3746,Barbara Bryan
3747,Barbara Burgess
3748,Barbara Butler
3749,Barbara Carr
3750,Barbara Carson
3751,Barbara Carter
3752,Barbara Chambers
3753,Barbara Church
3754,Barbara Cisneros
3755,Barbara Clarke
3756,Barbara Colon
3757,Barbara Craig
3758,Barbara Davis
3759,Barbara Dodson Md
3760,Barbara Ellis
3761,Barbara Flores
3762,Barbara Freeman
3763,Barbara Galloway
3764,Barbara Gamble
3765,Barbara Garcia
3766,Barbara Garner
3767,Barbara Garza
3768,Barbara Glass
3769,Barbara Gomez
3770,Barbara Goodman
3771,Barbara Gutierrez
3772,Barbara Hale
3773,Barbara Hall
3774,Barbara Hart
3775,Barbara Hernandez
3776,Barbara Houston
3777,Barbara Humphrey
3778,Barbara Ibarra
3779,Barbara Jackson
3780,Barbara Jenkins
3781,Barbara Jimenez
3782,Barbara Jones
3783,Barbara Keller
3784,Barbara Lambert
3785,Barbara Landry
3786,Barbara Lara
3787,Barbara Lawson
3788,Barbara Lee
3789,Barbara Lopez
3790,Barbara Marquez
3791,Barbara Marsh
3792,Barbara Martinez
3793,Barbara Mcbride
3794,Barbara Mcdaniel Dvm
3795,Barbara Medina
3796,Barbara Mendez
3797,Barbara Miller
3798,Barbara Mitchell
3799,Barbara Molina
3800,Barbara Morales
3801,Barbara Morton
3802,Barbara Murphy
3803,Barbara Nelson
3804,Barbara Parker
3805,Barbara Parsons
3806,Barbara Patel
3807,Barbara Perez
3808,Barbara Pope
3809,Barbara Reed
3810,Barbara Rhodes
3811,Barbara Rivera
3812,Barbara Rivers
3813,Barbara Rogers
3814,Barbara Russell
3815,Barbara Sandoval Dds
3816,Barbara Schmidt
3817,Barbara Simpson
3818,Barbara Smith
3819,Barbara Stanton
3820,Barbara Thomas
3821,Barbara Thompson
3822,Barbara Turner
3823,Barbara Valencia
3824,Barbara Wallace
3825,Barbara Ward
3826,Barbara Warner
3827,Barbara Watkins
3828,Barbara Wilkins
3829,Barbara Williams
3830,Barbara Yoder
3831,Barry Craig
3832,Barry Farley
3833,Barry Fields
3834,Barry Golden
3835,Barry Grant
3836,Barry Grimes
3837,Barry Harvey
3838,Barry Jones
3839,Barry Kelly
3840,Barry Lara
3841,Barry Long
3842,Barry Lozano
3843,Barry Randolph
3844,Barry Reese
3845,Barry Riley
3846,Barry Rodriguez
3847,Barry Santiago
3848,Barry Smith
3849,Barry Stephenson
3850,Barry Thomas
3851,Barry Valenzuela
3852,Barry Walker
3853,Barry Williams
3854,Becky Alexander
3855,Becky Baker
3856,Becky Brown
3857,Becky Calhoun
3858,Becky Carlson
3859,Becky Chaney
3860,Becky Chapman
3861,Becky Clay
3862,Becky Cooper
3863,Becky Duran
3864,Becky Garcia
3865,Becky Hudson
3866,Becky Jimenez
3867,Becky Johnson
3868,Becky Jones
3869,Becky Lambert
3870,Becky Lopez
3871,Becky Mccormick
3872,Becky Mcdonald
3873,Becky Meyer
3874,Becky Michael
3875,Becky Middleton
3876,Becky Moran
3877,Becky Salas
3878,Becky Smith
3879,Becky Torres
3880,Becky Watson
3881,Becky Woodard
3882,Belinda Allison
3883,Belinda Baker
3884,Belinda Hill
3885,Belinda Hopkins
3886,Belinda James
3887,Belinda Johnson
3888,Belinda Klein
3889,Belinda Smith
3890,Belinda Tran
3891,Benjamin Adams
3892,Benjamin Ali
3893,Benjamin Allen
3894,Benjamin Alvarez
3895,Benjamin Anderson
3896,Benjamin Anthony
3897,Benjamin Atkinson
3898,Benjamin Austin
3899,Benjamin Baker
3900,Benjamin Banks
3901,Benjamin Bell
3902,Benjamin Bennett
3903,Benjamin Berger
3904,Benjamin Berry
3905,Benjamin Blake
3906,Benjamin Blankenship
3907,Benjamin Brooks
3908,Benjamin Brown
3909,Benjamin Bryant
3910,Benjamin Buchanan
3911,Benjamin Carter
3912,Benjamin Chandler
3913,Benjamin Christian
3914,Benjamin Clark
3915,Benjamin Coleman
3916,Benjamin Collier
3917,Benjamin Collins Iii
3918,Benjamin Cook
3919,Benjamin Craig
3920,Benjamin Cross
3921,Benjamin Cruz
3922,Benjamin Curtis
3923,Benjamin Davenport
3924,Benjamin Davis
3925,Benjamin Dixon
3926,Benjamin Dominguez
3927,Benjamin Donaldson
3928,Benjamin Ewing
3929,Benjamin Ferrell
3930,Benjamin Fitzpatrick
3931,Benjamin Flynn
3932,Benjamin Foster
3933,Benjamin French
3934,Benjamin Garcia
3935,Benjamin Garner
3936,Benjamin Garrett
3937,Benjamin Gates
3938,Benjamin Gomez
3939,Benjamin Gonzalez
3940,Benjamin Green
3941,Benjamin Gross
3942,Benjamin Hale
3943,Benjamin Hall
3944,Benjamin Hamilton
3945,Benjamin Hampton
3946,Benjamin Harris
3947,Benjamin Harrison
3948,Benjamin Hayes
3949,Benjamin Hays
3950,Benjamin Henson
3951,Benjamin Hernandez
3952,Benjamin Huffman
3953,Benjamin Hughes
3954,Benjamin Hunter
3955,Benjamin Jackson
3956,Benjamin Johnson
3957,Benjamin Jones
3958,Benjamin Jordan
3959,Benjamin Kim
3960,Benjamin King
3961,Benjamin Kline
3962,Benjamin Levine
3963,Benjamin Lopez
3964,Benjamin Marshall
3965,Benjamin Martin
3966,Benjamin Martinez
3967,Benjamin Mathis
3968,Benjamin Mcbride
3969,Benjamin Mcconnell
3970,Benjamin Mccullough
3971,Benjamin Mcgrath
3972,Benjamin Mcintosh
3973,Benjamin Medina
3974,Benjamin Mendoza
3975,Benjamin Miller Iii
3976,Benjamin Mills
3977,Benjamin Miranda
3978,Benjamin Moore
3979,Benjamin Morales
3980,Benjamin Morris
3981,Benjamin Moyer
3982,Benjamin Nelson
3983,Benjamin Newman
3984,Benjamin Oneill
3985,Benjamin Palmer
3986,Benjamin Patterson
3987,Benjamin Payne
3988,Benjamin Pearson
3989,Benjamin Perez
3990,Benjamin Phillips
3991,Benjamin Pitts
3992,Benjamin Porter
3993,Benjamin Potter
3994,Benjamin Powell
3995,Benjamin Reese
3996,Benjamin Richards
3997,Benjamin Riddle
3998,Benjamin Ritter
3999,Benjamin Rodriguez
4000,Benjamin Sanchez
4001,Benjamin Saunders
4002,Benjamin Sheppard
4003,Benjamin Skinner
4004,Benjamin Smith
4005,Benjamin Stephens
4006,Benjamin Stewart
4007,Benjamin Strong
4008,Benjamin Tate
4009,Benjamin Taylor
4010,Benjamin Thomas
4011,Benjamin Thompson
4012,Benjamin Turner
4013,Benjamin Tyler
4014,Benjamin Wade
4015,Benjamin Walker
4016,Benjamin Washington
4017,Benjamin Watson
4018,Benjamin Webb
4019,Benjamin Webster
4020,Benjamin Wheeler
4021,Benjamin White Dds
4022,Benjamin Whitehead
4023,Benjamin Williams
4024,Benjamin Young
4025,Bernard Bruce
4026,Bernard Garcia
4027,Bernard Ross
4028,Bernard Ruiz
4029,Beth Adams
4030,Beth Adkins
4031,Beth Alexander
4032,Beth Anderson
4033,Beth Baker
4034,Beth Barnes Dds
4035,Beth Barnett
4036,Beth Boyd
4037,Beth Brown
4038,Beth Burgess
4039,Beth Burke
4040,Beth Castillo
4041,Beth Chaney
4042,Beth Collins
4043,Beth Cook
4044,Beth Davis
4045,Beth Dean
4046,Beth Delgado
4047,Beth Diaz
4048,Beth Harris
4049,Beth Henderson
4050,Beth Holt
4051,Beth Jackson
4052,Beth Johnson
4053,Beth Key
4054,Beth Klein
4055,Beth Lee
4056,Beth Marsh
4057,Beth Marshall
4058,Beth Martin
4059,Beth Maynard
4060,Beth Mckenzie
4061,Beth Medina
4062,Beth Molina
4063,Beth Moore
4064,Beth Morris
4065,Beth Murphy
4066,Beth Murray
4067,Beth Olson
4068,Beth Osborne
4069,Beth Patterson
4070,Beth Pena
4071,Beth Pollard
4072,Beth Porter
4073,Beth Reynolds
4074,Beth Rogers
4075,Beth Ross
4076,Beth Sanchez
4077,Beth Sandoval
4078,Beth Smith
4079,Beth Summers
4080,Beth Taylor
4081,Beth Thompson
4082,Beth White
4083,Beth Williams
4084,Bethany Abbott
4085,Bethany Anderson
4086,Bethany Baker
4087,Bethany Banks
4088,Bethany Barton
4089,Bethany Carr
4090,Bethany Cooper
4091,Bethany Daniel
4092,Bethany Estes
4093,Bethany Ford
4094,Bethany Fuentes
4095,Bethany Garrett
4096,Bethany Green
4097,Bethany Hardy
4098,Bethany Hernandez
4099,Bethany Holmes
4100,Bethany Johnson
4101,Bethany Jones
4102,Bethany Marshall
4103,Bethany Mccullough
4104,Bethany Montoya
4105,Bethany Obrien
4106,Bethany Patrick
4107,Bethany Payne
4108,Bethany Serrano
4109,Bethany Smith
4110,Bethany Thompson
4111,Bethany Webb Md
4112,Bethany Wilcox
4113,Betty Anderson
4114,Betty Austin
4115,Betty Boyd
4116,Betty Brown Md
4117,Betty Bullock
4118,Betty Cruz
4119,Betty Dillon Dvm
4120,Betty Dominguez
4121,Betty Jenkins
4122,Betty Johnson
4123,Betty Martin
4124,Betty Moore
4125,Betty Sampson
4126,Betty Walters
4127,Betty Wells
4128,Betty Williams
4129,Beverly Anderson
4130,Beverly Barton
4131,Beverly Burns
4132,Beverly Camacho
4133,Beverly Castillo
4134,Beverly Cordova
4135,Beverly Elliott
4136,Beverly Flores
4137,Beverly Graham
4138,Beverly Guzman
4139,Beverly Hines
4140,Beverly Howell
4141,Beverly Koch
4142,Beverly Lee
4143,Beverly Lewis
4144,Beverly Meyer
4145,Beverly Miller
4146,Beverly Moses
4147,Beverly Parks
4148,Beverly Porter
4149,Beverly Smith
4150,Beverly Sullivan
4151,Beverly Thomas
4152,Beverly Walker
4153,Beverly Watkins
4154,Beverly Whitney
4155,Bianca Archer
4156,Bianca Ayala
4157,Bianca Benson
4158,Bianca Booth
4159,Bianca Buchanan
4160,Bianca Curry
4161,Bianca Green
4162,Bianca Howe
4163,Bianca Mcguire
4164,Bianca Park
4165,Bianca Peterson
4166,Bianca Ramos
4167,Bianca Sanchez
4168,Bianca Scott
4169,Bianca Sherman
4170,Bianca Stephenson
4171,Bianca Trujillo
4172,Bianca Welch
4173,Bianca Wright
4174,Bill Barnes
4175,Bill Clark
4176,Bill Glover
4177,Bill Harris
4178,Bill Jordan
4179,Bill Mason
4180,Bill Mccann
4181,Bill Mcclain
4182,Bill Sampson
4183,Bill Weiss
4184,Billy Anderson
4185,Billy Bailey
4186,Billy Butler
4187,Billy Clark
4188,Billy Cook
4189,Billy Davis
4190,Billy Flores
4191,Billy Foster
4192,Billy Garner
4193,Billy Gonzalez
4194,Billy Hardy
4195,Billy Hoover
4196,Billy Jones
4197,Billy Kelley
4198,Billy Kim
4199,Billy Lambert
4200,Billy Martin
4201,Billy Morton
4202,Billy Pace
4203,Billy Pierce
4204,Billy Reese
4205,Billy Rodgers
4206,Billy Snyder
4207,Billy Velasquez
4208,Billy Wallace
4209,Billy Watts
4210,Billy White Dds
4211,Billy Williams
4212,Billy Williamson
4213,Billy Willis
4214,Billy Wilson
4215,Blake Adams
4216,Blake Allen
4217,Blake Baldwin
4218,Blake Barnes
4219,Blake Bennett
4220,Blake Boyle Phd
4221,Blake Chang
4222,Blake Church
4223,Blake Cortez
4224,Blake Davis
4225,Blake Flores Md
4226,Blake Garcia
4227,Blake Gardner
4228,Blake Gomez
4229,Blake Hill
4230,Blake Kelly
4231,Blake Lopez
4232,Blake Molina
4233,Blake Murphy
4234,Blake Orr
4235,Blake Padilla
4236,Blake Perez
4237,Blake Phillips
4238,Blake Pope
4239,Blake Powell
4240,Blake Shepherd
4241,Blake Smith Md
4242,Blake Thomas
4243,Blake Wagner
4244,Blake Willis
4245,Bob Abbott
4246,Bob Cooke
4247,Bob Lewis
4248,Bob Lopez
4249,Bob Moyer
4250,Bob Vega
4251,Bobby Baker
4252,Bobby Becker
4253,Bobby Benjamin
4254,Bobby Bowman
4255,Bobby Cox
4256,Bobby Davis
4257,Bobby Espinoza
4258,Bobby Frazier
4259,Bobby Freeman
4260,Bobby Hansen
4261,Bobby Henry
4262,Bobby Hernandez
4263,Bobby James
4264,Bobby Jones
4265,Bobby Kane
4266,Bobby Lewis
4267,Bobby Lopez
4268,Bobby Marks
4269,Bobby Mayo
4270,Bobby Mcclain
4271,Bobby Medina
4272,Bobby Mejia
4273,Bobby Mendez
4274,Bobby Mitchell
4275,Bobby Morrison
4276,Bobby Moses
4277,Bobby Mosley
4278,Bobby Neal
4279,Bobby Reyes
4280,Bobby Richard
4281,Bobby Shelton
4282,Bobby Smith
4283,Bobby Stevens
4284,Bobby Wagner
4285,Bobby White
4286,Bonnie Anderson
4287,Bonnie Calhoun
4288,Bonnie Clark
4289,Bonnie Clayton
4290,Bonnie Cook
4291,Bonnie Douglas
4292,Bonnie Downs
4293,Bonnie Fields
4294,Bonnie Fowler
4295,Bonnie Garcia
4296,Bonnie Gonzales
4297,Bonnie Graham
4298,Bonnie Harris
4299,Bonnie Hays
4300,Bonnie Henderson
4301,Bonnie Hernandez
4302,Bonnie Jackson
4303,Bonnie Johnson
4304,Bonnie Lang
4305,Bonnie Lewis
4306,Bonnie Marsh
4307,Bonnie Mata
4308,Bonnie Melendez
4309,Bonnie Mendez
4310,Bonnie Miller
4311,Bonnie Nelson
4312,Bonnie Obrien
4313,Bonnie Rice
4314,Bonnie Robles
4315,Bonnie Snow
4316,Bonnie Sutton
4317,Bonnie Thomas
4318,Bonnie Velez
4319,Bonnie Walker
4320,Bonnie Wallace
4321,Bonnie Ware
4322,Bonnie Williams
4323,Bonnie Wyatt
4324,Brad Blackwell
4325,Brad Carter
4326,Brad Castillo
4327,Brad Cook
4328,Brad Crawford
4329,Brad Evans
4330,Brad Everett
4331,Brad Hernandez
4332,Brad Hill
4333,Brad Johnson
4334,Brad Little
4335,Brad Mack
4336,Brad Mendoza
4337,Brad Miranda
4338,Brad Moore
4339,Brad Neal
4340,Brad Nixon
4341,Brad Owen
4342,Brad Payne
4343,Brad Pollard
4344,Brad Porter
4345,Brad Shaw
4346,Brad Smith
4347,Brad Stevens
4348,Brad Whitehead Md
4349,Bradley Ali
4350,Bradley Allison
4351,Bradley Alvarado
4352,Bradley Ayers
4353,Bradley Bailey
4354,Bradley Banks
4355,Bradley Barnes
4356,Bradley Bennett
4357,Bradley Boyd
4358,Bradley Brady
4359,Bradley Brown
4360,Bradley Bryant
4361,Bradley Byrd
4362,Bradley Collins
4363,Bradley Cook
4364,Bradley Cox
4365,Bradley Crawford
4366,Bradley David
4367,Bradley Davis
4368,Bradley Duncan
4369,Bradley Dunn
4370,Bradley Farley
4371,Bradley Farmer
4372,Bradley Foster
4373,Bradley Garcia
4374,Bradley Hall
4375,Bradley Harding
4376,Bradley Harvey
4377,Bradley Henderson
4378,Bradley Holt
4379,Bradley Hubbard
4380,Bradley Hunter
4381,Bradley Hurley
4382,Bradley Jackson
4383,Bradley Jacobs
4384,Bradley Jensen
4385,Bradley Jimenez
4386,Bradley Jones
4387,Bradley Kelley
4388,Bradley Kelly
4389,Bradley Knight
4390,Bradley Krueger
4391,Bradley Lambert
4392,Bradley Lopez
4393,Bradley Martin
4394,Bradley Mayer
4395,Bradley Mcclure
4396,Bradley Miller
4397,Bradley Myers
4398,Bradley Navarro
4399,Bradley Obrien
4400,Bradley Orozco
4401,Bradley Pace
4402,Bradley Pierce
4403,Bradley Price
4404,Bradley Ray
4405,Bradley Richardson
4406,Bradley Rodriguez
4407,Bradley Santana
4408,Bradley Schmidt
4409,Bradley Scott
4410,Bradley Sellers
4411,Bradley Simmons
4412,Bradley Smith
4413,Bradley Spencer
4414,Bradley Sullivan
4415,Bradley Taylor
4416,Bradley Thornton
4417,Bradley Velez
4418,Bradley Walker
4419,Bradley Walter
4420,Bradley Wells
4421,Bradley Williams
4422,Bradley Wright
4423,Bradley Young
4424,Brady Burke
4425,Brady Henderson
4426,Brady Johnson
4427,Brady Wright
4428,Brandi Anderson
4429,Brandi Baker
4430,Brandi Bell
4431,Brandi Booth
4432,Brandi Bradshaw
4433,Brandi Braun
4434,Brandi Campbell
4435,Brandi Chen
4436,Brandi Coffey
4437,Brandi Daniel
4438,Brandi Elliott
4439,Brandi Ewing
4440,Brandi Ferguson
4441,Brandi Foster
4442,Brandi Francis
4443,Brandi Garcia
4444,Brandi George
4445,Brandi Gonzalez
4446,Brandi Gregory
4447,Brandi Hill
4448,Brandi Hodges
4449,Brandi Holmes
4450,Brandi Houston
4451,Brandi Ibarra
4452,Brandi Jacobs
4453,Brandi Jones
4454,Brandi Kelly
4455,Brandi Kirby
4456,Brandi Knight
4457,Brandi Lewis
4458,Brandi Lozano
4459,Brandi Lucas
4460,Brandi Luna
4461,Brandi Maldonado
4462,Brandi Martin
4463,Brandi Martinez
4464,Brandi Mata
4465,Brandi Meadows
4466,Brandi Mendoza
4467,Brandi Roy
4468,Brandi Salinas
4469,Brandi Sandoval
4470,Brandi Schneider
4471,Brandi Smith
4472,Brandi Walker
4473,Brandi Wells
4474,Brandi Williams
4475,Brandi Wilson
4476,Brandi Wright
4477,Brandon Allen
4478,Brandon Anderson
4479,Brandon Andrews
4480,Brandon Ayers
4481,Brandon Baker
4482,Brandon Ball
4483,Brandon Ballard
4484,Brandon Barker
4485,Brandon Baxter
4486,Brandon Bean
4487,Brandon Berry
4488,Brandon Bird
4489,Brandon Blair
4490,Brandon Bowers
4491,Brandon Bowman
4492,Brandon Brown
4493,Brandon Burton
4494,Brandon Campbell
4495,Brandon Carr
4496,Brandon Carrillo
4497,Brandon Carroll
4498,Brandon Cervantes
4499,Brandon Chavez
4500,Brandon Christian
4501,Brandon Clark
4502,Brandon Cochran
4503,Brandon Collins
4504,Brandon Cooper
4505,Brandon Crawford
4506,Brandon David
4507,Brandon Dean
4508,Brandon Deleon
4509,Brandon Diaz
4510,Brandon Dixon
4511,Brandon Dominguez
4512,Brandon Donovan
4513,Brandon Dunn
4514,Brandon Edwards
4515,Brandon Evans
4516,Brandon Flores
4517,Brandon Foster
4518,Brandon Frederick
4519,Brandon Freeman
4520,Brandon Frost
4521,Brandon Fuller
4522,Brandon Gallagher
4523,Brandon Garcia
4524,Brandon Gates
4525,Brandon Glenn
4526,Brandon Golden
4527,Brandon Gonzalez
4528,Brandon Gray
4529,Brandon Green
4530,Brandon Greene
4531,Brandon Griffith
4532,Brandon Grimes
4533,Brandon Gutierrez
4534,Brandon Hancock
4535,Brandon Hardy
4536,Brandon Harmon
4537,Brandon Harrison
4538,Brandon Hart
4539,Brandon Hayes
4540,Brandon Hayes Dvm
4541,Brandon Herman
4542,Brandon Hernandez
4543,Brandon Hill
4544,Brandon Holmes
4545,Brandon Hooper
4546,Brandon Hunt
4547,Brandon Ingram
4548,Brandon Jackson
4549,Brandon Jacobs
4550,Brandon Johnson
4551,Brandon Jones
4552,Brandon Juarez
4553,Brandon Krause
4554,Brandon Lambert
4555,Brandon Lara
4556,Brandon Lee
4557,Brandon Lester
4558,Brandon Levine
4559,Brandon Lewis
4560,Brandon Lopez
4561,Brandon Lowe
4562,Brandon Lynch
4563,Brandon Marshall
4564,Brandon Martin
4565,Brandon Martinez
4566,Brandon Mcdaniel
4567,Brandon Mcdowell
4568,Brandon Mcgee
4569,Brandon Mckay
4570,Brandon Mejia
4571,Brandon Mendez
4572,Brandon Mercado
4573,Brandon Meyer
4574,Brandon Middleton
4575,Brandon Miller
4576,Brandon Montgomery
4577,Brandon Montoya
4578,Brandon Moon
4579,Brandon Moore
4580,Brandon Morales
4581,Brandon Moses
4582,Brandon Murray
4583,Brandon Myers
4584,Brandon Nelson
4585,Brandon Newman
4586,Brandon Nguyen
4587,Brandon Novak
4588,Brandon Oconnor
4589,Brandon Orozco
4590,Brandon Ortiz
4591,Brandon Palmer
4592,Brandon Patton
4593,Brandon Pearson
4594,Brandon Pena
4595,Brandon Perry
4596,Brandon Peterson
4597,Brandon Phillips
4598,Brandon Pierce
4599,Brandon Pollard
4600,Brandon Powell
4601,Brandon Powers
4602,Brandon Preston
4603,Brandon Price
4604,Brandon Proctor
4605,Brandon Pruitt
4606,Brandon Ramirez
4607,Brandon Ramos
4608,Brandon Randall
4609,Brandon Reed
4610,Brandon Richardson
4611,Brandon Rivera
4612,Brandon Robertson
4613,Brandon Robinson
4614,Brandon Rodriguez
4615,Brandon Rogers
4616,Brandon Rojas
4617,Brandon Rowe
4618,Brandon Ruiz
4619,Brandon Schwartz
4620,Brandon Scott
4621,Brandon Sexton
4622,Brandon Simon
4623,Brandon Smith
4624,Brandon Solis
4625,Brandon Solomon
4626,Brandon Stanley
4627,Brandon Steele
4628,Brandon Stevens
4629,Brandon Sullivan
4630,Brandon Sutton
4631,Brandon Taylor
4632,Brandon Thompson
4633,Brandon Turner
4634,Brandon Valdez
4635,Brandon Vincent
4636,Brandon Wagner
4637,Brandon Wall
4638,Brandon Walsh
4639,Brandon Ward
4640,Brandon Waters
4641,Brandon Watkins
4642,Brandon Watson
4643,Brandon Watts
4644,Brandon Weaver
4645,Brandon White
4646,Brandon Whitehead
4647,Brandon Wilkinson
4648,Brandon Williams
4649,Brandon Wood
4650,Brandon Woods
4651,Brandon Wright
4652,Brandon Young
4653,Brandy Adams
4654,Brandy Adkins
4655,Brandy Anderson
4656,Brandy Arias
4657,Brandy Bailey
4658,Brandy Barnes
4659,Brandy Bell
4660,Brandy Bentley
4661,Brandy Bishop
4662,Brandy Bowman
4663,Brandy Brooks
4664,Brandy Brown
4665,Brandy Burns
4666,Brandy Clark
4667,Brandy Douglas
4668,Brandy Dunlap
4669,Brandy Farley
4670,Brandy Fernandez
4671,Brandy Fowler
4672,Brandy Friedman
4673,Brandy Garcia
4674,Brandy Green
4675,Brandy Hampton
4676,Brandy Hanson Md
4677,Brandy Harris
4678,Brandy Henderson
4679,Brandy Holden
4680,Brandy Jordan
4681,Brandy Marshall
4682,Brandy Martin
4683,Brandy Mccormick
4684,Brandy Mcdonald
4685,Brandy Melton
4686,Brandy Mitchell
4687,Brandy Murray
4688,Brandy Nelson
4689,Brandy Nichols
4690,Brandy Oconnor
4691,Brandy Orozco
4692,Brandy Padilla
4693,Brandy Parker Md
4694,Brandy Parsons
4695,Brandy Phillips Md
4696,Brandy Riley
4697,Brandy Robinson
4698,Brandy Sawyer
4699,Brandy Serrano
4700,Brandy Shah
4701,Brandy Simpson
4702,Brandy Singleton
4703,Brandy Smith
4704,Brandy Stewart
4705,Brandy Ward
4706,Brandy Watkins
4707,Brandy Wiggins
4708,Brandy Wilkinson
4709,Brandy Wise
4710,Brandy Wood
4711,Breanna Banks
4712,Breanna Brown
4713,Breanna Bruce
4714,Breanna Davis
4715,Breanna Gomez
4716,Breanna Gonzales
4717,Breanna Gutierrez
4718,Breanna Hall
4719,Breanna Hanna
4720,Breanna Mclean
4721,Breanna Nichols
4722,Breanna Nielsen
4723,Breanna Norris
4724,Breanna Owens Md
4725,Breanna Rangel
4726,Breanna Sanchez
4727,Breanna Simmons
4728,Breanna Smith
4729,Breanna Strong
4730,Breanna Washington
4731,Breanna Williams
4732,Breanna Woods
4733,Brenda Adams
4734,Brenda Allen
4735,Brenda Andrews
4736,Brenda Anthony
4737,Brenda Austin
4738,Brenda Benton
4739,Brenda Booth
4740,Brenda Brewer
4741,Brenda Briggs
4742,Brenda Cameron
4743,Brenda Cantu
4744,Brenda Carey
4745,Brenda Castro
4746,Brenda Chaney
4747,Brenda Chapman
4748,Brenda Chavez
4749,Brenda Clements
4750,Brenda Cooke
4751,Brenda Cooper
4752,Brenda Copeland
4753,Brenda Cox
4754,Brenda Cruz
4755,Brenda Cummings
4756,Brenda Cunningham
4757,Brenda Davis
4758,Brenda Duran
4759,Brenda Fisher
4760,Brenda Fox
4761,Brenda Gill
4762,Brenda Gonzalez
4763,Brenda Grant Md
4764,Brenda Gray
4765,Brenda Hall
4766,Brenda Hamilton
4767,Brenda Harris
4768,Brenda Hernandez
4769,Brenda Higgins
4770,Brenda Hill
4771,Brenda Holt
4772,Brenda Huffman
4773,Brenda Hughes
4774,Brenda Hunt
4775,Brenda Hunter
4776,Brenda Huynh
4777,Brenda Jackson
4778,Brenda Johnson
4779,Brenda Jones
4780,Brenda Juarez
4781,Brenda Kennedy
4782,Brenda King
4783,Brenda Kirk
4784,Brenda Knox
4785,Brenda Larson
4786,Brenda Lawrence
4787,Brenda Lewis
4788,Brenda Lopez
4789,Brenda Maldonado
4790,Brenda Martin
4791,Brenda Mason
4792,Brenda Mays
4793,Brenda Mccarthy
4794,Brenda Mckee
4795,Brenda Mckenzie
4796,Brenda Mendoza
4797,Brenda Miller
4798,Brenda Mills
4799,Brenda Montoya
4800,Brenda Moody
4801,Brenda Moore
4802,Brenda Morgan
4803,Brenda Morgan Md
4804,Brenda Morris
4805,Brenda Mullen
4806,Brenda Mullins
4807,Brenda Munoz
4808,Brenda Murray
4809,Brenda Nguyen
4810,Brenda Padilla
4811,Brenda Parker
4812,Brenda Pearson
4813,Brenda Peterson
4814,Brenda Phelps
4815,Brenda Phillips
4816,Brenda Pineda
4817,Brenda Powers
4818,Brenda Ramsey
4819,Brenda Reyes Md
4820,Brenda Richardson
4821,Brenda Rivera
4822,Brenda Rodriguez
4823,Brenda Rogers
4824,Brenda Schultz
4825,Brenda Scott
4826,Brenda Simon
4827,Brenda Smith
4828,Brenda Stark
4829,Brenda Sullivan
4830,Brenda Taylor
4831,Brenda Thompson
4832,Brenda Torres Md
4833,Brenda Turner
4834,Brenda Velez
4835,Brenda Villanueva
4836,Brenda Waller
4837,Brenda Webb
4838,Brenda Weber
4839,Brenda Wheeler
4840,Brenda White
4841,Brenda Williamson
4842,Brenda Wilson
4843,Brenda Wolf
4844,Brenda Wood
4845,Brenda Wright
4846,Brendan Baker
4847,Brendan Barry
4848,Brendan Bennett
4849,Brendan Bowers
4850,Brendan Cantrell
4851,Brendan Clark
4852,Brendan Garcia
4853,Brendan Garza
4854,Brendan Gutierrez
4855,Brendan Hodge
4856,Brendan Johnson
4857,Brendan Miranda
4858,Brendan Montgomery
4859,Brendan Navarro
4860,Brendan Park
4861,Brendan Ramirez
4862,Brendan Taylor
4863,Brendan White
4864,Brent Acevedo
4865,Brent Adams
4866,Brent Alexander
4867,Brent Avila
4868,Brent Baker
4869,Brent Baldwin
4870,Brent Berry
4871,Brent Braun
4872,Brent Castillo
4873,Brent Collins
4874,Brent Costa
4875,Brent Daugherty
4876,Brent Dean
4877,Brent Dickerson
4878,Brent Fields
4879,Brent Fry
4880,Brent Gonzalez
4881,Brent Herring
4882,Brent Hill
4883,Brent James
4884,Brent Jones
4885,Brent Keller
4886,Brent Koch
4887,Brent Lee
4888,Brent Long
4889,Brent Mack
4890,Brent Martinez
4891,Brent Mcconnell
4892,Brent Mcdonald
4893,Brent Morris
4894,Brent Nguyen
4895,Brent Oliver
4896,Brent Orozco
4897,Brent Ortiz
4898,Brent Payne
4899,Brent Pearson
4900,Brent Pierce
4901,Brent Rivera
4902,Brent Ruiz
4903,Brent Smith
4904,Brent Stone
4905,Brent Wagner
4906,Brent Williamson
4907,Brent Wright
4908,Brent Young
4909,Brett Adams
4910,Brett Baldwin
4911,Brett Banks
4912,Brett Carter
4913,Brett Chapman
4914,Brett Clarke
4915,Brett Cooper
4916,Brett Dalton
4917,Brett Delgado
4918,Brett Dorsey
4919,Brett Edwards
4920,Brett English
4921,Brett Fernandez
4922,Brett Green
4923,Brett Griffith
4924,Brett Haynes
4925,Brett Hernandez
4926,Brett Hogan
4927,Brett Howard
4928,Brett Huff
4929,Brett Hunt
4930,Brett Johnson
4931,Brett Jones
4932,Brett Keller
4933,Brett Kelly
4934,Brett Little
4935,Brett Marshall
4936,Brett Martinez
4937,Brett Mayo
4938,Brett Meyer
4939,Brett Miles
4940,Brett Moore
4941,Brett Morris
4942,Brett Nelson
4943,Brett Phillips
4944,Brett Ponce
4945,Brett Roberts
4946,Brett Rosario
4947,Brett Ross
4948,Brett Sanders
4949,Brett Schaefer
4950,Brett Smith Md
4951,Brett Snyder
4952,Brett Stokes
4953,Brett Thomas
4954,Brett Walter
4955,Brett Wells
4956,Brett Wilson
4957,Brett Wright
4958,Brett Young
4959,Brett Zavala
4960,Brett Zhang
4961,Brian Acevedo
4962,Brian Acosta
4963,Brian Adams
4964,Brian Adams Phd
4965,Brian Aguilar
4966,Brian Alexander
4967,Brian Allen
4968,Brian Anderson
4969,Brian Arnold
4970,Brian Austin
4971,Brian Ayers
4972,Brian Bailey
4973,Brian Baker
4974,Brian Barnes
4975,Brian Barnett
4976,Brian Bates
4977,Brian Bauer
4978,Brian Bell
4979,Brian Bernard
4980,Brian Bishop
4981,Brian Black
4982,Brian Blair
4983,Brian Blevins
4984,Brian Bowen
4985,Brian Boyd
4986,Brian Boyer
4987,Brian Bradshaw
4988,Brian Brooks
4989,Brian Brown
4990,Brian Brown Jr.
4991,Brian Calderon
4992,Brian Caldwell
4993,Brian Callahan
4994,Brian Campbell
4995,Brian Campos
4996,Brian Carpenter
4997,Brian Carson
4998,Brian Carter
4999,Brian Casey
5000,Brian Castro
5001,Brian Chavez
5002,Brian Choi
5003,Brian Christensen
5004,Brian Clark
5005,Brian Collins
5006,Brian Colon
5007,Brian Cooper
5008,Brian Cowan
5009,Brian Crawford
5010,Brian Cruz
5011,Brian Curry
5012,Brian Daniels
5013,Brian Davidson
5014,Brian Davila
5015,Brian Davis
5016,Brian Dawson
5017,Brian Donaldson
5018,Brian Donovan
5019,Brian Dougherty
5020,Brian Douglas
5021,Brian Drake
5022,Brian Duke
5023,Brian Duran
5024,Brian Durham
5025,Brian Edwards
5026,Brian Elliott
5027,Brian Erickson
5028,Brian Esparza
5029,Brian Espinoza
5030,Brian Evans
5031,Brian Farmer
5032,Brian Fernandez
5033,Brian Fisher
5034,Brian Fitzgerald
5035,Brian Fleming
5036,Brian Flores
5037,Brian Forbes
5038,Brian Foster
5039,Brian Fox
5040,Brian Frank
5041,Brian Frazier
5042,Brian Frederick
5043,Brian Freeman
5044,Brian French
5045,Brian Friedman
5046,Brian Fuentes
5047,Brian Garcia
5048,Brian Garrett
5049,Brian George
5050,Brian Gilbert
5051,Brian Gilbert Dds
5052,Brian Giles
5053,Brian Glover
5054,Brian Gonzalez
5055,Brian Goodman
5056,Brian Goodwin
5057,Brian Gordon
5058,Brian Graham
5059,Brian Green
5060,Brian Griffin
5061,Brian Gutierrez
5062,Brian Hamilton
5063,Brian Harris
5064,Brian Hart
5065,Brian Hartman
5066,Brian Harvey
5067,Brian Hendrix
5068,Brian Hensley
5069,Brian Hernandez
5070,Brian Herrera
5071,Brian Hicks
5072,Brian Hicks Iii
5073,Brian Ho
5074,Brian Hobbs
5075,Brian Hoffman
5076,Brian Holmes
5077,Brian Hughes
5078,Brian Ingram
5079,Brian Jackson
5080,Brian Jacobs
5081,Brian Jenkins
5082,Brian Johnson
5083,Brian Johnston
5084,Brian Jones
5085,Brian Joseph
5086,Brian Juarez
5087,Brian Kaiser
5088,Brian Keller
5089,Brian Kelley
5090,Brian Kennedy
5091,Brian Larsen
5092,Brian Larson
5093,Brian Lee
5094,Brian Leonard
5095,Brian Lester
5096,Brian Levy
5097,Brian Lewis
5098,Brian Lopez
5099,Brian Macdonald
5100,Brian Mack
5101,Brian Malone
5102,Brian Manning
5103,Brian Marks
5104,Brian Martin
5105,Brian Martinez
5106,Brian Matthews
5107,Brian Mays
5108,Brian Mcdowell
5109,Brian Mckee
5110,Brian Mcmillan
5111,Brian Mendez
5112,Brian Merritt
5113,Brian Miller
5114,Brian Mitchell
5115,Brian Moore
5116,Brian Morales
5117,Brian Morgan
5118,Brian Morris
5119,Brian Morrow
5120,Brian Morse
5121,Brian Moses
5122,Brian Mosley
5123,Brian Munoz
5124,Brian Murphy
5125,Brian Murray
5126,Brian Myers
5127,Brian Nash
5128,Brian Nelson
5129,Brian Nguyen
5130,Brian Nicholson
5131,Brian Nicholson Ii
5132,Brian Nixon
5133,Brian Nunez
5134,Brian Ochoa
5135,Brian Oliver
5136,Brian Ortiz
5137,Brian Osborn
5138,Brian Owens
5139,Brian Pace
5140,Brian Pacheco
5141,Brian Payne
5142,Brian Peck
5143,Brian Pennington
5144,Brian Perez
5145,Brian Peters
5146,Brian Peterson
5147,Brian Phelps
5148,Brian Phillips
5149,Brian Pierce
5150,Brian Pineda
5151,Brian Pittman
5152,Brian Porter
5153,Brian Pratt
5154,Brian Price
5155,Brian Proctor
5156,Brian Pugh
5157,Brian Quinn
5158,Brian Ramirez
5159,Brian Reed
5160,Brian Reese
5161,Brian Reynolds
5162,Brian Richardson
5163,Brian Riley
5164,Brian Rios
5165,Brian Rivera
5166,Brian Roberts
5167,Brian Robertson
5168,Brian Robinson
5169,Brian Rodriguez
5170,Brian Rogers
5171,Brian Rojas
5172,Brian Rose
5173,Brian Ruiz
5174,Brian Sanchez
5175,Brian Schroeder
5176,Brian Schultz
5177,Brian Scott
5178,Brian Shaw
5179,Brian Silva
5180,Brian Simmons
5181,Brian Simpson
5182,Brian Sims
5183,Brian Singh
5184,Brian Smith
5185,Brian Stephens
5186,Brian Stevens
5187,Brian Stewart
5188,Brian Strong
5189,Brian Sullivan
5190,Brian Sutton
5191,Brian Tate
5192,Brian Taylor
5193,Brian Thomas
5194,Brian Thompson
5195,Brian Todd
5196,Brian Torres
5197,Brian Tran
5198,Brian Trevino
5199,Brian Turner
5200,Brian Tyler
5201,Brian Vang
5202,Brian Vargas
5203,Brian Vaughn
5204,Brian Vega Jr.
5205,Brian Wagner
5206,Brian Walker
5207,Brian Wallace
5208,Brian Walton
5209,Brian Ward
5210,Brian Warren
5211,Brian Washington
5212,Brian Webb
5213,Brian Webster
5214,Brian White
5215,Brian Wilkins
5216,Brian Williams
5217,Brian Willis
5218,Brian Wilson
5219,Brian Winters
5220,Brian Wolf
5221,Brian Wright
5222,Brian Yoder
5223,Brian Young
5224,Brian Zamora
5225,Briana Brown
5226,Briana Cannon
5227,Briana Cook
5228,Briana Daniels
5229,Briana Dominguez
5230,Briana Hall
5231,Briana Jackson
5232,Briana Johnson
5233,Briana Mckinney
5234,Briana Middleton
5235,Briana Moore
5236,Briana Morgan
5237,Briana Pittman
5238,Briana Reeves
5239,Briana Roberson
5240,Briana Robinson
5241,Briana Ross
5242,Briana Torres
5243,Briana Turner
5244,Briana Young
5245,Brianna Allen
5246,Brianna Armstrong
5247,Brianna Arnold
5248,Brianna Boyd
5249,Brianna Buck
5250,Brianna Calderon
5251,Brianna Cameron
5252,Brianna Cohen
5253,Brianna Cook
5254,Brianna Cox
5255,Brianna Davidson
5256,Brianna Davis
5257,Brianna Fields
5258,Brianna Fischer
5259,Brianna Garcia
5260,Brianna Gibbs
5261,Brianna Giles
5262,Brianna Hall
5263,Brianna Harrell
5264,Brianna Hawkins
5265,Brianna Hooper
5266,Brianna Howard
5267,Brianna Jones
5268,Brianna Keller
5269,Brianna Kelly
5270,Brianna Kennedy
5271,Brianna Lane
5272,Brianna Lee
5273,Brianna Liu
5274,Brianna Lloyd
5275,Brianna Mccoy
5276,Brianna Nelson
5277,Brianna Nguyen
5278,Brianna Norton
5279,Brianna Payne
5280,Brianna Pena
5281,Brianna Perez
5282,Brianna Perkins
5283,Brianna Peterson
5284,Brianna Potter
5285,Brianna Powers
5286,Brianna Reed
5287,Brianna Reynolds
5288,Brianna Rhodes
5289,Brianna Rodriguez
5290,Brianna Rollins
5291,Brianna Santiago
5292,Brianna Smith
5293,Brianna Todd
5294,Brianna Tucker
5295,Brianna Washington
5296,Brianna Watson
5297,Brianna Wheeler
5298,Brianna Wong
5299,Brianna Yates
5300,Bridget Choi
5301,Bridget Coleman
5302,Bridget Davis
5303,Bridget Gallagher
5304,Bridget Howard
5305,Bridget Irwin
5306,Bridget Jacobs
5307,Bridget Jones
5308,Bridget Logan
5309,Bridget Martinez
5310,Bridget Miller
5311,Bridget Perez
5312,Bridget Smith
5313,Bridget Summers
5314,Bridget Turner Dds
5315,Bridget Williams
5316,Bridget Young
5317,Brittany Adams
5318,Brittany Aguirre
5319,Brittany Ali
5320,Brittany Anderson
5321,Brittany Archer
5322,Brittany Armstrong
5323,Brittany Arroyo
5324,Brittany Baird
5325,Brittany Barber
5326,Brittany Barrett
5327,Brittany Beard
5328,Brittany Bell
5329,Brittany Beltran
5330,Brittany Bender
5331,Brittany Black
5332,Brittany Blair
5333,Brittany Bowman
5334,Brittany Bradshaw
5335,Brittany Brown
5336,Brittany Bryant
5337,Brittany Burch
5338,Brittany Burns
5339,Brittany Cabrera
5340,Brittany Campbell
5341,Brittany Carpenter
5342,Brittany Carter
5343,Brittany Chapman
5344,Brittany Clark
5345,Brittany Clay
5346,Brittany Cole
5347,Brittany Collier
5348,Brittany Cook
5349,Brittany Cortez
5350,Brittany Crane
5351,Brittany Cruz
5352,Brittany Davis
5353,Brittany Diaz
5354,Brittany Dixon
5355,Brittany Dunn
5356,Brittany Durham
5357,Brittany English
5358,Brittany Fisher
5359,Brittany Foster
5360,Brittany Fowler
5361,Brittany Fry
5362,Brittany Gardner
5363,Brittany Golden
5364,Brittany Green
5365,Brittany Griffith
5366,Brittany Hanson
5367,Brittany Harding
5368,Brittany Harper
5369,Brittany Harrington
5370,Brittany Harris
5371,Brittany Henderson
5372,Brittany Henry
5373,Brittany Henson
5374,Brittany Hernandez
5375,Brittany Holden
5376,Brittany Horton
5377,Brittany Howard
5378,Brittany Huffman
5379,Brittany Hunt
5380,Brittany Hunter
5381,Brittany Jackson
5382,Brittany Jensen
5383,Brittany Johnson
5384,Brittany Jones
5385,Brittany Lee
5386,Brittany Livingston
5387,Brittany Lopez
5388,Brittany Lowe
5389,Brittany Macias
5390,Brittany Martin
5391,Brittany Martinez
5392,Brittany Maxwell
5393,Brittany Melendez
5394,Brittany Mendoza
5395,Brittany Meza
5396,Brittany Miller
5397,Brittany Montgomery
5398,Brittany Moore
5399,Brittany Moore Md
5400,Brittany Morales
5401,Brittany Moran
5402,Brittany Morgan
5403,Brittany Moyer
5404,Brittany Murphy
5405,Brittany Murray
5406,Brittany Navarro
5407,Brittany Nelson
5408,Brittany Oconnor
5409,Brittany Ortega
5410,Brittany Parks
5411,Brittany Parsons
5412,Brittany Patton
5413,Brittany Perry
5414,Brittany Phillips
5415,Brittany Pratt
5416,Brittany Price
5417,Brittany Ray
5418,Brittany Reeves
5419,Brittany Reyes
5420,Brittany Reynolds
5421,Brittany Richard
5422,Brittany Richardson
5423,Brittany Rocha
5424,Brittany Rodgers
5425,Brittany Rodriguez
5426,Brittany Rogers
5427,Brittany Ross
5428,Brittany Rowe
5429,Brittany Russell
5430,Brittany Ryan
5431,Brittany Sanchez
5432,Brittany Shah
5433,Brittany Sharp
5434,Brittany Shepherd
5435,Brittany Skinner
5436,Brittany Smith
5437,Brittany Solis
5438,Brittany Spencer
5439,Brittany Stevens
5440,Brittany Stone
5441,Brittany Summers
5442,Brittany Taylor
5443,Brittany Terrell
5444,Brittany Terry
5445,Brittany Torres
5446,Brittany Valdez
5447,Brittany Valencia
5448,Brittany Velasquez
5449,Brittany Villa
5450,Brittany Walker
5451,Brittany Wallace
5452,Brittany Watkins
5453,Brittany Weiss
5454,Brittany Wells
5455,Brittany White
5456,Brittany Williams
5457,Brittany Wilson
5458,Brittany Wood
5459,Brittany Young
5460,Brittney Abbott
5461,Brittney Allen
5462,Brittney Baker
5463,Brittney Bullock
5464,Brittney Campbell
5465,Brittney Daugherty
5466,Brittney Estrada
5467,Brittney Gallegos
5468,Brittney Gardner
5469,Brittney Gonzalez
5470,Brittney Green
5471,Brittney Greene
5472,Brittney Hayes
5473,Brittney Jefferson
5474,Brittney Kirk
5475,Brittney Lee
5476,Brittney Marquez
5477,Brittney Matthews
5478,Brittney Mccormick
5479,Brittney Mills
5480,Brittney Moore
5481,Brittney Morris
5482,Brittney Nash
5483,Brittney Pena
5484,Brittney Richardson
5485,Brittney Roberson
5486,Brittney Simpson
5487,Brittney Taylor
5488,Brittney Villanueva
5489,Brittney Wilson
5490,Brittney Woods
5491,Brooke Arias
5492,Brooke Avery
5493,Brooke Ball
5494,Brooke Bell
5495,Brooke Benton
5496,Brooke Booth
5497,Brooke Bowen
5498,Brooke Brooks
5499,Brooke Calhoun
5500,Brooke Carrillo
5501,Brooke Cochran
5502,Brooke Cowan
5503,Brooke Cummings
5504,Brooke Duarte
5505,Brooke Duran
5506,Brooke Gillespie
5507,Brooke Hall
5508,Brooke Hampton
5509,Brooke Harris
5510,Brooke Hernandez
5511,Brooke Hickman
5512,Brooke Hill
5513,Brooke Hill Dds
5514,Brooke Hunt
5515,Brooke King
5516,Brooke Leblanc
5517,Brooke Long
5518,Brooke Martin
5519,Brooke Martinez
5520,Brooke Massey
5521,Brooke Mccarty
5522,Brooke Moore
5523,Brooke Nelson
5524,Brooke Oconnor
5525,Brooke Peterson
5526,Brooke Potts
5527,Brooke Rodriguez
5528,Brooke Rojas
5529,Brooke Romero
5530,Brooke Ruiz
5531,Brooke Rush
5532,Brooke Schmidt
5533,Brooke Shaw
5534,Brooke Simmons
5535,Brooke Smith
5536,Brooke Thompson
5537,Brooke Thornton
5538,Brooke Villegas
5539,Brooke Vincent
5540,Brooke Warren
5541,Brooke Weiss
5542,Brooke Wilcox
5543,Brooke Wright
5544,Bruce Bernard
5545,Bruce Black
5546,Bruce Brooks
5547,Bruce Bruce
5548,Bruce Cannon
5549,Bruce Cunningham
5550,Bruce Dudley
5551,Bruce Flowers
5552,Bruce Galloway
5553,Bruce Garcia
5554,Bruce Gardner
5555,Bruce Garrett
5556,Bruce Gonzalez
5557,Bruce Goodman
5558,Bruce Hall
5559,Bruce Harrison
5560,Bruce Holder
5561,Bruce Johnson
5562,Bruce Keller
5563,Bruce Kennedy
5564,Bruce Key
5565,Bruce Martin
5566,Bruce Mckinney
5567,Bruce Miller
5568,Bruce Morris
5569,Bruce Moss
5570,Bruce Pacheco
5571,Bruce Page
5572,Bruce Pittman
5573,Bruce Ramos
5574,Bruce Rivera
5575,Bruce Roberts
5576,Bruce Rodriguez
5577,Bruce Schmidt
5578,Bruce Shelton
5579,Bruce Torres
5580,Bruce Torres Jr.
5581,Bruce Wallace
5582,Bruce Wang
5583,Bruce White
5584,Bruce Wilson
5585,Bruce Young
5586,Bryan Adams
5587,Bryan Allen
5588,Bryan Anderson
5589,Bryan Arias
5590,Bryan Ayala
5591,Bryan Bean
5592,Bryan Bennett
5593,Bryan Blevins
5594,Bryan Bowers
5595,Bryan Boyd
5596,Bryan Brock
5597,Bryan Brooks
5598,Bryan Brown
5599,Bryan Case
5600,Bryan Casey
5601,Bryan Castillo
5602,Bryan Charles
5603,Bryan Chen
5604,Bryan Cole
5605,Bryan Conway
5606,Bryan Copeland
5607,Bryan Cox
5608,Bryan Cuevas
5609,Bryan Davis
5610,Bryan Delgado
5611,Bryan Edwards
5612,Bryan Ferrell
5613,Bryan Fischer
5614,Bryan Fisher
5615,Bryan Flores
5616,Bryan Ford
5617,Bryan Foster
5618,Bryan Garcia
5619,Bryan Gibson
5620,Bryan Gilmore
5621,Bryan Glenn
5622,Bryan Goodman
5623,Bryan Harmon
5624,Bryan Harrison
5625,Bryan Hartman
5626,Bryan Harvey
5627,Bryan Henderson
5628,Bryan Henry
5629,Bryan Hernandez
5630,Bryan Hill
5631,Bryan Holt
5632,Bryan Howell
5633,Bryan Hudson
5634,Bryan Johnson
5635,Bryan Jones
5636,Bryan Kelly
5637,Bryan Kent
5638,Bryan Lee
5639,Bryan Leonard
5640,Bryan Lin
5641,Bryan Lopez
5642,Bryan Mann
5643,Bryan Marsh
5644,Bryan Marshall
5645,Bryan Martinez
5646,Bryan Meyer
5647,Bryan Miller
5648,Bryan Mitchell
5649,Bryan Monroe
5650,Bryan Morgan
5651,Bryan Myers
5652,Bryan Noble
5653,Bryan Olson
5654,Bryan Orozco
5655,Bryan Owens
5656,Bryan Patterson
5657,Bryan Perez
5658,Bryan Peters
5659,Bryan Phillips
5660,Bryan Pineda
5661,Bryan Preston
5662,Bryan Price
5663,Bryan Pruitt
5664,Bryan Ramos
5665,Bryan Reed
5666,Bryan Reilly
5667,Bryan Rhodes
5668,Bryan Rice
5669,Bryan Richardson
5670,Bryan Richmond
5671,Bryan Rivera
5672,Bryan Roberson
5673,Bryan Robertson
5674,Bryan Robinson
5675,Bryan Rodriguez
5676,Bryan Rogers
5677,Bryan Rose
5678,Bryan Ross
5679,Bryan Russell
5680,Bryan Santiago
5681,Bryan Santos
5682,Bryan Sawyer
5683,Bryan Scott
5684,Bryan Simmons
5685,Bryan Skinner
5686,Bryan Smith
5687,Bryan Soto
5688,Bryan Stephens
5689,Bryan Stevenson
5690,Bryan Taylor
5691,Bryan Thomas
5692,Bryan Wallace
5693,Bryan Whitaker
5694,Bryan Wilcox
5695,Bryan Williamson
5696,Bryan Wu
5697,Bryan Zimmerman
5698,Bryce Figueroa
5699,Bryce Hernandez
5700,Bryce Howard
5701,Bryce Mason
5702,Bryce Mercado
5703,Bryce Norton
5704,Bryce Peters
5705,Bryce Powell
5706,Bryce Rodriguez
5707,Bryce Shepard
5708,Bryce White
5709,Bryce Williamson
5710,Caitlin Barrett
5711,Caitlin Bennett
5712,Caitlin Brown
5713,Caitlin Clark
5714,Caitlin Copeland
5715,Caitlin Daniels
5716,Caitlin Davis
5717,Caitlin Espinoza
5718,Caitlin Garner
5719,Caitlin Harding
5720,Caitlin Hatfield
5721,Caitlin Hayden
5722,Caitlin Hayes
5723,Caitlin Hernandez
5724,Caitlin Higgins
5725,Caitlin Huynh
5726,Caitlin Jackson
5727,Caitlin Johns
5728,Caitlin Johnson
5729,Caitlin Keith
5730,Caitlin Leon Dds
5731,Caitlin Lewis
5732,Caitlin Lopez
5733,Caitlin Love
5734,Caitlin Mcgee
5735,Caitlin Montoya
5736,Caitlin Oliver
5737,Caitlin Patrick
5738,Caitlin Pope
5739,Caitlin Price
5740,Caitlin Rodriguez
5741,Caitlin Romero
5742,Caitlin Smith
5743,Caitlin Taylor
5744,Caitlin Tucker
5745,Caitlin Wallace
5746,Caitlin Watson
5747,Caitlin Weeks
5748,Caitlin Wheeler
5749,Caitlin Wyatt
5750,Caitlyn Aguilar
5751,Caitlyn Barker
5752,Caitlyn Bowman
5753,Caitlyn Boyle
5754,Caitlyn James
5755,Caitlyn Lee
5756,Caleb Acosta
5757,Caleb Allen
5758,Caleb Anderson
5759,Caleb Baker
5760,Caleb Bates
5761,Caleb Brown
5762,Caleb Carpenter Md
5763,Caleb Christian
5764,Caleb Cooper
5765,Caleb Davis
5766,Caleb Diaz
5767,Caleb Hall
5768,Caleb Hernandez
5769,Caleb Ingram
5770,Caleb James
5771,Caleb Johnson
5772,Caleb Marquez
5773,Caleb Mccoy
5774,Caleb Mcdonald
5775,Caleb Miller
5776,Caleb Rodriguez
5777,Caleb Ross
5778,Caleb Smith
5779,Caleb Taylor
5780,Caleb Valencia
5781,Caleb Valenzuela
5782,Caleb Watson
5783,Calvin Brooks
5784,Calvin Cook
5785,Calvin Estes
5786,Calvin Evans
5787,Calvin Garza
5788,Calvin George
5789,Calvin Gilbert
5790,Calvin Gonzalez
5791,Calvin Green
5792,Calvin Hansen
5793,Calvin Harrington
5794,Calvin Holmes
5795,Calvin Johnson
5796,Calvin Jones
5797,Calvin Kelly
5798,Calvin Lee
5799,Calvin Lewis
5800,Calvin Lindsey
5801,Calvin Lopez
5802,Calvin Marks
5803,Calvin Matthews
5804,Calvin Miller
5805,Calvin Ramirez
5806,Calvin Rivera
5807,Calvin Robertson
5808,Calvin Simpson
5809,Calvin Smith
5810,Calvin Snow
5811,Calvin Tate
5812,Calvin Tucker
5813,Calvin Webster Md
5814,Calvin Welch
5815,Calvin Wiley
5816,Calvin Zavala
5817,Cameron Atkins
5818,Cameron Atkinson
5819,Cameron Bowen
5820,Cameron Boyle
5821,Cameron Campbell
5822,Cameron Chavez
5823,Cameron Clark
5824,Cameron Ellison
5825,Cameron Garcia
5826,Cameron Green
5827,Cameron Guerrero
5828,Cameron Hayes
5829,Cameron Hernandez
5830,Cameron Hicks
5831,Cameron Hill
5832,Cameron Johnson
5833,Cameron Jones
5834,Cameron Kelly
5835,Cameron Kim
5836,Cameron Mcdonald
5837,Cameron Mcfarland
5838,Cameron Mcintyre
5839,Cameron Mckee
5840,Cameron Mcmillan
5841,Cameron Mercado
5842,Cameron Moreno
5843,Cameron Nicholson
5844,Cameron Perkins
5845,Cameron Robinson
5846,Cameron Schwartz
5847,Cameron Silva
5848,Cameron Smith
5849,Cameron Tanner
5850,Cameron Vaughn
5851,Cameron Villanueva
5852,Cameron Wallace
5853,Cameron Wang
5854,Cameron Wheeler
5855,Cameron Williams
5856,Cameron Willis
5857,Cameron Wood
5858,Cameron Young
5859,Candace Burke
5860,Candace Carey
5861,Candace Griffin
5862,Candace Guzman
5863,Candace Hudson
5864,Candace Kennedy
5865,Candace Landry
5866,Candace Marquez
5867,Candace Martinez
5868,Candace Reyes
5869,Candace Riley
5870,Candace Roberts
5871,Candace Sanford
5872,Candace Thompson
5873,Candice Alvarado
5874,Candice Cardenas
5875,Candice Carr
5876,Candice Gray
5877,Candice Harris
5878,Candice Herrera
5879,Candice Jennings
5880,Candice Johnson
5881,Candice Kemp
5882,Candice Lopez
5883,Candice Morrison
5884,Candice Rivera
5885,Candice Schwartz
5886,Candice Sharp
5887,Candice Stevens
5888,Candice Strong
5889,Candice Underwood
5890,Candice Willis
5891,Candice Wong
5892,Carl Carter
5893,Carl Clark
5894,Carl Cohen
5895,Carl Gardner
5896,Carl George
5897,Carl Gould
5898,Carl Hall
5899,Carl Hernandez
5900,Carl Hudson
5901,Carl Johnson
5902,Carl Jones
5903,Carl Kaiser
5904,Carl Lopez
5905,Carl Meyers
5906,Carl Morgan
5907,Carl Morrison
5908,Carl Murphy
5909,Carl Navarro
5910,Carl Neal
5911,Carl Payne
5912,Carl Pugh
5913,Carl Ramirez
5914,Carl Riley
5915,Carl Rivera
5916,Carl Roberts
5917,Carl Rogers
5918,Carl Ruiz
5919,Carl Scott
5920,Carl Smith
5921,Carl Snyder
5922,Carl Spears
5923,Carl Taylor
5924,Carl Torres
5925,Carl Velez
5926,Carl Wall
5927,Carl Wilcox
5928,Carl Williams
5929,Carl Williamson
5930,Carl Wood
5931,Carla Adams
5932,Carla Baldwin Md
5933,Carla Barry
5934,Carla Barton
5935,Carla Bishop
5936,Carla Blackwell
5937,Carla Blake
5938,Carla Bradford
5939,Carla Burgess
5940,Carla Burns
5941,Carla Chavez
5942,Carla Cohen
5943,Carla Cole
5944,Carla Combs
5945,Carla Curtis
5946,Carla Davis
5947,Carla Diaz
5948,Carla Fleming
5949,Carla Grant
5950,Carla Hall
5951,Carla Harris
5952,Carla Huff
5953,Carla Johnson
5954,Carla Jones
5955,Carla Martin
5956,Carla Mcneil
5957,Carla Miranda
5958,Carla Mitchell
5959,Carla Patterson
5960,Carla Pollard
5961,Carla Powell
5962,Carla Roberts
5963,Carla Rodriguez
5964,Carla Russell
5965,Carla Smith
5966,Carla Snow
5967,Carla Spears
5968,Carla Taylor
5969,Carla Terry
5970,Carla Thomas
5971,Carla Torres
5972,Carla Wagner
5973,Carla Walker
5974,Carla Wilson
5975,Carlos Barry
5976,Carlos Bowers
5977,Carlos Boyer
5978,Carlos Bridges
5979,Carlos Briggs
5980,Carlos Brown
5981,Carlos Carlson
5982,Carlos Cook
5983,Carlos Fernandez
5984,Carlos Ford
5985,Carlos Gilbert
5986,Carlos Herrera
5987,Carlos Hess
5988,Carlos Jenkins
5989,Carlos Jennings
5990,Carlos Johns
5991,Carlos Johnson
5992,Carlos Joseph
5993,Carlos Kelly
5994,Carlos Kline
5995,Carlos Love
5996,Carlos Marshall
5997,Carlos Martin
5998,Carlos Moore
5999,Carlos Morgan
6000,Carlos Morrison
6001,Carlos Odom
6002,Carlos Patrick
6003,Carlos Perez
6004,Carlos Perkins
6005,Carlos Ramos
6006,Carlos Raymond
6007,Carlos Rhodes
6008,Carlos Riddle
6009,Carlos Riley
6010,Carlos Rivera
6011,Carlos Russell
6012,Carlos Saunders
6013,Carlos Serrano
6014,Carlos Sharp
6015,Carlos Sims
6016,Carlos Smith
6017,Carlos Soto
6018,Carlos Stanley
6019,Carlos Steele
6020,Carlos Thompson
6021,Carlos Torres
6022,Carlos Turner
6023,Carlos Wagner
6024,Carlos Wilson
6025,Carlos Woodward
6026,Carly Bush
6027,Carly Cardenas
6028,Carly Clark
6029,Carly Dawson
6030,Carly Flynn
6031,Carly Harris
6032,Carly Higgins
6033,Carly Hill
6034,Carly Johnston
6035,Carly Marshall
6036,Carly Sullivan
6037,Carly Thompson
6038,Carly Torres
6039,Carly Tran
6040,Carly Wilson
6041,Carmen Adkins
6042,Carmen Austin
6043,Carmen Cline
6044,Carmen Ewing
6045,Carmen Frey
6046,Carmen Hall
6047,Carmen Harris
6048,Carmen Herman
6049,Carmen Holmes
6050,Carmen Huerta
6051,Carmen Johnson
6052,Carmen Jones
6053,Carmen Lee
6054,Carmen Lutz
6055,Carmen Mann
6056,Carmen Mcdonald
6057,Carmen Moody
6058,Carmen Mooney
6059,Carmen Moore
6060,Carmen Morse
6061,Carmen Obrien
6062,Carmen Phillips
6063,Carmen Ramos
6064,Carmen Taylor
6065,Carmen Thompson
6066,Carmen Vazquez
6067,Carmen Vega
6068,Carmen Whitehead
6069,Carmen Williams
6070,Carmen Williamson
6071,Carmen Young
6072,Carol Allen
6073,Carol Bailey
6074,Carol Baker
6075,Carol Barnett
6076,Carol Bradshaw
6077,Carol Bray
6078,Carol Brown
6079,Carol Buchanan
6080,Carol Campbell
6081,Carol Chambers
6082,Carol Chapman
6083,Carol Collier
6084,Carol David
6085,Carol Douglas
6086,Carol Dunn
6087,Carol Gallegos
6088,Carol Golden
6089,Carol Gonzalez
6090,Carol Goodwin
6091,Carol Hernandez
6092,Carol Hickman
6093,Carol Hill
6094,Carol Hogan
6095,Carol Hood
6096,Carol Huff
6097,Carol Jackson
6098,Carol Jimenez
6099,Carol Johnson
6100,Carol Kelley
6101,Carol Kelly
6102,Carol King
6103,Carol Mcdowell
6104,Carol Mendoza
6105,Carol Molina
6106,Carol Moore
6107,Carol Newman
6108,Carol Newton
6109,Carol Ochoa
6110,Carol Oconnor
6111,Carol Payne
6112,Carol Peters
6113,Carol Pierce
6114,Carol Ramos
6115,Carol Reed
6116,Carol Reid
6117,Carol Reyes
6118,Carol Rivera
6119,Carol Roberson
6120,Carol Robinson
6121,Carol Robles
6122,Carol Rodriguez
6123,Carol Rogers
6124,Carol Sandoval
6125,Carol Shepard
6126,Carol Small
6127,Carol Smith
6128,Carol Stein
6129,Carol Thomas
6130,Carol Thompson
6131,Carol Vazquez
6132,Carol Wallace
6133,Carol Warner
6134,Carol Washington
6135,Carol Watkins
6136,Carol West
6137,Carol Williams
6138,Carol Wilson
6139,Carol Wood
6140,Caroline Alvarado
6141,Caroline Booker
6142,Caroline Brady
6143,Caroline Bush
6144,Caroline Cantrell
6145,Caroline Case
6146,Caroline Casey
6147,Caroline Castillo
6148,Caroline Choi
6149,Caroline Dyer
6150,Caroline Fields
6151,Caroline Fox
6152,Caroline Gonzalez
6153,Caroline Hall
6154,Caroline Harris
6155,Caroline Henderson
6156,Caroline Jackson
6157,Caroline Lozano
6158,Caroline Mayo
6159,Caroline Mitchell
6160,Caroline Moore
6161,Caroline Moyer
6162,Caroline Nunez
6163,Caroline Roberson
6164,Caroline Rodriguez
6165,Caroline Russell
6166,Caroline Tate
6167,Caroline Watson
6168,Caroline Wright
6169,Caroline York
6170,Carolyn Adams
6171,Carolyn Arnold
6172,Carolyn Ashley
6173,Carolyn Barrett
6174,Carolyn Becker
6175,Carolyn Boone
6176,Carolyn Burnett
6177,Carolyn Campbell
6178,Carolyn Cook
6179,Carolyn Cooper
6180,Carolyn Davis
6181,Carolyn Dean
6182,Carolyn Estes
6183,Carolyn Estrada
6184,Carolyn Freeman
6185,Carolyn Frost
6186,Carolyn Garcia
6187,Carolyn Gardner
6188,Carolyn Gray
6189,Carolyn Griffin
6190,Carolyn Guzman
6191,Carolyn Harris
6192,Carolyn Herman
6193,Carolyn Hunt
6194,Carolyn Hurst
6195,Carolyn Johnson
6196,Carolyn Kim
6197,Carolyn King
6198,Carolyn Lee
6199,Carolyn Lopez
6200,Carolyn Mack
6201,Carolyn Mason
6202,Carolyn Mccormick
6203,Carolyn Mcgee
6204,Carolyn Mcgrath
6205,Carolyn Mcintosh
6206,Carolyn Mercer
6207,Carolyn Miller
6208,Carolyn Moore
6209,Carolyn Mosley
6210,Carolyn Myers
6211,Carolyn Navarro
6212,Carolyn Nichols
6213,Carolyn Obrien
6214,Carolyn Oneal
6215,Carolyn Park
6216,Carolyn Paul
6217,Carolyn Perez
6218,Carolyn Peters
6219,Carolyn Pollard
6220,Carolyn Rangel
6221,Carolyn Roberts
6222,Carolyn Ross
6223,Carolyn Ruiz
6224,Carolyn Ruiz Dds
6225,Carolyn Salazar
6226,Carolyn Santiago
6227,Carolyn Shaffer
6228,Carolyn Singh
6229,Carolyn Sloan
6230,Carolyn Stevenson
6231,Carolyn Tucker
6232,Carolyn Valenzuela
6233,Carolyn Vaughn
6234,Carolyn Walton
6235,Carolyn Watkins
6236,Carolyn Williams
6237,Carolyn Woods
6238,Carrie Arnold
6239,Carrie Avery
6240,Carrie Bailey
6241,Carrie Banks
6242,Carrie Brock
6243,Carrie Brown
6244,Carrie Byrd
6245,Carrie Carpenter
6246,Carrie Choi
6247,Carrie Clark
6248,Carrie Cunningham
6249,Carrie Curtis
6250,Carrie Day
6251,Carrie Donovan
6252,Carrie Douglas
6253,Carrie Elliott
6254,Carrie Fisher
6255,Carrie Frederick
6256,Carrie Galvan
6257,Carrie Garcia
6258,Carrie Gonzalez
6259,Carrie Gordon
6260,Carrie Gray
6261,Carrie Green
6262,Carrie Harmon
6263,Carrie Harrison
6264,Carrie Hayes
6265,Carrie Hernandez
6266,Carrie Higgins
6267,Carrie Holmes
6268,Carrie Howell
6269,Carrie Huynh
6270,Carrie Johnson
6271,Carrie Kim
6272,Carrie Knox
6273,Carrie Lam
6274,Carrie Lewis
6275,Carrie Li
6276,Carrie Madden
6277,Carrie Marquez
6278,Carrie Marshall
6279,Carrie Martin Md
6280,Carrie Martinez
6281,Carrie Mathews
6282,Carrie Matthews
6283,Carrie Mcbride
6284,Carrie Mcdowell
6285,Carrie Meza
6286,Carrie Montes
6287,Carrie Morrison
6288,Carrie Munoz
6289,Carrie Navarro
6290,Carrie Nguyen
6291,Carrie Obrien
6292,Carrie Padilla
6293,Carrie Payne
6294,Carrie Perez
6295,Carrie Pittman
6296,Carrie Ramirez
6297,Carrie Randolph
6298,Carrie Rivera
6299,Carrie Silva
6300,Carrie Smith
6301,Carrie Steele
6302,Carrie Stewart
6303,Carrie Stokes
6304,Carrie Taylor
6305,Carrie Thompson
6306,Carrie Torres
6307,Carrie Vang
6308,Carrie Walter
6309,Carrie Ward
6310,Carrie Warren
6311,Carrie Watson
6312,Carrie Williams
6313,Carrie Wright
6314,Carrie Wyatt
6315,Carrie Zamora
6316,Casey Ali
6317,Casey Andrews
6318,Casey Atkinson
6319,Casey Bailey
6320,Casey Baker
6321,Casey Barron
6322,Casey Bauer
6323,Casey Berger
6324,Casey Black
6325,Casey Brown
6326,Casey Cain
6327,Casey Calderon
6328,Casey Clark
6329,Casey Cruz
6330,Casey Davis
6331,Casey Dawson
6332,Casey Evans
6333,Casey Fowler
6334,Casey Gaines
6335,Casey Gomez
6336,Casey Hall
6337,Casey Hamilton
6338,Casey Harris
6339,Casey Hawkins
6340,Casey Hodges
6341,Casey Hoffman
6342,Casey Hoover
6343,Casey Johnson
6344,Casey Kelley
6345,Casey Lee
6346,Casey Little
6347,Casey Long
6348,Casey Lopez
6349,Casey Martinez
6350,Casey Mcbride
6351,Casey Meza
6352,Casey Moran
6353,Casey Nelson
6354,Casey Nichols
6355,Casey Olson
6356,Casey Patel
6357,Casey Patterson
6358,Casey Pham
6359,Casey Pugh
6360,Casey Rivera
6361,Casey Robinson
6362,Casey Russell
6363,Casey Serrano
6364,Casey Sims
6365,Casey Smith
6366,Casey Sparks
6367,Casey Stone
6368,Casey Taylor
6369,Casey Thomas
6370,Casey Torres
6371,Casey Travis
6372,Casey Trevino
6373,Casey Vargas
6374,Casey Villanueva
6375,Casey Wallace
6376,Casey Watson
6377,Casey White
6378,Casey Wilson
6379,Casey Wood
6380,Casey Zamora
6381,Cassandra Austin
6382,Cassandra Bates
6383,Cassandra Bond
6384,Cassandra Bowen
6385,Cassandra Brooks
6386,Cassandra Brown
6387,Cassandra Bryant
6388,Cassandra Burns
6389,Cassandra Cain
6390,Cassandra Carroll
6391,Cassandra Coleman
6392,Cassandra Cortez
6393,Cassandra Cruz
6394,Cassandra Dudley
6395,Cassandra English
6396,Cassandra Erickson
6397,Cassandra Estes
6398,Cassandra Fox
6399,Cassandra Frazier
6400,Cassandra Fuentes
6401,Cassandra Gates
6402,Cassandra Gibson
6403,Cassandra Green
6404,Cassandra Gregory
6405,Cassandra Hall
6406,Cassandra Hanson
6407,Cassandra Harrison
6408,Cassandra Harvey
6409,Cassandra Hatfield
6410,Cassandra Hicks
6411,Cassandra Howard Dvm
6412,Cassandra Howe
6413,Cassandra Hubbard
6414,Cassandra Jones
6415,Cassandra Keller
6416,Cassandra Kelly
6417,Cassandra Knight
6418,Cassandra Lewis
6419,Cassandra Little
6420,Cassandra Martinez
6421,Cassandra Maxwell
6422,Cassandra Maxwell Dvm
6423,Cassandra Mcgrath
6424,Cassandra Miller
6425,Cassandra Montoya
6426,Cassandra Moore
6427,Cassandra Nichols
6428,Cassandra Parks
6429,Cassandra Patton
6430,Cassandra Perez
6431,Cassandra Ramsey
6432,Cassandra Ray
6433,Cassandra Reyes
6434,Cassandra Richards
6435,Cassandra Silva
6436,Cassandra Smith
6437,Cassandra Stone
6438,Cassandra Sullivan
6439,Cassandra Taylor
6440,Cassandra Thomas
6441,Cassandra Tucker
6442,Cassandra Wade
6443,Cassandra Walter
6444,Cassandra Walters
6445,Cassandra Webb
6446,Cassandra Willis
6447,Cassandra Wright
6448,Cassidy Boyd
6449,Cassidy Burgess
6450,Cassidy Cooper
6451,Cassidy Davis
6452,Cassidy Donaldson
6453,Cassidy Mills
6454,Cassidy Sanchez
6455,Cassidy Sullivan
6456,Cassidy Thompson
6457,Cassie Buck
6458,Cassie Curtis
6459,Cassie Edwards
6460,Cassie Garcia
6461,Cassie Mccullough
6462,Cassie Mclaughlin
6463,Cassie Myers
6464,Cassie Simon
6465,Catherine Adams
6466,Catherine Allen
6467,Catherine Baker
6468,Catherine Barnes
6469,Catherine Bautista
6470,Catherine Becker
6471,Catherine Benitez
6472,Catherine Bishop
6473,Catherine Brown
6474,Catherine Carr
6475,Catherine Chang
6476,Catherine Chavez
6477,Catherine Cook
6478,Catherine Davenport
6479,Catherine Dean
6480,Catherine Douglas
6481,Catherine Dunn
6482,Catherine Espinoza
6483,Catherine Fleming
6484,Catherine Gallagher
6485,Catherine Gamble
6486,Catherine Garcia
6487,Catherine Garrett
6488,Catherine Garrison
6489,Catherine Gonzales
6490,Catherine Gonzalez
6491,Catherine Goodman
6492,Catherine Gregory
6493,Catherine Griffith
6494,Catherine Grimes
6495,Catherine Haas
6496,Catherine Hansen
6497,Catherine Hernandez
6498,Catherine Hines
6499,Catherine Howard
6500,Catherine Howell
6501,Catherine Jackson
6502,Catherine Jimenez
6503,Catherine Johnson
6504,Catherine Jones
6505,Catherine Joseph
6506,Catherine Kaufman
6507,Catherine Keller
6508,Catherine Kim
6509,Catherine King
6510,Catherine Knight
6511,Catherine Knox
6512,Catherine Kramer
6513,Catherine Lawrence
6514,Catherine Lopez
6515,Catherine Malone
6516,Catherine Mcguire
6517,Catherine Meyer
6518,Catherine Miller
6519,Catherine Mitchell
6520,Catherine Montgomery
6521,Catherine Moore
6522,Catherine Mora
6523,Catherine Morales
6524,Catherine Morris
6525,Catherine Nelson
6526,Catherine Nguyen
6527,Catherine Nicholson
6528,Catherine Nolan
6529,Catherine Oconnor
6530,Catherine Olsen
6531,Catherine Olson
6532,Catherine Parks
6533,Catherine Patrick
6534,Catherine Pennington
6535,Catherine Peters
6536,Catherine Phillips
6537,Catherine Pierce
6538,Catherine Poole
6539,Catherine Powers
6540,Catherine Ramirez
6541,Catherine Reid
6542,Catherine Rice
6543,Catherine Robbins
6544,Catherine Rodriguez
6545,Catherine Ross
6546,Catherine Sanchez
6547,Catherine Sandoval
6548,Catherine Simmons
6549,Catherine Simpson
6550,Catherine Smith
6551,Catherine Snow
6552,Catherine Snyder
6553,Catherine Soto
6554,Catherine Stevens
6555,Catherine Stewart
6556,Catherine Thompson
6557,Catherine Torres
6558,Catherine Vance
6559,Catherine Walker
6560,Catherine Warren
6561,Catherine Watson
6562,Catherine Wiley
6563,Catherine Williams
6564,Catherine Williamson
6565,Catherine Wilson
6566,Catherine Wilson Phd
6567,Catherine Wise
6568,Cathy Brown
6569,Cathy Cameron
6570,Cathy Davis
6571,Cathy Farrell
6572,Cathy Fritz
6573,Cathy Garner
6574,Cathy Hahn
6575,Cathy Howard
6576,Cathy Jackson
6577,Cathy Kim
6578,Cathy King
6579,Cathy Lane
6580,Cathy Lewis
6581,Cathy Mccoy
6582,Cathy Miller
6583,Cathy Moore
6584,Cathy Owens
6585,Cathy Sanchez
6586,Cathy Sharp
6587,Cathy Sullivan
6588,Cathy Swanson
6589,Cathy Vasquez
6590,Cathy Vega
6591,Cathy Weeks
6592,Cathy West
6593,Cesar Banks
6594,Cesar Collins
6595,Cesar Dean
6596,Cesar Hernandez
6597,Cesar Hill
6598,Cesar Patel
6599,Cesar Roth
6600,Cesar Skinner
6601,Cesar Thomas
6602,Cesar Vega
6603,Chad Adams
6604,Chad Allen
6605,Chad Alvarez
6606,Chad Andrews
6607,Chad Baker
6608,Chad Bell
6609,Chad Brown
6610,Chad Campbell
6611,Chad Carter
6612,Chad Chavez
6613,Chad Collins
6614,Chad Cooper
6615,Chad Crane
6616,Chad Curtis
6617,Chad Evans
6618,Chad Fields
6619,Chad Fitzpatrick
6620,Chad Foster
6621,Chad Freeman
6622,Chad Gilbert
6623,Chad Gomez
6624,Chad Gonzalez
6625,Chad Graham
6626,Chad Graves
6627,Chad Gray
6628,Chad Griffin
6629,Chad Harris
6630,Chad Harvey
6631,Chad Henderson
6632,Chad Hernandez
6633,Chad Hicks
6634,Chad Hobbs
6635,Chad Holt
6636,Chad Horton
6637,Chad Howe
6638,Chad Hunter
6639,Chad Hutchinson
6640,Chad Irwin
6641,Chad Jacobs
6642,Chad Jenkins
6643,Chad Johnson
6644,Chad Jones
6645,Chad Kelley
6646,Chad Kennedy
6647,Chad Kim
6648,Chad Lane
6649,Chad Le
6650,Chad Leon
6651,Chad Levine
6652,Chad Lewis
6653,Chad Long
6654,Chad Lucas
6655,Chad Lynch
6656,Chad Lynn
6657,Chad Mccoy
6658,Chad Mcguire
6659,Chad Mckenzie
6660,Chad Miller
6661,Chad Moore
6662,Chad Morse
6663,Chad Murphy
6664,Chad Newman
6665,Chad Nolan
6666,Chad Obrien
6667,Chad Owens
6668,Chad Peck
6669,Chad Perez
6670,Chad Perry
6671,Chad Phelps
6672,Chad Price
6673,Chad Roberts
6674,Chad Robertson
6675,Chad Robinson
6676,Chad Sandoval
6677,Chad Schultz
6678,Chad Small
6679,Chad Smith
6680,Chad Solomon
6681,Chad Sparks
6682,Chad Stevens
6683,Chad Strong
6684,Chad Taylor Jr.
6685,Chad Thornton
6686,Chad Vincent Phd
6687,Chad Wagner
6688,Chad Walker
6689,Chad Walton
6690,Chad Wells
6691,Chad Williams
6692,Chad Wolf
6693,Chad Yu
6694,Charlene Andrade
6695,Charlene Andrews
6696,Charlene Clayton
6697,Charlene Ellis
6698,Charlene Gibbs
6699,Charlene Harris
6700,Charlene Kelly
6701,Charlene Lewis
6702,Charlene Mendoza
6703,Charlene Morris
6704,Charlene Peterson
6705,Charlene Robles
6706,Charlene Santos
6707,Charlene Taylor
6708,Charles Aguirre
6709,Charles Alexander
6710,Charles Allen
6711,Charles Anderson
6712,Charles Arnold
6713,Charles Atkinson
6714,Charles Austin
6715,Charles Bailey
6716,Charles Baker
6717,Charles Barnett
6718,Charles Beard
6719,Charles Beasley
6720,Charles Bell
6721,Charles Bishop
6722,Charles Blackwell
6723,Charles Bond
6724,Charles Booker
6725,Charles Brady
6726,Charles Brown
6727,Charles Browning
6728,Charles Bruce
6729,Charles Burke
6730,Charles Butler
6731,Charles Byrd
6732,Charles Cain
6733,Charles Camacho
6734,Charles Campbell
6735,Charles Cardenas
6736,Charles Cervantes
6737,Charles Chapman
6738,Charles Clayton
6739,Charles Clements
6740,Charles Coleman
6741,Charles Collins
6742,Charles Cooper
6743,Charles Cortez
6744,Charles Cowan
6745,Charles Cox Md
6746,Charles Cruz
6747,Charles Cunningham
6748,Charles Daniel
6749,Charles Davis
6750,Charles Delgado
6751,Charles Diaz
6752,Charles Dixon
6753,Charles Donovan
6754,Charles Dunn
6755,Charles Ellis
6756,Charles Fernandez
6757,Charles Flores
6758,Charles Frost
6759,Charles Fuentes
6760,Charles Garcia
6761,Charles Gilmore
6762,Charles Gray
6763,Charles Green
6764,Charles Gross
6765,Charles Haas
6766,Charles Hamilton
6767,Charles Hansen
6768,Charles Hardy
6769,Charles Harper
6770,Charles Harris
6771,Charles Harrison
6772,Charles Hawkins
6773,Charles Hays
6774,Charles Hernandez
6775,Charles Herrera
6776,Charles Hill
6777,Charles Hines
6778,Charles Hinton
6779,Charles Hoffman
6780,Charles Holden
6781,Charles Hood
6782,Charles Horn
6783,Charles Howard
6784,Charles Howell
6785,Charles James
6786,Charles Jenkins
6787,Charles Johnson
6788,Charles Johnston
6789,Charles Jones
6790,Charles Jordan
6791,Charles Joseph
6792,Charles Joyce
6793,Charles Keller
6794,Charles Kelley
6795,Charles Kent
6796,Charles Kim
6797,Charles King
6798,Charles Kirby
6799,Charles Klein
6800,Charles Kramer
6801,Charles Krueger
6802,Charles Lam
6803,Charles Lambert
6804,Charles Lane
6805,Charles Larsen
6806,Charles Lawrence
6807,Charles Lee
6808,Charles Liu
6809,Charles Long
6810,Charles Lopez
6811,Charles Lynch
6812,Charles Mack
6813,Charles Marks
6814,Charles Martin
6815,Charles Martinez
6816,Charles Mason
6817,Charles Mathews
6818,Charles Matthews
6819,Charles May
6820,Charles Mccarty
6821,Charles Mccoy
6822,Charles Mcdonald
6823,Charles Meadows
6824,Charles Mercado
6825,Charles Miller
6826,Charles Mitchell
6827,Charles Montes
6828,Charles Montgomery
6829,Charles Moore
6830,Charles Morales Jr.
6831,Charles Moreno
6832,Charles Morgan
6833,Charles Mullins
6834,Charles Murphy
6835,Charles Myers
6836,Charles Nash
6837,Charles Nelson
6838,Charles Nguyen
6839,Charles Nicholson
6840,Charles Nixon
6841,Charles Ochoa
6842,Charles Oconnell
6843,Charles Ortega
6844,Charles Palmer
6845,Charles Parsons
6846,Charles Patterson
6847,Charles Patton
6848,Charles Pennington
6849,Charles Perez
6850,Charles Perry
6851,Charles Peters
6852,Charles Peterson
6853,Charles Phillips
6854,Charles Poole
6855,Charles Powell
6856,Charles Ramirez
6857,Charles Ramsey
6858,Charles Ray
6859,Charles Reed
6860,Charles Reid
6861,Charles Reyes
6862,Charles Reynolds
6863,Charles Riggs
6864,Charles Riley
6865,Charles Rivers
6866,Charles Roberson
6867,Charles Roberts
6868,Charles Rogers
6869,Charles Rojas
6870,Charles Rosales
6871,Charles Ross
6872,Charles Salinas
6873,Charles Sampson
6874,Charles Sanchez
6875,Charles Sanders
6876,Charles Sawyer
6877,Charles Schmidt
6878,Charles Schultz
6879,Charles Scott
6880,Charles Shaw
6881,Charles Simmons
6882,Charles Singh
6883,Charles Small
6884,Charles Smith
6885,Charles Snyder
6886,Charles Stanley
6887,Charles Stephens
6888,Charles Strong Dds
6889,Charles Stuart
6890,Charles Taylor
6891,Charles Terrell
6892,Charles Terry
6893,Charles Thomas
6894,Charles Todd
6895,Charles Torres
6896,Charles Tucker
6897,Charles Turner
6898,Charles Turner Dds
6899,Charles Vaughn
6900,Charles Velasquez
6901,Charles Walker
6902,Charles Wallace
6903,Charles Ward
6904,Charles Ware
6905,Charles Watts
6906,Charles Webb
6907,Charles White
6908,Charles Williams
6909,Charles Wilson
6910,Charles Wood
6911,Charles Yang
6912,Charles Young
6913,Charles Zimmerman
6914,Charles Zuniga
6915,Charlotte Aguilar
6916,Charlotte Baker
6917,Charlotte Banks
6918,Charlotte Barry
6919,Charlotte Bray
6920,Charlotte Collins
6921,Charlotte Ferguson
6922,Charlotte Grimes
6923,Charlotte Jones
6924,Charlotte Munoz
6925,Charlotte Reyes Md
6926,Charlotte Rogers
6927,Charlotte Shepherd
6928,Charlotte Suarez
6929,Chase Bauer
6930,Chase Beasley
6931,Chase Booker Dds
6932,Chase Booth
6933,Chase Costa
6934,Chase David
6935,Chase Flores
6936,Chase Gonzalez
6937,Chase Griffith
6938,Chase Hayes
6939,Chase Huang
6940,Chase Lawrence
6941,Chase Mckinney
6942,Chase Patrick
6943,Chase Rice
6944,Chase Rivers
6945,Chase Robinson
6946,Chase Simpson
6947,Chase Smith
6948,Chase Wade
6949,Chase Ward
6950,Chase Webster
6951,Chase White
6952,Chelsea Alvarado
6953,Chelsea Baker
6954,Chelsea Bauer Dds
6955,Chelsea Bennett
6956,Chelsea Black
6957,Chelsea Buchanan
6958,Chelsea Cain
6959,Chelsea Clark
6960,Chelsea Contreras
6961,Chelsea Craig
6962,Chelsea Davis
6963,Chelsea Gallagher
6964,Chelsea Garcia
6965,Chelsea Gibson
6966,Chelsea Gonzalez
6967,Chelsea Greene
6968,Chelsea Hampton
6969,Chelsea Herman
6970,Chelsea Hester
6971,Chelsea Howard
6972,Chelsea Johnson
6973,Chelsea Johnston
6974,Chelsea King
6975,Chelsea Kirby
6976,Chelsea Larson
6977,Chelsea Lee
6978,Chelsea Malone
6979,Chelsea Mays
6980,Chelsea Merritt
6981,Chelsea Miller
6982,Chelsea Neal
6983,Chelsea Owen
6984,Chelsea Paul
6985,Chelsea Payne
6986,Chelsea Perez
6987,Chelsea Pham
6988,Chelsea Pope
6989,Chelsea Price
6990,Chelsea Reyes
6991,Chelsea Richardson
6992,Chelsea Rios
6993,Chelsea Robinson
6994,Chelsea Rodriguez
6995,Chelsea Ruiz
6996,Chelsea Salazar
6997,Chelsea Schmidt
6998,Chelsea Singh
6999,Chelsea Small
7000,Chelsea Smith
7001,Chelsea Solomon
7002,Chelsea Torres
7003,Chelsea Townsend
7004,Chelsea Wang
7005,Chelsea Watson
7006,Chelsea Weber
7007,Chelsea Weeks
7008,Chelsea Wilson
7009,Chelsea Woods
7010,Chelsea Yang
7011,Chelsey Chase
7012,Chelsey Green
7013,Chelsey Harris
7014,Chelsey Harrison
7015,Chelsey Jordan
7016,Chelsey Kramer
7017,Chelsey Little
7018,Chelsey Myers
7019,Chelsey Pena
7020,Chelsey Wheeler
7021,Chelsey Willis
7022,Cheryl Adams
7023,Cheryl Allen
7024,Cheryl Anderson
7025,Cheryl Bailey
7026,Cheryl Benson
7027,Cheryl Blair
7028,Cheryl Brooks
7029,Cheryl Brown
7030,Cheryl Brown Dds
7031,Cheryl Burns
7032,Cheryl Campbell
7033,Cheryl Cantrell Dds
7034,Cheryl Chambers
7035,Cheryl Chandler
7036,Cheryl Charles
7037,Cheryl Chase
7038,Cheryl Clark
7039,Cheryl Cline
7040,Cheryl Crawford
7041,Cheryl Cruz
7042,Cheryl Cummings
7043,Cheryl Davila
7044,Cheryl Davis
7045,Cheryl Day
7046,Cheryl Dunn
7047,Cheryl Espinoza
7048,Cheryl Farrell
7049,Cheryl Faulkner
7050,Cheryl Fuller
7051,Cheryl Gilmore
7052,Cheryl Glenn
7053,Cheryl Gomez
7054,Cheryl Gonzalez
7055,Cheryl Goodwin
7056,Cheryl Gray
7057,Cheryl Griffin
7058,Cheryl Hamilton
7059,Cheryl Harper
7060,Cheryl Harris
7061,Cheryl Hart
7062,Cheryl Hays
7063,Cheryl Herrera
7064,Cheryl Howard
7065,Cheryl Jackson
7066,Cheryl Jacobson
7067,Cheryl Jensen
7068,Cheryl Johnson
7069,Cheryl Jones
7070,Cheryl Kelley
7071,Cheryl Kirby
7072,Cheryl Lane
7073,Cheryl Lewis
7074,Cheryl Malone
7075,Cheryl Marquez
7076,Cheryl Maxwell
7077,Cheryl Miller
7078,Cheryl Mitchell
7079,Cheryl Molina
7080,Cheryl Montoya
7081,Cheryl Moreno Dds
7082,Cheryl Morris
7083,Cheryl Munoz
7084,Cheryl Murphy
7085,Cheryl Myers
7086,Cheryl Nelson
7087,Cheryl Norris
7088,Cheryl Osborne
7089,Cheryl Pennington
7090,Cheryl Perez
7091,Cheryl Perry
7092,Cheryl Ramsey
7093,Cheryl Randall
7094,Cheryl Reid Dds
7095,Cheryl Reyes
7096,Cheryl Richardson
7097,Cheryl Rodriguez
7098,Cheryl Rojas
7099,Cheryl Salazar
7100,Cheryl Sanchez
7101,Cheryl Shah
7102,Cheryl Shaw
7103,Cheryl Smith
7104,Cheryl Sweeney
7105,Cheryl Taylor
7106,Cheryl Turner
7107,Cheryl Underwood
7108,Cheryl Vargas
7109,Cheryl Walker
7110,Cheryl Waller
7111,Cheryl Watson
7112,Cheryl Webb
7113,Cheryl Wells Md
7114,Cheryl White
7115,Cheryl Whitehead
7116,Cheryl Williams
7117,Cheryl Wilson
7118,Cheyenne Baldwin
7119,Cheyenne Brown
7120,Cheyenne Ellis
7121,Cheyenne Garcia
7122,Cheyenne Larson
7123,Cheyenne Martin
7124,Cheyenne Nelson
7125,Cheyenne Oneal
7126,Cheyenne Salazar
7127,Cheyenne Thornton
7128,Cheyenne Trevino
7129,Cheyenne Williams
7130,Cheyenne Wilson
7131,Cheyenne Young
7132,Chloe Burns
7133,Chloe Curtis
7134,Chloe Jones
7135,Chloe Kelly
7136,Chloe May
7137,Chloe Meyer
7138,Chloe Smith
7139,Chloe Tapia
7140,Chloe Wilson
7141,Chloe Young
7142,Chris Alvarez
7143,Chris Anderson
7144,Chris Berry
7145,Chris Blankenship
7146,Chris Brown
7147,Chris Caldwell
7148,Chris Davis
7149,Chris Faulkner
7150,Chris Gilmore
7151,Chris Gomez
7152,Chris Green
7153,Chris Hall
7154,Chris Harding
7155,Chris Henry
7156,Chris Holt
7157,Chris Kemp
7158,Chris Klein
7159,Chris Lopez
7160,Chris May
7161,Chris Mcfarland Dds
7162,Chris Morrison
7163,Chris Munoz
7164,Chris Nelson
7165,Chris Nichols
7166,Chris Pennington
7167,Chris Roberson
7168,Chris Ross
7169,Chris Ruiz
7170,Chris Santiago
7171,Chris Schwartz
7172,Chris Silva
7173,Chris Smith
7174,Chris Thompson
7175,Chris Wallace
7176,Chris Weber
7177,Christian Alexander
7178,Christian Allen
7179,Christian Anderson
7180,Christian Arnold
7181,Christian Baker
7182,Christian Bautista
7183,Christian Bentley
7184,Christian Bowman
7185,Christian Briggs
7186,Christian Brooks
7187,Christian Buckley
7188,Christian Camacho
7189,Christian Cannon
7190,Christian Clark
7191,Christian Cox
7192,Christian Curtis
7193,Christian Dawson
7194,Christian Farley
7195,Christian Galvan
7196,Christian Gomez
7197,Christian Grimes
7198,Christian Gross
7199,Christian Hall
7200,Christian Hodges
7201,Christian Hopkins
7202,Christian Howard
7203,Christian Hunter
7204,Christian Jackson
7205,Christian Johnson
7206,Christian Kemp
7207,Christian Kim
7208,Christian King
7209,Christian Lewis
7210,Christian Lynch
7211,Christian Mcpherson
7212,Christian Meyer
7213,Christian Miller
7214,Christian Morgan
7215,Christian Murray
7216,Christian Olson
7217,Christian Owens
7218,Christian Parker
7219,Christian Phillips
7220,Christian Preston
7221,Christian Reyes
7222,Christian Richardson
7223,Christian Robertson
7224,Christian Robinson
7225,Christian Rocha
7226,Christian Rodriguez
7227,Christian Sellers
7228,Christian Todd
7229,Christian Vaughn
7230,Christian Walker
7231,Christian Walters
7232,Christian Williams
7233,Christian Wilson
7234,Christian Yu
7235,Christie Fischer
7236,Christie Fisher
7237,Christie Fox
7238,Christie Gordon
7239,Christie Hernandez
7240,Christie Hurst
7241,Christie Marquez
7242,Christie Miller
7243,Christie Smith
7244,Christie Vargas
7245,Christie Weaver
7246,Christina Adams
7247,Christina Alexander
7248,Christina Alvarado
7249,Christina Andrade
7250,Christina Atkinson
7251,Christina Ayala
7252,Christina Bailey
7253,Christina Baker
7254,Christina Bass
7255,Christina Bell
7256,Christina Bennett
7257,Christina Benson
7258,Christina Berry
7259,Christina Blake
7260,Christina Booker
7261,Christina Bradshaw
7262,Christina Brady
7263,Christina Brennan
7264,Christina Brown
7265,Christina Burton
7266,Christina Cabrera
7267,Christina Campbell
7268,Christina Carpenter
7269,Christina Carroll
7270,Christina Casey
7271,Christina Chapman
7272,Christina Chen
7273,Christina Clark
7274,Christina Daniels
7275,Christina Davila
7276,Christina Davis
7277,Christina Diaz
7278,Christina Drake
7279,Christina Duke
7280,Christina Duncan
7281,Christina Duran
7282,Christina Dyer
7283,Christina Edwards
7284,Christina Espinoza
7285,Christina Estrada
7286,Christina Farmer
7287,Christina Fitzgerald
7288,Christina Flores
7289,Christina Ford
7290,Christina Fowler
7291,Christina Fox
7292,Christina Frederick
7293,Christina Fritz
7294,Christina Frye
7295,Christina Gallagher
7296,Christina Gallegos
7297,Christina Garcia
7298,Christina Gates
7299,Christina Gonzalez
7300,Christina Grant
7301,Christina Gray
7302,Christina Green
7303,Christina Griffin
7304,Christina Griffith
7305,Christina Guzman
7306,Christina Hall
7307,Christina Hammond
7308,Christina Hardy
7309,Christina Harrell
7310,Christina Harris
7311,Christina Hart
7312,Christina Heath
7313,Christina Hendrix
7314,Christina Henry
7315,Christina Hernandez
7316,Christina Hill
7317,Christina Hines
7318,Christina Howard
7319,Christina Hughes
7320,Christina Humphrey
7321,Christina Jackson
7322,Christina James
7323,Christina Jimenez
7324,Christina Johnson
7325,Christina Jones
7326,Christina Kaiser
7327,Christina Kemp
7328,Christina Kim
7329,Christina Lawrence
7330,Christina Leblanc
7331,Christina Lewis
7332,Christina Lopez
7333,Christina Love
7334,Christina Lowe
7335,Christina Lozano
7336,Christina Martin
7337,Christina Mathis
7338,Christina Mckenzie
7339,Christina Mcpherson
7340,Christina Medina
7341,Christina Mendez
7342,Christina Mercer
7343,Christina Miller
7344,Christina Moran
7345,Christina Morton
7346,Christina Munoz
7347,Christina Newman
7348,Christina Nguyen
7349,Christina Oconnell
7350,Christina Orr
7351,Christina Owens
7352,Christina Palmer
7353,Christina Parker
7354,Christina Perez
7355,Christina Perkins
7356,Christina Perry
7357,Christina Peterson
7358,Christina Phillips
7359,Christina Pollard
7360,Christina Price
7361,Christina Prince
7362,Christina Ramirez
7363,Christina Ramsey
7364,Christina Rasmussen
7365,Christina Reed
7366,Christina Reynolds
7367,Christina Robertson
7368,Christina Robinson
7369,Christina Rogers
7370,Christina Romero
7371,Christina Rosales
7372,Christina Ruiz
7373,Christina Russell
7374,Christina Russo
7375,Christina Schmidt
7376,Christina Schultz
7377,Christina Scott
7378,Christina Shaw
7379,Christina Simon
7380,Christina Smith
7381,Christina Smith Md
7382,Christina Stephens
7383,Christina Stephenson
7384,Christina Sutton
7385,Christina Terrell
7386,Christina Thomas
7387,Christina Townsend
7388,Christina Underwood
7389,Christina Valdez
7390,Christina Vaughn
7391,Christina Vincent
7392,Christina Wagner
7393,Christina Walker
7394,Christina Wang
7395,Christina Ward
7396,Christina Webb
7397,Christina Weiss
7398,Christina Welch
7399,Christina West
7400,Christina White
7401,Christina Whitehead
7402,Christina Williams
7403,Christina Williamson
7404,Christina Wolf
7405,Christina Wood
7406,Christina York
7407,Christina Young
7408,Christina Zuniga
7409,Christine Allen
7410,Christine Andrade
7411,Christine Arnold
7412,Christine Arroyo
7413,Christine Ayala
7414,Christine Bailey
7415,Christine Barker
7416,Christine Barrett
7417,Christine Barry
7418,Christine Bennett
7419,Christine Bishop
7420,Christine Bowers
7421,Christine Brewer
7422,Christine Brown
7423,Christine Carr
7424,Christine Castillo
7425,Christine Cline
7426,Christine Cobb
7427,Christine Cole
7428,Christine Collins
7429,Christine Cook
7430,Christine Cox
7431,Christine Davenport
7432,Christine Davies
7433,Christine Davis
7434,Christine Delgado
7435,Christine Diaz
7436,Christine Dodson
7437,Christine Duncan
7438,Christine Fernandez
7439,Christine Fisher
7440,Christine Flores
7441,Christine Frederick
7442,Christine Freeman
7443,Christine Garcia
7444,Christine Gardner
7445,Christine George
7446,Christine Gibson
7447,Christine Giles
7448,Christine Gill
7449,Christine Glenn
7450,Christine Gomez
7451,Christine Graham
7452,Christine Grant
7453,Christine Gray
7454,Christine Green
7455,Christine Guerrero
7456,Christine Gutierrez
7457,Christine Hall
7458,Christine Hammond
7459,Christine Harper
7460,Christine Harris
7461,Christine Henry
7462,Christine Hensley
7463,Christine Hernandez
7464,Christine Hines
7465,Christine Hoffman
7466,Christine Hogan
7467,Christine Holt Dds
7468,Christine Houston
7469,Christine Hunt
7470,Christine Ingram
7471,Christine Jennings
7472,Christine Jensen
7473,Christine Jimenez
7474,Christine Johnson
7475,Christine Johnston
7476,Christine Jones
7477,Christine Kelly
7478,Christine Kennedy
7479,Christine King
7480,Christine Lawson
7481,Christine Lee
7482,Christine Liu
7483,Christine Lopez
7484,Christine Love
7485,Christine Lucas
7486,Christine Martin
7487,Christine Martinez
7488,Christine Mason
7489,Christine Maxwell
7490,Christine Mcgee
7491,Christine Mckinney
7492,Christine Mclaughlin
7493,Christine Mejia
7494,Christine Miller
7495,Christine Mitchell
7496,Christine Montgomery
7497,Christine Moon
7498,Christine Mora
7499,Christine Moreno
7500,Christine Morgan
7501,Christine Morris
7502,Christine Morrison
7503,Christine Munoz
7504,Christine Murphy
7505,Christine Nguyen
7506,Christine Noble
7507,Christine Nunez
7508,Christine Ochoa
7509,Christine Odonnell
7510,Christine Padilla
7511,Christine Parker
7512,Christine Parsons
7513,Christine Patel
7514,Christine Paul
7515,Christine Pena
7516,Christine Powell
7517,Christine Ramos
7518,Christine Reynolds
7519,Christine Rhodes
7520,Christine Riley
7521,Christine Rivera
7522,Christine Rocha
7523,Christine Rodriguez
7524,Christine Rojas
7525,Christine Romero
7526,Christine Ruiz
7527,Christine Ryan
7528,Christine Salazar
7529,Christine Schmidt
7530,Christine Serrano
7531,Christine Shannon
7532,Christine Short
7533,Christine Silva
7534,Christine Singleton
7535,Christine Smith
7536,Christine Sosa
7537,Christine Stewart
7538,Christine Stout
7539,Christine Suarez
7540,Christine Taylor
7541,Christine Terry
7542,Christine Thomas
7543,Christine Thompson
7544,Christine Villanueva
7545,Christine Walters
7546,Christine Warner Dvm
7547,Christine Warren Md
7548,Christine Washington
7549,Christine Welch
7550,Christine White
7551,Christine Williams
7552,Christine Wilson
7553,Christine Winters
7554,Christine Wood
7555,Christine Woods
7556,Christine Wright
7557,Christopher Abbott
7558,Christopher Acevedo
7559,Christopher Adams
7560,Christopher Alexander
7561,Christopher Allen
7562,Christopher Allen Md
7563,Christopher Alvarez
7564,Christopher Anderson
7565,Christopher Anthony
7566,Christopher Armstrong
7567,Christopher Arnold Ii
7568,Christopher Avery
7569,Christopher Bailey
7570,Christopher Baker
7571,Christopher Baldwin
7572,Christopher Ballard
7573,Christopher Barker
7574,Christopher Barnes
7575,Christopher Barnett Dds
7576,Christopher Barton
7577,Christopher Bates
7578,Christopher Bautista
7579,Christopher Baxter
7580,Christopher Beard
7581,Christopher Becker
7582,Christopher Bell
7583,Christopher Bennett
7584,Christopher Bentley
7585,Christopher Best
7586,Christopher Blair
7587,Christopher Blevins
7588,Christopher Boone
7589,Christopher Bowers
7590,Christopher Boyle
7591,Christopher Bradshaw
7592,Christopher Brady
7593,Christopher Bridges
7594,Christopher Brooks
7595,Christopher Brown
7596,Christopher Brown Dds
7597,Christopher Bryan
7598,Christopher Buchanan
7599,Christopher Buckley
7600,Christopher Bullock Ii
7601,Christopher Burch
7602,Christopher Burke
7603,Christopher Burton
7604,Christopher Bush
7605,Christopher Butler
7606,Christopher Calderon
7607,Christopher Caldwell
7608,Christopher Callahan
7609,Christopher Cameron
7610,Christopher Campbell
7611,Christopher Cantrell
7612,Christopher Cardenas
7613,Christopher Carlson
7614,Christopher Carroll
7615,Christopher Carter
7616,Christopher Carter Dds
7617,Christopher Castaneda
7618,Christopher Castillo
7619,Christopher Castro
7620,Christopher Cervantes
7621,Christopher Chan
7622,Christopher Chapman
7623,Christopher Chavez
7624,Christopher Chen
7625,Christopher Choi
7626,Christopher Clark
7627,Christopher Clayton
7628,Christopher Clements
7629,Christopher Cole
7630,Christopher Collins
7631,Christopher Colon
7632,Christopher Combs
7633,Christopher Conley
7634,Christopher Contreras
7635,Christopher Cook
7636,Christopher Cooke
7637,Christopher Cooper
7638,Christopher Costa
7639,Christopher Cox
7640,Christopher Craig
7641,Christopher Crawford
7642,Christopher Cross
7643,Christopher Cruz
7644,Christopher Cunningham
7645,Christopher Davidson
7646,Christopher Davis
7647,Christopher Dawson
7648,Christopher Day
7649,Christopher Dean
7650,Christopher Delgado
7651,Christopher Diaz
7652,Christopher Dixon
7653,Christopher Douglas
7654,Christopher Duncan
7655,Christopher Duran
7656,Christopher Edwards
7657,Christopher Elliott
7658,Christopher Ellis
7659,Christopher Erickson
7660,Christopher Espinoza
7661,Christopher Estrada
7662,Christopher Evans
7663,Christopher Ewing
7664,Christopher Farrell
7665,Christopher Fischer
7666,Christopher Fisher
7667,Christopher Fitzpatrick
7668,Christopher Fleming
7669,Christopher Flores
7670,Christopher Flowers
7671,Christopher Floyd
7672,Christopher Flynn
7673,Christopher Forbes
7674,Christopher Ford
7675,Christopher Foster
7676,Christopher Fowler
7677,Christopher Fox
7678,Christopher Fox Iii
7679,Christopher Francis
7680,Christopher Franco
7681,Christopher Franklin
7682,Christopher Freeman
7683,Christopher French
7684,Christopher Frye
7685,Christopher Fuller
7686,Christopher Gallegos
7687,Christopher Garcia
7688,Christopher Garner
7689,Christopher Garrison
7690,Christopher Garza
7691,Christopher George
7692,Christopher Gibbs
7693,Christopher Gilbert
7694,Christopher Gillespie
7695,Christopher Glass
7696,Christopher Golden
7697,Christopher Gomez
7698,Christopher Gonzales
7699,Christopher Gonzalez
7700,Christopher Gordon
7701,Christopher Graham
7702,Christopher Graves
7703,Christopher Gray
7704,Christopher Green
7705,Christopher Greene
7706,Christopher Gregory
7707,Christopher Griffin
7708,Christopher Guerra
7709,Christopher Guzman
7710,Christopher Haas
7711,Christopher Hall
7712,Christopher Hanson
7713,Christopher Hardy
7714,Christopher Hardy Jr.
7715,Christopher Harrington
7716,Christopher Harris
7717,Christopher Harrison
7718,Christopher Hart
7719,Christopher Hartman
7720,Christopher Hawkins
7721,Christopher Hayden
7722,Christopher Haynes
7723,Christopher Henderson
7724,Christopher Henry
7725,Christopher Henry Dds
7726,Christopher Henson
7727,Christopher Hernandez
7728,Christopher Hicks
7729,Christopher Higgins
7730,Christopher Hill
7731,Christopher Hill Jr.
7732,Christopher Ho
7733,Christopher Hodges
7734,Christopher Hoffman
7735,Christopher Holland
7736,Christopher Holmes
7737,Christopher Horn
7738,Christopher House
7739,Christopher Howard
7740,Christopher Howe
7741,Christopher Hudson
7742,Christopher Huff
7743,Christopher Hughes
7744,Christopher Hull
7745,Christopher Humphrey
7746,Christopher Hunt
7747,Christopher Hunter
7748,Christopher Ibarra
7749,Christopher Ingram
7750,Christopher Jackson
7751,Christopher Jacobs
7752,Christopher James
7753,Christopher Jennings
7754,Christopher Jimenez
7755,Christopher Johns
7756,Christopher Johnson
7757,Christopher Johnston
7758,Christopher Jones
7759,Christopher Jordan
7760,Christopher Joyce
7761,Christopher Juarez
7762,Christopher Keller
7763,Christopher Kelly
7764,Christopher Kemp
7765,Christopher Kennedy
7766,Christopher Khan
7767,Christopher King
7768,Christopher Kirk
7769,Christopher Knapp
7770,Christopher Koch
7771,Christopher Lam
7772,Christopher Lambert
7773,Christopher Lane
7774,Christopher Larson
7775,Christopher Lawrence
7776,Christopher Lawson
7777,Christopher Leon Jr.
7778,Christopher Lewis
7779,Christopher Lin
7780,Christopher Lindsey Md
7781,Christopher Long
7782,Christopher Lopez
7783,Christopher Lynch
7784,Christopher Lynn
7785,Christopher Lyons
7786,Christopher Marks
7787,Christopher Marquez
7788,Christopher Marshall
7789,Christopher Martin
7790,Christopher Martinez
7791,Christopher Mason
7792,Christopher Massey
7793,Christopher Matthews
7794,Christopher May
7795,Christopher Mcbride
7796,Christopher Mccall
7797,Christopher Mccann
7798,Christopher Mccarty
7799,Christopher Mcclain
7800,Christopher Mcclure
7801,Christopher Mcdonald
7802,Christopher Mcfarland
7803,Christopher Mcknight
7804,Christopher Mclaughlin
7805,Christopher Mclean
7806,Christopher Meadows
7807,Christopher Mejia
7808,Christopher Mendez
7809,Christopher Mendoza
7810,Christopher Mercer
7811,Christopher Merritt
7812,Christopher Meyers
7813,Christopher Meyers Jr.
7814,Christopher Miller
7815,Christopher Mills
7816,Christopher Mitchell
7817,Christopher Moody
7818,Christopher Moore
7819,Christopher Morales
7820,Christopher Moreno
7821,Christopher Morgan
7822,Christopher Morris
7823,Christopher Moss
7824,Christopher Munoz
7825,Christopher Murphy
7826,Christopher Murray
7827,Christopher Myers
7828,Christopher Nelson
7829,Christopher Nguyen
7830,Christopher Nichols
7831,Christopher Noble
7832,Christopher Norris
7833,Christopher Obrien
7834,Christopher Oconnor
7835,Christopher Odom
7836,Christopher Olson
7837,Christopher Oneal
7838,Christopher Orr
7839,Christopher Owens
7840,Christopher Page
7841,Christopher Parker
7842,Christopher Parks
7843,Christopher Parrish
7844,Christopher Patel
7845,Christopher Patterson
7846,Christopher Pearson
7847,Christopher Perez
7848,Christopher Perkins
7849,Christopher Perry
7850,Christopher Perry Md
7851,Christopher Peters
7852,Christopher Phelps
7853,Christopher Phillips
7854,Christopher Potter
7855,Christopher Powell
7856,Christopher Price
7857,Christopher Prince
7858,Christopher Proctor
7859,Christopher Quinn
7860,Christopher Ramos
7861,Christopher Ramsey
7862,Christopher Randall
7863,Christopher Reed
7864,Christopher Reid
7865,Christopher Reyes
7866,Christopher Rhodes
7867,Christopher Rice
7868,Christopher Rich
7869,Christopher Richardson
7870,Christopher Richardson Dds
7871,Christopher Riddle
7872,Christopher Riley
7873,Christopher Rios
7874,Christopher Rivera
7875,Christopher Robbins
7876,Christopher Roberts
7877,Christopher Robinson
7878,Christopher Robinson Dvm
7879,Christopher Robles
7880,Christopher Rodriguez
7881,Christopher Rogers
7882,Christopher Rojas
7883,Christopher Roman
7884,Christopher Romero
7885,Christopher Rosario
7886,Christopher Rose
7887,Christopher Ross
7888,Christopher Rush
7889,Christopher Russell
7890,Christopher Russo
7891,Christopher Ryan
7892,Christopher Salazar
7893,Christopher Sanchez
7894,Christopher Sanchez Jr.
7895,Christopher Sanders
7896,Christopher Sandoval
7897,Christopher Santana
7898,Christopher Saunders
7899,Christopher Sawyer
7900,Christopher Schneider
7901,Christopher Schroeder
7902,Christopher Schultz
7903,Christopher Schwartz
7904,Christopher Scott
7905,Christopher Shaffer
7906,Christopher Shannon
7907,Christopher Sharp
7908,Christopher Shaw
7909,Christopher Shelton
7910,Christopher Shepard
7911,Christopher Shepherd
7912,Christopher Shields
7913,Christopher Simmons
7914,Christopher Simpson
7915,Christopher Sims
7916,Christopher Singh
7917,Christopher Singleton
7918,Christopher Sloan
7919,Christopher Smith
7920,Christopher Snow
7921,Christopher Snyder
7922,Christopher Solis
7923,Christopher Sosa
7924,Christopher Soto
7925,Christopher Sparks
7926,Christopher Spears
7927,Christopher Spencer
7928,Christopher Stafford
7929,Christopher Stanley
7930,Christopher Stevens
7931,Christopher Stewart
7932,Christopher Stokes
7933,Christopher Stout
7934,Christopher Strong
7935,Christopher Suarez
7936,Christopher Sullivan
7937,Christopher Taylor
7938,Christopher Terry
7939,Christopher Thomas
7940,Christopher Thompson
7941,Christopher Thornton
7942,Christopher Todd
7943,Christopher Torres
7944,Christopher Tran
7945,Christopher Trevino
7946,Christopher Trujillo
7947,Christopher Tucker
7948,Christopher Valencia
7949,Christopher Vang
7950,Christopher Vaughan
7951,Christopher Vazquez
7952,Christopher Vega
7953,Christopher Villarreal
7954,Christopher Wade
7955,Christopher Wagner
7956,Christopher Walker
7957,Christopher Wallace
7958,Christopher Walls
7959,Christopher Walters
7960,Christopher Walton
7961,Christopher Wang
7962,Christopher Ward
7963,Christopher Warren
7964,Christopher Watkins
7965,Christopher Watson
7966,Christopher Webb
7967,Christopher Weber
7968,Christopher Webster
7969,Christopher Wells
7970,Christopher White
7971,Christopher Williams
7972,Christopher Williams Md
7973,Christopher Williamson
7974,Christopher Willis
7975,Christopher Wilson
7976,Christopher Wolf
7977,Christopher Woods
7978,Christopher Wright
7979,Christopher Yoder
7980,Christopher Young
7981,Christopher Zuniga
7982,Christy Allen
7983,Christy Bowman
7984,Christy Brewer
7985,Christy Cochran
7986,Christy Doyle
7987,Christy Durham
7988,Christy Ford
7989,Christy Hammond
7990,Christy Hancock
7991,Christy Harrison
7992,Christy Heath
7993,Christy Henry
7994,Christy Henson
7995,Christy Hughes
7996,Christy Johnson
7997,Christy Kelley
7998,Christy Klein
7999,Christy Lane
8000,Christy Mack
8001,Christy Marshall
8002,Christy Mathews
8003,Christy Maxwell
8004,Christy Medina
8005,Christy Miller
8006,Christy Ochoa
8007,Christy Parker
8008,Christy Perez
8009,Christy Pratt
8010,Christy Ramos
8011,Christy Reed
8012,Christy Richardson
8013,Christy Richmond
8014,Christy Robinson
8015,Christy Smith
8016,Christy Taylor
8017,Christy Wang
8018,Christy Watson
8019,Christy Wong
8020,Cindy Adams
8021,Cindy Archer
8022,Cindy Barajas
8023,Cindy Barnes
8024,Cindy Blankenship
8025,Cindy Boyer
8026,Cindy Brooks
8027,Cindy Brown
8028,Cindy Carey
8029,Cindy Carter
8030,Cindy Chang
8031,Cindy Collins
8032,Cindy Cooper
8033,Cindy Cortez
8034,Cindy Diaz
8035,Cindy Ellis
8036,Cindy Franco
8037,Cindy Gibson
8038,Cindy Glass
8039,Cindy Gonzalez
8040,Cindy Green
8041,Cindy Hart
8042,Cindy Hendricks
8043,Cindy Herrera
8044,Cindy Hodges
8045,Cindy Hoffman
8046,Cindy Ibarra
8047,Cindy Jefferson
8048,Cindy Johnson
8049,Cindy Jones
8050,Cindy Lyons
8051,Cindy Maldonado
8052,Cindy Martin
8053,Cindy Maxwell
8054,Cindy Moore
8055,Cindy Morris
8056,Cindy Murillo
8057,Cindy Navarro
8058,Cindy Nguyen
8059,Cindy Olson
8060,Cindy Richardson
8061,Cindy Rivera
8062,Cindy Robles
8063,Cindy Romero
8064,Cindy Ruiz
8065,Cindy Smith
8066,Cindy Taylor
8067,Cindy Thompson
8068,Cindy Tucker
8069,Cindy Warren
8070,Cindy White
8071,Cindy Whitehead
8072,Cindy Wolfe
8073,Cindy Wright
8074,Cindy Wright Md
8075,Cindy Yu
8076,Cindy Zimmerman
8077,Claire Abbott
8078,Claire Burns
8079,Claire Gill
8080,Claire Leonard
8081,Claire Ortiz
8082,Claire Smith
8083,Claire Thomas
8084,Claire Washington
8085,Clarence Carter
8086,Clarence Hamilton
8087,Clarence Harrington
8088,Clarence Johnson
8089,Clarence Kramer
8090,Claudia Cook
8091,Claudia Espinoza
8092,Claudia Fitzpatrick
8093,Claudia Fuentes
8094,Claudia Garcia
8095,Claudia Graham
8096,Claudia Hansen
8097,Claudia Hartman
8098,Claudia Hernandez
8099,Claudia Howard
8100,Claudia Johnson
8101,Claudia Kramer
8102,Claudia Lang
8103,Claudia Martinez
8104,Claudia Simpson
8105,Claudia Smith
8106,Claudia Stout
8107,Claudia Thompson
8108,Claudia Walker
8109,Clayton Brock
8110,Clayton Duncan
8111,Clayton Dunn
8112,Clayton Franklin
8113,Clayton Jordan
8114,Clayton Lozano
8115,Clayton Mitchell
8116,Clayton Murphy
8117,Clayton Reyes
8118,Clayton Riley
8119,Clayton Stevens
8120,Clayton Sullivan
8121,Clayton Tanner
8122,Clayton Thomas
8123,Clayton Watson
8124,Clayton Wolf
8125,Clifford Allen
8126,Clifford Fuller
8127,Clifford Gonzales
8128,Clifford Martinez
8129,Clifford Montoya
8130,Clifford Nixon
8131,Clifford Suarez
8132,Clifford Thomas
8133,Clifford Wang
8134,Clifford Werner
8135,Clifford Wilson
8136,Clinton Anderson
8137,Clinton Edwards
8138,Clinton Evans
8139,Clinton Hernandez
8140,Clinton Johnson
8141,Clinton Lopez
8142,Clinton Monroe
8143,Clinton Robinson
8144,Clinton Romero
8145,Clinton Salinas
8146,Clinton Sanchez
8147,Clinton Schneider
8148,Clinton Shepherd
8149,Clinton Silva Dds
8150,Clinton Thompson
8151,Clinton Wagner
8152,Clinton Williams
8153,Clinton Wright
8154,Cody Acevedo
8155,Cody Aguirre
8156,Cody Anderson
8157,Cody Arnold
8158,Cody Avery
8159,Cody Benson
8160,Cody Berger
8161,Cody Best
8162,Cody Blackwell
8163,Cody Booker
8164,Cody Bryan
8165,Cody Burns
8166,Cody Campbell
8167,Cody Castro
8168,Cody Cisneros
8169,Cody Clark
8170,Cody Coleman
8171,Cody Cook
8172,Cody Curtis
8173,Cody Daniel
8174,Cody Davis
8175,Cody Dixon
8176,Cody Dominguez
8177,Cody Flores
8178,Cody Foster
8179,Cody Franklin
8180,Cody Galvan
8181,Cody Gentry
8182,Cody Gibbs
8183,Cody Gilmore
8184,Cody Gross
8185,Cody Hall
8186,Cody Hanna
8187,Cody Harrison
8188,Cody Hernandez
8189,Cody Hickman
8190,Cody Hodge
8191,Cody Houston
8192,Cody Ibarra
8193,Cody Jacobs
8194,Cody Jefferson
8195,Cody Jennings
8196,Cody Johnson
8197,Cody Kim
8198,Cody Knapp
8199,Cody Lee
8200,Cody Lewis
8201,Cody Liu
8202,Cody Mccarty
8203,Cody Mcintyre
8204,Cody Meyer
8205,Cody Miller
8206,Cody Moore
8207,Cody Morales
8208,Cody Morgan
8209,Cody Morris
8210,Cody Nguyen
8211,Cody Parker
8212,Cody Powell
8213,Cody Ramos
8214,Cody Ramsey
8215,Cody Reyes
8216,Cody Rice
8217,Cody Richmond
8218,Cody Rios
8219,Cody Rodgers
8220,Cody Rowland
8221,Cody Rush
8222,Cody Russo
8223,Cody Sanchez
8224,Cody Santos
8225,Cody Sawyer
8226,Cody Schneider
8227,Cody Scott
8228,Cody Shaw
8229,Cody Silva
8230,Cody Smith
8231,Cody Solomon
8232,Cody Stone
8233,Cody Taylor
8234,Cody Tucker
8235,Cody Turner
8236,Cody Vasquez
8237,Cody Vega
8238,Cody Wallace
8239,Cody White
8240,Cody Wilcox
8241,Cody Wilson
8242,Cody Yang
8243,Cody Yoder
8244,Cole Burton
8245,Cole Diaz
8246,Cole Ellis
8247,Cole Harris
8248,Cole Khan
8249,Cole Logan
8250,Cole Rogers Dds
8251,Cole Ruiz
8252,Cole Taylor
8253,Cole Thomas
8254,Cole Thompson
8255,Cole Valdez
8256,Cole Webb
8257,Cole White
8258,Cole Young
8259,Colin Aguilar
8260,Colin Bowers
8261,Colin Bowman
8262,Colin Clark
8263,Colin Hamilton
8264,Colin Holloway
8265,Colin Jensen
8266,Colin Macias
8267,Colin Mitchell
8268,Colin Ramirez
8269,Colin Stephens
8270,Colin Ward
8271,Colin Watson Dds
8272,Colin Williams
8273,Colin Wood
8274,Colleen Arnold
8275,Colleen Barton
8276,Colleen Blackwell
8277,Colleen Boyle
8278,Colleen Brown
8279,Colleen Burns
8280,Colleen Butler
8281,Colleen Calderon
8282,Colleen Carroll
8283,Colleen Daniels
8284,Colleen Duarte
8285,Colleen Edwards
8286,Colleen Elliott
8287,Colleen Ferguson
8288,Colleen Fisher
8289,Colleen Fuentes
8290,Colleen Garcia
8291,Colleen Garrett
8292,Colleen George
8293,Colleen Harris
8294,Colleen Hernandez
8295,Colleen Hines
8296,Colleen Jimenez
8297,Colleen Kane
8298,Colleen Kelly
8299,Colleen Knight
8300,Colleen Lawrence
8301,Colleen Long
8302,Colleen Medina
8303,Colleen Meyers
8304,Colleen Middleton
8305,Colleen Montgomery
8306,Colleen Myers
8307,Colleen Noble
8308,Colleen Parker
8309,Colleen Parsons
8310,Colleen Perez
8311,Colleen Peterson
8312,Colleen Ramirez Md
8313,Colleen Ray Md
8314,Colleen Rodgers
8315,Colleen Russo
8316,Colleen Sanchez
8317,Colleen Sanders
8318,Colleen Scott
8319,Colleen Smith
8320,Colleen Stein
8321,Colleen Summers
8322,Colleen Torres
8323,Colleen Ward
8324,Colleen Wilkins
8325,Colleen Williams
8326,Colleen Woods
8327,Collin Barr
8328,Collin Chen
8329,Collin Fletcher
8330,Collin Gaines
8331,Collin Green
8332,Collin King
8333,Collin Parker
8334,Collin Sanchez
8335,Collin Scott
8336,Collin Smith
8337,Collin Wallace
8338,Collin Weiss
8339,Collin Williams
8340,Collin Williamson
8341,Colton Baxter
8342,Colton Bell
8343,Colton Cooper
8344,Colton Fox
8345,Colton Hughes
8346,Colton Kerr
8347,Colton Rivas
8348,Colton Ross
8349,Colton Russell
8350,Colton Thomas
8351,Colton Vargas
8352,Colton Walker
8353,Colton Ware
8354,Colton Wells
8355,Connie Adkins
8356,Connie Alexander
8357,Connie Armstrong
8358,Connie Austin
8359,Connie Ball
8360,Connie Boyd
8361,Connie Browning
8362,Connie Butler
8363,Connie Caldwell Md
8364,Connie Callahan
8365,Connie Carter
8366,Connie Delacruz
8367,Connie Duarte
8368,Connie Ellison
8369,Connie Flores
8370,Connie Frazier
8371,Connie Gomez
8372,Connie Hernandez
8373,Connie Hill
8374,Connie Hurst
8375,Connie Jimenez
8376,Connie Kane
8377,Connie Klein
8378,Connie Larsen
8379,Connie Lee
8380,Connie Lucas
8381,Connie Lynch
8382,Connie Matthews
8383,Connie Mcbride
8384,Connie Miles
8385,Connie Miller
8386,Connie Padilla
8387,Connie Quinn
8388,Connie Rice
8389,Connie Rivera
8390,Connie Rodriguez
8391,Connie Romero
8392,Connie Smith
8393,Connie Stone
8394,Connie Thomas
8395,Connie Thompson
8396,Connie Washington
8397,Connie Watson
8398,Connie Wiley
8399,Connie Yang
8400,Connor Alexander
8401,Connor Anderson
8402,Connor Baxter
8403,Connor Booker
8404,Connor Carlson
8405,Connor Carr
8406,Connor Hansen
8407,Connor Hartman
8408,Connor Hoffman
8409,Connor Hooper
8410,Connor Jennings
8411,Connor Johnson
8412,Connor Jones
8413,Connor Kane
8414,Connor Luna
8415,Connor Mason
8416,Connor Mills
8417,Connor Moody
8418,Connor Ortiz
8419,Connor Page
8420,Connor Perez
8421,Connor Pierce
8422,Connor Price
8423,Connor Roberts
8424,Connor Ross
8425,Connor Schaefer
8426,Connor Simmons
8427,Connor Stevenson
8428,Connor Swanson
8429,Connor Vaughn
8430,Connor White
8431,Corey Allen
8432,Corey Anderson
8433,Corey Baxter
8434,Corey Becker
8435,Corey Brewer
8436,Corey Carr
8437,Corey Clark
8438,Corey Cobb
8439,Corey Davis
8440,Corey Delgado
8441,Corey Dixon
8442,Corey Figueroa
8443,Corey Frazier
8444,Corey Gallegos
8445,Corey Gould
8446,Corey Griffin
8447,Corey Hall
8448,Corey Harris
8449,Corey Hartman
8450,Corey Howard
8451,Corey Jackson
8452,Corey Johnson
8453,Corey Lewis
8454,Corey Martin
8455,Corey Martinez
8456,Corey Mccoy
8457,Corey Mcdowell
8458,Corey Miller
8459,Corey Owens
8460,Corey Perez
8461,Corey Perry
8462,Corey Ramirez
8463,Corey Riley
8464,Corey Sanchez
8465,Corey Schneider
8466,Corey Soto
8467,Corey Stokes
8468,Corey Vincent
8469,Corey Webb
8470,Corey Weeks
8471,Corey Weiss
8472,Corey Williams
8473,Corey Wong
8474,Corey Yoder
8475,Cory Alexander
8476,Cory Baxter
8477,Cory Bell
8478,Cory Bradshaw
8479,Cory Brown
8480,Cory Cantu
8481,Cory Castillo
8482,Cory Chambers
8483,Cory Clark
8484,Cory Dominguez
8485,Cory Gallagher
8486,Cory Gomez
8487,Cory Hernandez
8488,Cory Higgins
8489,Cory James
8490,Cory Jenkins
8491,Cory Johnson
8492,Cory Livingston
8493,Cory Marshall
8494,Cory Martin
8495,Cory Mcdowell
8496,Cory Miller
8497,Cory Mitchell
8498,Cory Morales
8499,Cory Moyer
8500,Cory Newman
8501,Cory Oneal
8502,Cory Oneill
8503,Cory Owen
8504,Cory Pearson
8505,Cory Pratt
8506,Cory Reed
8507,Cory Reyes
8508,Cory Rivera
8509,Cory Ross
8510,Cory Smith
8511,Cory Stafford
8512,Cory Stevens
8513,Cory Taylor
8514,Cory Turner
8515,Cory Williams
8516,Cory Young
8517,Courtney Acosta
8518,Courtney Adams
8519,Courtney Aguilar
8520,Courtney Alexander
8521,Courtney Anderson
8522,Courtney Arnold
8523,Courtney Avery
8524,Courtney Baker
8525,Courtney Ballard
8526,Courtney Bates
8527,Courtney Black
8528,Courtney Bowman
8529,Courtney Brown
8530,Courtney Burns
8531,Courtney Burton
8532,Courtney Carter
8533,Courtney Chapman
8534,Courtney Chavez
8535,Courtney Collins
8536,Courtney Cooke
8537,Courtney Cooper
8538,Courtney Copeland
8539,Courtney Crane
8540,Courtney Davis
8541,Courtney Duran
8542,Courtney Durham
8543,Courtney Edwards
8544,Courtney Evans
8545,Courtney Fischer
8546,Courtney Fox
8547,Courtney Fritz
8548,Courtney Garcia
8549,Courtney Gonzalez
8550,Courtney Green
8551,Courtney Hall
8552,Courtney Harris
8553,Courtney Henson
8554,Courtney Hodges
8555,Courtney Holt
8556,Courtney Hudson
8557,Courtney Humphrey
8558,Courtney Hunter
8559,Courtney Jackson
8560,Courtney Johns
8561,Courtney Johnson
8562,Courtney Jones
8563,Courtney Kelley
8564,Courtney Lee
8565,Courtney Lester
8566,Courtney Li
8567,Courtney Liu
8568,Courtney Lloyd
8569,Courtney Lopez
8570,Courtney Macdonald
8571,Courtney Martin
8572,Courtney Martinez
8573,Courtney Matthews
8574,Courtney Miller
8575,Courtney Morales
8576,Courtney Nguyen
8577,Courtney Orozco
8578,Courtney Parsons
8579,Courtney Patrick
8580,Courtney Perry
8581,Courtney Poole
8582,Courtney Reed
8583,Courtney Rios
8584,Courtney Ryan
8585,Courtney Scott
8586,Courtney Shah
8587,Courtney Shepherd
8588,Courtney Simon
8589,Courtney Singleton
8590,Courtney Smith
8591,Courtney Sutton
8592,Courtney Taylor
8593,Courtney Tran
8594,Courtney Walker
8595,Courtney Waller
8596,Courtney West
8597,Courtney Wheeler
8598,Courtney White
8599,Courtney Williams
8600,Courtney Wilson
8601,Courtney Woodard
8602,Craig Allen
8603,Craig Andrews
8604,Craig Barber
8605,Craig Bell
8606,Craig Bennett
8607,Craig Bowers
8608,Craig Boyd
8609,Craig Bradford
8610,Craig Brown
8611,Craig Carter
8612,Craig Chapman
8613,Craig Choi
8614,Craig Clarke
8615,Craig Collins
8616,Craig Conway
8617,Craig Cooper
8618,Craig Cordova
8619,Craig Cox
8620,Craig Davis
8621,Craig Delgado
8622,Craig Diaz
8623,Craig Donaldson
8624,Craig Dunn
8625,Craig Elliott
8626,Craig Esparza
8627,Craig Evans
8628,Craig Ferrell Md
8629,Craig Flores
8630,Craig Freeman
8631,Craig French
8632,Craig Glass
8633,Craig Gomez
8634,Craig Green
8635,Craig Griffin
8636,Craig Guerra
8637,Craig Hamilton
8638,Craig Harmon
8639,Craig Harris
8640,Craig Henderson
8641,Craig Hill
8642,Craig Howard
8643,Craig Hunt
8644,Craig Jackson
8645,Craig Jimenez
8646,Craig King
8647,Craig Kirk
8648,Craig Lewis
8649,Craig Long
8650,Craig Martin
8651,Craig Mccarthy Dvm
8652,Craig Mitchell
8653,Craig Molina
8654,Craig Moore
8655,Craig Morales
8656,Craig Payne
8657,Craig Ray
8658,Craig Reed Md
8659,Craig Richardson
8660,Craig Sanchez
8661,Craig Sanders
8662,Craig Sexton
8663,Craig Smith
8664,Craig Sutton
8665,Craig Thomas
8666,Craig Ward
8667,Craig Weber
8668,Craig White
8669,Craig Winters
8670,Craig Wolfe
8671,Craig Woods
8672,Cristian Cruz
8673,Cristian Flores
8674,Cristian Hill
8675,Cristian Jackson
8676,Cristian Jefferson
8677,Cristian White
8678,Cristina Anderson
8679,Cristina Bradford
8680,Cristina Brown
8681,Cristina Flores
8682,Cristina Hall
8683,Cristina Hayes
8684,Cristina Pierce
8685,Cristina Rosales
8686,Cristina Stewart
8687,Cristina Wyatt
8688,Crystal Abbott
8689,Crystal Adams
8690,Crystal Armstrong
8691,Crystal Ball
8692,Crystal Barber
8693,Crystal Barnes
8694,Crystal Barnett
8695,Crystal Bauer
8696,Crystal Bautista
8697,Crystal Beasley
8698,Crystal Bell
8699,Crystal Benjamin
8700,Crystal Bennett
8701,Crystal Blackburn
8702,Crystal Bowen
8703,Crystal Boyd
8704,Crystal Branch
8705,Crystal Brown
8706,Crystal Bush
8707,Crystal Butler
8708,Crystal Cain
8709,Crystal Carrillo
8710,Crystal Carter
8711,Crystal Chavez
8712,Crystal Chen
8713,Crystal Cisneros
8714,Crystal Cortez
8715,Crystal Craig
8716,Crystal Cross
8717,Crystal Davis
8718,Crystal Dixon
8719,Crystal Duncan
8720,Crystal Dyer
8721,Crystal Edwards
8722,Crystal Ellis
8723,Crystal Ewing
8724,Crystal Faulkner
8725,Crystal Fields
8726,Crystal Flores
8727,Crystal Ford
8728,Crystal Franklin
8729,Crystal Frost
8730,Crystal Garza
8731,Crystal Gomez
8732,Crystal Gonzalez
8733,Crystal Haas
8734,Crystal Harper
8735,Crystal Harris
8736,Crystal Hart
8737,Crystal Hays
8738,Crystal Henderson
8739,Crystal Herman
8740,Crystal Hernandez
8741,Crystal Hess
8742,Crystal Hester
8743,Crystal Jimenez
8744,Crystal Johnson
8745,Crystal Jones
8746,Crystal Kerr
8747,Crystal Kline
8748,Crystal Knight
8749,Crystal Lambert
8750,Crystal Levy
8751,Crystal Li
8752,Crystal Lucas
8753,Crystal Madden
8754,Crystal Mahoney
8755,Crystal Maldonado Md
8756,Crystal Marshall
8757,Crystal Martin
8758,Crystal Martinez
8759,Crystal Mayo
8760,Crystal Mcbride
8761,Crystal Mcclain
8762,Crystal Mccormick
8763,Crystal Miles
8764,Crystal Miller
8765,Crystal Miller Phd
8766,Crystal Moore
8767,Crystal Morgan
8768,Crystal Myers
8769,Crystal Nelson
8770,Crystal Nguyen
8771,Crystal Norris
8772,Crystal Norton
8773,Crystal Parker
8774,Crystal Patel
8775,Crystal Perez
8776,Crystal Pineda
8777,Crystal Powers
8778,Crystal Quinn
8779,Crystal Reid
8780,Crystal Richardson
8781,Crystal Ritter
8782,Crystal Rivera
8783,Crystal Robinson
8784,Crystal Rogers
8785,Crystal Ross
8786,Crystal Sanchez
8787,Crystal Schultz
8788,Crystal Schwartz
8789,Crystal Scott
8790,Crystal Simmons
8791,Crystal Smith
8792,Crystal Sparks
8793,Crystal Stewart
8794,Crystal Sullivan
8795,Crystal Sutton
8796,Crystal Tanner
8797,Crystal Taylor
8798,Crystal Thomas
8799,Crystal Thompson
8800,Crystal Thornton
8801,Crystal Trujillo
8802,Crystal Turner
8803,Crystal Vaughn
8804,Crystal Vazquez
8805,Crystal Walker
8806,Crystal Watson
8807,Crystal Wells
8808,Crystal West
8809,Crystal Williams
8810,Crystal Williamson
8811,Crystal Wise
8812,Crystal Wright
8813,Crystal Young
8814,Crystal Zamora
8815,Curtis Anderson
8816,Curtis Andrade
8817,Curtis Baker
8818,Curtis Barton
8819,Curtis Boyle
8820,Curtis Brooks
8821,Curtis Burke
8822,Curtis Burton
8823,Curtis Cooper
8824,Curtis Davenport
8825,Curtis Davis
8826,Curtis Douglas
8827,Curtis Evans
8828,Curtis Faulkner
8829,Curtis Ferguson
8830,Curtis Fields
8831,Curtis Fox
8832,Curtis Garner
8833,Curtis Garza
8834,Curtis Gonzalez
8835,Curtis Hamilton
8836,Curtis Hanson
8837,Curtis Hopkins
8838,Curtis Horn
8839,Curtis Johnson
8840,Curtis Kidd
8841,Curtis Leonard
8842,Curtis Li
8843,Curtis Lopez
8844,Curtis Marshall
8845,Curtis Martinez
8846,Curtis Mcclain
8847,Curtis Mckay
8848,Curtis Mckinney
8849,Curtis Medina
8850,Curtis Mueller
8851,Curtis Odonnell
8852,Curtis Porter
8853,Curtis Rivera
8854,Curtis Rivers
8855,Curtis Roberson
8856,Curtis Rodriguez
8857,Curtis Roth
8858,Curtis Rowe Jr.
8859,Curtis Sanchez
8860,Curtis Santana
8861,Curtis Sellers
8862,Curtis Shea
8863,Curtis Simmons
8864,Curtis Smith
8865,Curtis Stewart
8866,Curtis Terry
8867,Curtis Walters
8868,Curtis Watson
8869,Curtis Young
8870,Cynthia Alvarez
8871,Cynthia Andrade
8872,Cynthia Arnold
8873,Cynthia Austin
8874,Cynthia Ayala
8875,Cynthia Baker
8876,Cynthia Bennett
8877,Cynthia Benson
8878,Cynthia Bradley
8879,Cynthia Brewer
8880,Cynthia Brown
8881,Cynthia Bryant
8882,Cynthia Camacho
8883,Cynthia Cameron
8884,Cynthia Carrillo
8885,Cynthia Case
8886,Cynthia Castro
8887,Cynthia Clark
8888,Cynthia Coleman
8889,Cynthia Collins
8890,Cynthia Craig
8891,Cynthia Curtis
8892,Cynthia Davis
8893,Cynthia Dean
8894,Cynthia Dillon
8895,Cynthia Dixon
8896,Cynthia Duran
8897,Cynthia Edwards
8898,Cynthia English
8899,Cynthia Faulkner
8900,Cynthia Fitzpatrick
8901,Cynthia Flores
8902,Cynthia Flynn
8903,Cynthia Francis
8904,Cynthia Frazier
8905,Cynthia Fuentes
8906,Cynthia Gallagher
8907,Cynthia Garcia
8908,Cynthia Garner
8909,Cynthia Garrett
8910,Cynthia Gonzalez
8911,Cynthia Gray
8912,Cynthia Green
8913,Cynthia Guerra
8914,Cynthia Harmon
8915,Cynthia Harrell
8916,Cynthia Haynes
8917,Cynthia Hendrix
8918,Cynthia Henry
8919,Cynthia Henry Dds
8920,Cynthia Hernandez
8921,Cynthia Higgins
8922,Cynthia Hogan
8923,Cynthia Holland
8924,Cynthia Hutchinson
8925,Cynthia Jackson
8926,Cynthia Jensen
8927,Cynthia Johnson
8928,Cynthia Johnston
8929,Cynthia Jones
8930,Cynthia Kelly
8931,Cynthia Knight
8932,Cynthia Lamb
8933,Cynthia Lewis
8934,Cynthia Lopez
8935,Cynthia Martin
8936,Cynthia Martinez
8937,Cynthia Mayo
8938,Cynthia Mcdowell
8939,Cynthia Mckay
8940,Cynthia Meyer
8941,Cynthia Miller
8942,Cynthia Mills
8943,Cynthia Miranda
8944,Cynthia Montoya
8945,Cynthia Moore
8946,Cynthia Morales
8947,Cynthia Morris
8948,Cynthia Morrison
8949,Cynthia Murray
8950,Cynthia Nelson
8951,Cynthia Nichols
8952,Cynthia Owens
8953,Cynthia Padilla
8954,Cynthia Parker
8955,Cynthia Patterson
8956,Cynthia Perez
8957,Cynthia Perkins
8958,Cynthia Perry
8959,Cynthia Pratt
8960,Cynthia Preston
8961,Cynthia Price
8962,Cynthia Quinn
8963,Cynthia Reed
8964,Cynthia Reyes
8965,Cynthia Reynolds
8966,Cynthia Rhodes
8967,Cynthia Rice
8968,Cynthia Riley
8969,Cynthia Robbins
8970,Cynthia Robinson
8971,Cynthia Rodriguez
8972,Cynthia Rogers
8973,Cynthia Rojas
8974,Cynthia Rose
8975,Cynthia Rowland
8976,Cynthia Ryan
8977,Cynthia Salazar
8978,Cynthia Salinas
8979,Cynthia Sanchez
8980,Cynthia Sanders
8981,Cynthia Savage
8982,Cynthia Schmidt
8983,Cynthia Scott
8984,Cynthia Sellers
8985,Cynthia Sexton
8986,Cynthia Shaffer
8987,Cynthia Simpson
8988,Cynthia Smith
8989,Cynthia Snow
8990,Cynthia Soto
8991,Cynthia Stanton Md
8992,Cynthia Stark
8993,Cynthia Summers
8994,Cynthia Tanner
8995,Cynthia Taylor
8996,Cynthia Thomas
8997,Cynthia Torres
8998,Cynthia Trujillo
8999,Cynthia Valencia
9000,Cynthia Vang
9001,Cynthia Velazquez
9002,Cynthia Villanueva
9003,Cynthia Walters
9004,Cynthia Watkins
9005,Cynthia Webb
9006,Cynthia Webster
9007,Cynthia Welch
9008,Cynthia Wells
9009,Cynthia White
9010,Cynthia Williams
9011,Cynthia Wilson
9012,Cynthia Winters
9013,Cynthia Wolfe
9014,Cynthia Wood
9015,Cynthia Woodward
9016,Cynthia Wright
9017,Cynthia Yang
9018,Cynthia Young
9019,Daisy Burns
9020,Daisy Delgado
9021,Daisy Eaton
9022,Daisy Hart
9023,Daisy Haynes
9024,Daisy Nash
9025,Daisy Proctor
9026,Daisy Reyes
9027,Daisy Sloan
9028,Daisy Williams
9029,Dakota Barker
9030,Dakota Blankenship Ii
9031,Dakota Boyd
9032,Dakota Cunningham
9033,Dakota Donovan
9034,Dakota Friedman
9035,Dakota Holden
9036,Dakota Stanley
9037,Dakota Stewart
9038,Dakota Williams Dvm
9039,Dakota Winters
9040,Dakota Young
9041,Dale Allen
9042,Dale Armstrong
9043,Dale Burns
9044,Dale Castro
9045,Dale Chambers
9046,Dale Davis
9047,Dale Dunn
9048,Dale Edwards
9049,Dale Ford
9050,Dale Garner
9051,Dale Guerrero
9052,Dale Harris
9053,Dale Higgins
9054,Dale Johnson
9055,Dale Kelly Iii
9056,Dale Lamb
9057,Dale Lang
9058,Dale Leach
9059,Dale Love
9060,Dale Lynch
9061,Dale Marks
9062,Dale Mckinney
9063,Dale Powell
9064,Dale Smith
9065,Dale Stewart
9066,Dale Taylor
9067,Dale Thompson
9068,Dale Tran
9069,Dale Woods
9070,Dalton Anderson
9071,Dalton Contreras
9072,Dalton Davidson
9073,Dalton James
9074,Dalton Montes
9075,Dalton Powell
9076,Dalton Ross
9077,Dalton Smith
9078,Dalton White
9079,Damon Andersen
9080,Damon Curtis
9081,Damon Foster
9082,Damon Gaines
9083,Damon Hayes
9084,Damon Hodges
9085,Damon Nguyen
9086,Damon Patterson
9087,Damon Perry
9088,Damon Stevens
9089,Damon Thomas
9090,Dan Chavez
9091,Dan Cisneros
9092,Dan Hammond
9093,Dan Hernandez
9094,Dan Hunt
9095,Dan Miller
9096,Dan Pearson
9097,Dan Perez
9098,Dan Peterson
9099,Dana Allison
9100,Dana Andrade
9101,Dana Arnold
9102,Dana Bailey
9103,Dana Bennett
9104,Dana Benton
9105,Dana Berger
9106,Dana Berry
9107,Dana Brock
9108,Dana Burgess
9109,Dana Byrd
9110,Dana Campbell
9111,Dana Contreras
9112,Dana Cox
9113,Dana Cruz
9114,Dana Delgado
9115,Dana Dennis
9116,Dana Gillespie
9117,Dana Golden
9118,Dana Golden Dds
9119,Dana Gonzales
9120,Dana Gonzalez
9121,Dana Gould
9122,Dana Gray Phd
9123,Dana Hansen
9124,Dana Harper
9125,Dana Harris
9126,Dana Harrison
9127,Dana Hill
9128,Dana Howard
9129,Dana Jackson
9130,Dana Johnson
9131,Dana Johnston
9132,Dana Jones
9133,Dana Kennedy
9134,Dana Lawson
9135,Dana Le
9136,Dana Lewis
9137,Dana Long
9138,Dana Lopez
9139,Dana Lucero
9140,Dana Mann
9141,Dana Martin
9142,Dana Martinez
9143,Dana Mccormick
9144,Dana Mccoy
9145,Dana Mckinney
9146,Dana Melendez
9147,Dana Mendez
9148,Dana Michael
9149,Dana Miller
9150,Dana Moore
9151,Dana Morrison
9152,Dana Nelson
9153,Dana Nguyen
9154,Dana Nichols
9155,Dana Page
9156,Dana Patel
9157,Dana Patterson
9158,Dana Patton
9159,Dana Price
9160,Dana Roberts
9161,Dana Robinson
9162,Dana Roth
9163,Dana Sanchez
9164,Dana Sexton
9165,Dana Smith
9166,Dana Stewart
9167,Dana Sutton
9168,Dana Thomas
9169,Dana Vega
9170,Dana Watson
9171,Dana White
9172,Dana Williams
9173,Dana Wright
9174,Dana Young
9175,Daniel Abbott
9176,Daniel Aguilar
9177,Daniel Allen
9178,Daniel Allison
9179,Daniel Alvarez
9180,Daniel Anderson
9181,Daniel Andrews
9182,Daniel Armstrong
9183,Daniel Austin
9184,Daniel Avery
9185,Daniel Bailey
9186,Daniel Baker
9187,Daniel Ball
9188,Daniel Barnes
9189,Daniel Barr
9190,Daniel Barrera
9191,Daniel Bates
9192,Daniel Beasley
9193,Daniel Bender
9194,Daniel Benjamin
9195,Daniel Benson
9196,Daniel Bernard
9197,Daniel Black
9198,Daniel Blackburn
9199,Daniel Boyd
9200,Daniel Boyle
9201,Daniel Bradley
9202,Daniel Bray
9203,Daniel Brock
9204,Daniel Brooks
9205,Daniel Brown
9206,Daniel Browning
9207,Daniel Bryant
9208,Daniel Buchanan
9209,Daniel Burns Dds
9210,Daniel Burton
9211,Daniel Byrd
9212,Daniel Caldwell
9213,Daniel Calhoun
9214,Daniel Campbell
9215,Daniel Campos
9216,Daniel Cardenas
9217,Daniel Carney
9218,Daniel Carson
9219,Daniel Carter
9220,Daniel Castillo
9221,Daniel Cervantes
9222,Daniel Cobb
9223,Daniel Cole
9224,Daniel Collins
9225,Daniel Colon
9226,Daniel Contreras
9227,Daniel Cooley
9228,Daniel Cox Md
9229,Daniel Crawford
9230,Daniel Cruz
9231,Daniel Curry
9232,Daniel Dalton
9233,Daniel Davenport
9234,Daniel Davis
9235,Daniel Dawson
9236,Daniel Day
9237,Daniel Dean
9238,Daniel Decker
9239,Daniel Dixon
9240,Daniel Drake
9241,Daniel Duarte
9242,Daniel Dunn
9243,Daniel Durham
9244,Daniel Ellis
9245,Daniel Evans
9246,Daniel Evans Md
9247,Daniel Ewing
9248,Daniel Ferguson
9249,Daniel Fields
9250,Daniel Figueroa
9251,Daniel Fisher
9252,Daniel Fleming
9253,Daniel Fletcher
9254,Daniel Flores
9255,Daniel Flowers
9256,Daniel Floyd
9257,Daniel Forbes
9258,Daniel Ford
9259,Daniel Fowler
9260,Daniel Franco
9261,Daniel Franklin
9262,Daniel Freeman
9263,Daniel French
9264,Daniel Frey
9265,Daniel Fritz
9266,Daniel Fuller
9267,Daniel Gamble
9268,Daniel Garcia
9269,Daniel Garrison
9270,Daniel Gibson
9271,Daniel Gilbert
9272,Daniel Golden
9273,Daniel Gomez
9274,Daniel Gonzalez
9275,Daniel Green
9276,Daniel Gregory
9277,Daniel Guerrero
9278,Daniel Guzman
9279,Daniel Hahn
9280,Daniel Hall
9281,Daniel Hamilton
9282,Daniel Hanson
9283,Daniel Harding
9284,Daniel Harris
9285,Daniel Harrison
9286,Daniel Hart
9287,Daniel Hawkins
9288,Daniel Hayes
9289,Daniel Haynes
9290,Daniel Hensley
9291,Daniel Hernandez
9292,Daniel Herrera
9293,Daniel Hess
9294,Daniel Hines
9295,Daniel Hoffman
9296,Daniel Holder
9297,Daniel Holmes
9298,Daniel Holt
9299,Daniel House
9300,Daniel Howe
9301,Daniel Howell
9302,Daniel Huang
9303,Daniel Hudson
9304,Daniel Hughes
9305,Daniel Hunt
9306,Daniel Hurley
9307,Daniel Hurst
9308,Daniel Jackson
9309,Daniel Jacobs
9310,Daniel James
9311,Daniel Jennings
9312,Daniel Johnson
9313,Daniel Johnston
9314,Daniel Jones
9315,Daniel Jordan
9316,Daniel Kemp
9317,Daniel Kent
9318,Daniel Key
9319,Daniel Kim
9320,Daniel King
9321,Daniel Klein
9322,Daniel Lamb
9323,Daniel Lawrence
9324,Daniel Lee
9325,Daniel Lewis
9326,Daniel Lin
9327,Daniel Livingston
9328,Daniel Lopez
9329,Daniel Lopez Ii
9330,Daniel Love
9331,Daniel Lucas
9332,Daniel Lucero
9333,Daniel Luna
9334,Daniel Manning
9335,Daniel Marks
9336,Daniel Marsh
9337,Daniel Marshall
9338,Daniel Martin
9339,Daniel Martinez
9340,Daniel Mason
9341,Daniel Massey
9342,Daniel Mathews
9343,Daniel Mayer
9344,Daniel Mccarthy
9345,Daniel Mccoy
9346,Daniel Mcgrath
9347,Daniel Mclean
9348,Daniel Mcneil
9349,Daniel Medina
9350,Daniel Mendoza
9351,Daniel Middleton
9352,Daniel Miller
9353,Daniel Mitchell
9354,Daniel Molina
9355,Daniel Montoya
9356,Daniel Moore
9357,Daniel Moreno
9358,Daniel Morgan
9359,Daniel Morris
9360,Daniel Morrison
9361,Daniel Murillo
9362,Daniel Murphy
9363,Daniel Nelson
9364,Daniel Nguyen Md
9365,Daniel Nolan
9366,Daniel Norton
9367,Daniel Nunez
9368,Daniel Oconnell
9369,Daniel Orozco
9370,Daniel Ortiz
9371,Daniel Osborn
9372,Daniel Owen
9373,Daniel Pacheco
9374,Daniel Padilla
9375,Daniel Parker
9376,Daniel Payne
9377,Daniel Pearson
9378,Daniel Pennington
9379,Daniel Perez
9380,Daniel Perkins
9381,Daniel Perry
9382,Daniel Peters
9383,Daniel Powers
9384,Daniel Preston
9385,Daniel Prince
9386,Daniel Ramirez
9387,Daniel Ramsey
9388,Daniel Reed
9389,Daniel Reeves
9390,Daniel Reyes
9391,Daniel Reynolds
9392,Daniel Rhodes
9393,Daniel Rice
9394,Daniel Riley
9395,Daniel Riley Jr.
9396,Daniel Rios
9397,Daniel Rivas
9398,Daniel Rivera
9399,Daniel Robbins
9400,Daniel Roberts
9401,Daniel Rodgers
9402,Daniel Rodriguez
9403,Daniel Rojas
9404,Daniel Rose
9405,Daniel Russell
9406,Daniel Ryan
9407,Daniel Sampson
9408,Daniel Sanchez
9409,Daniel Sanchez Dds
9410,Daniel Sanders
9411,Daniel Santiago
9412,Daniel Santos
9413,Daniel Saunders
9414,Daniel Sawyer
9415,Daniel Schroeder
9416,Daniel Scott
9417,Daniel Sexton
9418,Daniel Shannon
9419,Daniel Shelton
9420,Daniel Short
9421,Daniel Simmons
9422,Daniel Skinner
9423,Daniel Smith
9424,Daniel Smith Dds
9425,Daniel Snyder
9426,Daniel Soto
9427,Daniel Spears
9428,Daniel Spencer
9429,Daniel Steele
9430,Daniel Stevenson Jr.
9431,Daniel Stewart
9432,Daniel Stokes
9433,Daniel Strickland
9434,Daniel Stuart
9435,Daniel Sullivan
9436,Daniel Swanson
9437,Daniel Taylor
9438,Daniel Thomas
9439,Daniel Thompson
9440,Daniel Todd
9441,Daniel Torres
9442,Daniel Tran
9443,Daniel Trevino
9444,Daniel Turner
9445,Daniel Valdez
9446,Daniel Valentine
9447,Daniel Valenzuela
9448,Daniel Vance
9449,Daniel Vargas
9450,Daniel Velasquez
9451,Daniel Wagner
9452,Daniel Waller
9453,Daniel Walters
9454,Daniel Ward
9455,Daniel Washington
9456,Daniel Watkins
9457,Daniel Watts
9458,Daniel Weaver
9459,Daniel Weber
9460,Daniel Webster
9461,Daniel Welch
9462,Daniel Wells
9463,Daniel White
9464,Daniel Williams
9465,Daniel Williams Md
9466,Daniel Willis
9467,Daniel Wilson
9468,Daniel Wong
9469,Daniel Wood
9470,Daniel Woods
9471,Daniel Wyatt
9472,Daniel Yates
9473,Daniel Zavala
9474,Daniel Zimmerman
9475,Danielle Adams
9476,Danielle Anderson
9477,Danielle Andrews
9478,Danielle Bailey
9479,Danielle Banks
9480,Danielle Barker Dds
9481,Danielle Bell
9482,Danielle Bennett
9483,Danielle Bentley
9484,Danielle Blevins
9485,Danielle Boyd
9486,Danielle Brady
9487,Danielle Brennan
9488,Danielle Brown
9489,Danielle Burnett
9490,Danielle Camacho
9491,Danielle Charles
9492,Danielle Chavez
9493,Danielle Clements
9494,Danielle Collins
9495,Danielle Cook
9496,Danielle Cox
9497,Danielle Daniels
9498,Danielle Davis
9499,Danielle Dixon
9500,Danielle Douglas
9501,Danielle Ellis
9502,Danielle Ewing
9503,Danielle Fields
9504,Danielle Fischer
9505,Danielle Fowler
9506,Danielle Freeman
9507,Danielle Fuentes
9508,Danielle Gentry
9509,Danielle Gilbert
9510,Danielle Glenn
9511,Danielle Gonzalez
9512,Danielle Goodman
9513,Danielle Gray
9514,Danielle Guerra
9515,Danielle Guerrero
9516,Danielle Gutierrez
9517,Danielle Hancock
9518,Danielle Hansen
9519,Danielle Hardy
9520,Danielle Harris Dds
9521,Danielle Harrison
9522,Danielle Hart
9523,Danielle Hawkins
9524,Danielle Haynes
9525,Danielle Henderson
9526,Danielle Hernandez
9527,Danielle Hodge
9528,Danielle Howard
9529,Danielle Ibarra
9530,Danielle Jacobs
9531,Danielle Jennings
9532,Danielle Jimenez
9533,Danielle Johnson
9534,Danielle Jones
9535,Danielle Kennedy Md
9536,Danielle King
9537,Danielle Krause
9538,Danielle Lam
9539,Danielle Lee
9540,Danielle Lewis
9541,Danielle Long
9542,Danielle Lynch
9543,Danielle Lynn
9544,Danielle Macdonald
9545,Danielle Malone
9546,Danielle Mann
9547,Danielle Matthews
9548,Danielle May
9549,Danielle Mayo
9550,Danielle Mcfarland
9551,Danielle Meyer
9552,Danielle Miller
9553,Danielle Mills
9554,Danielle Moore
9555,Danielle Morales
9556,Danielle Morris
9557,Danielle Munoz
9558,Danielle Myers
9559,Danielle Navarro
9560,Danielle Neal
9561,Danielle Nichols
9562,Danielle Ortega
9563,Danielle Pacheco
9564,Danielle Parker Dds
9565,Danielle Paul
9566,Danielle Perez
9567,Danielle Peterson
9568,Danielle Phillips
9569,Danielle Pitts
9570,Danielle Powell
9571,Danielle Ramirez
9572,Danielle Reyes
9573,Danielle Reynolds
9574,Danielle Rivera
9575,Danielle Robbins
9576,Danielle Roberts
9577,Danielle Robinson
9578,Danielle Ruiz
9579,Danielle Ryan
9580,Danielle Schaefer
9581,Danielle Shields
9582,Danielle Short
9583,Danielle Sims
9584,Danielle Smith
9585,Danielle Solis
9586,Danielle Stephens
9587,Danielle Stevenson
9588,Danielle Taylor
9589,Danielle Thomas
9590,Danielle Torres
9591,Danielle Tucker
9592,Danielle Turner
9593,Danielle Tyler
9594,Danielle Villanueva
9595,Danielle Wagner
9596,Danielle Washington
9597,Danielle Weber
9598,Danielle Welch
9599,Danielle Wells
9600,Danielle Wilcox
9601,Danielle Williams
9602,Danielle Willis
9603,Danielle Wolf
9604,Danielle Woods
9605,Danny Anderson
9606,Danny Benjamin Dds
9607,Danny Brewer
9608,Danny Carter
9609,Danny Chambers
9610,Danny Collier
9611,Danny Downs
9612,Danny Flores
9613,Danny Foster
9614,Danny French
9615,Danny Graves
9616,Danny Hernandez
9617,Danny Hogan
9618,Danny Jackson
9619,Danny Jensen
9620,Danny Jones
9621,Danny Lewis
9622,Danny Mccarthy
9623,Danny Mcdonald
9624,Danny Moyer
9625,Danny Nelson
9626,Danny Oconnor
9627,Danny Oliver
9628,Danny Parks
9629,Danny Patel
9630,Danny Peters
9631,Danny Pitts
9632,Danny Price
9633,Danny Rivas
9634,Danny Roth
9635,Danny Sanford
9636,Danny Smith
9637,Danny Spence
9638,Danny Stone
9639,Danny Valencia
9640,Danny Walker
9641,Danny Wells
9642,Danny Williams
9643,Darin Bell
9644,Darin Flowers
9645,Darin Jacobs
9646,Darin Reynolds
9647,Darin Roman
9648,Darin Singleton
9649,Darius Armstrong
9650,Darius Cole
9651,Darius Davis
9652,Darius Lopez Jr.
9653,Darius Schaefer
9654,Darius Silva
9655,Darius Smith
9656,Darius Taylor
9657,Darius Vaughan
9658,Darlene Austin
9659,Darlene Bishop
9660,Darlene Byrd
9661,Darlene Carr
9662,Darlene Eaton
9663,Darlene Hines
9664,Darlene Jones
9665,Darlene Miller
9666,Darlene Mills
9667,Darlene Moody
9668,Darlene Mooney
9669,Darlene Nelson
9670,Darlene Poole
9671,Darlene Prince
9672,Darlene Ramos
9673,Darlene Robertson
9674,Darlene Rodriguez
9675,Darlene Shaw
9676,Darlene Smith
9677,Darlene Tran
9678,Darlene Trevino
9679,Darlene West
9680,Darlene Wilson
9681,Darlene Wright
9682,Darrell Atkinson
9683,Darrell Carlson
9684,Darrell Clay
9685,Darrell Cortez
9686,Darrell Dominguez
9687,Darrell Edwards
9688,Darrell Ford
9689,Darrell Frye
9690,Darrell Gordon
9691,Darrell Jones
9692,Darrell Koch
9693,Darrell Miller
9694,Darrell Myers
9695,Darrell Nguyen
9696,Darrell Owens
9697,Darrell Patel
9698,Darrell Rangel
9699,Darrell Ray
9700,Darrell Reed
9701,Darrell Riley
9702,Darrell Robles
9703,Darrell Santos
9704,Darrell Smith
9705,Darrell Stein
9706,Darrell Stewart
9707,Darrell Stokes
9708,Darrell Velazquez
9709,Darrell Werner
9710,Darrell White
9711,Darrell Williams
9712,Darrell Wilson
9713,Darren Becker
9714,Darren Brown
9715,Darren Clark
9716,Darren Collins
9717,Darren Davis
9718,Darren Fischer
9719,Darren Hall
9720,Darren Harper
9721,Darren Hines
9722,Darren Jacobson
9723,Darren Johnson
9724,Darren Martin
9725,Darren Murphy
9726,Darren Patterson
9727,Darren Quinn
9728,Darren Rasmussen
9729,Darren Roberts
9730,Darren Russell
9731,Darren Silva
9732,Darren Underwood
9733,Darren Velez
9734,Darren Walker
9735,Darren Walters
9736,Darren Wilson
9737,Darren Wright
9738,Darren Yang
9739,Darren Young
9740,Darryl Bell
9741,Darryl Burton
9742,Darryl Christian
9743,Darryl Evans
9744,Darryl Hensley
9745,Darryl Jackson
9746,Darryl Martin
9747,Darryl Martinez
9748,Darryl Nelson
9749,Darryl Roberts
9750,Darryl Rogers
9751,Darryl Swanson
9752,Darryl Vasquez
9753,Darryl Weiss
9754,Daryl Andrews
9755,Daryl Cross
9756,Daryl Harvey
9757,Daryl Herrera
9758,Daryl Kaufman
9759,Daryl Malone
9760,Daryl Mckinney
9761,Daryl Oconnor
9762,Daryl Russell
9763,Daryl Salazar
9764,Dave Austin
9765,Dave Clark
9766,Dave Davis
9767,Dave Holland
9768,Dave Horton
9769,Dave Jones
9770,Dave King
9771,Dave Landry
9772,Dave Moore
9773,Dave Olsen Jr.
9774,Dave Rosario
9775,Dave Smith
9776,Dave Tucker
9777,David Abbott
9778,David Adams
9779,David Alexander
9780,David Allen
9781,David Alvarez
9782,David Andersen
9783,David Anderson
9784,David Armstrong
9785,David Arnold
9786,David Ayala
9787,David Bailey
9788,David Baker
9789,David Baldwin
9790,David Ball
9791,David Ballard
9792,David Barber
9793,David Barnes
9794,David Barrera
9795,David Barron
9796,David Bartlett
9797,David Bean
9798,David Becker
9799,David Bell
9800,David Bennett
9801,David Berg
9802,David Berger
9803,David Berry
9804,David Black
9805,David Blackwell
9806,David Blake
9807,David Blankenship
9808,David Bowen
9809,David Bowers
9810,David Boyd
9811,David Bradley
9812,David Brock
9813,David Brooks
9814,David Brown
9815,David Brown Dds
9816,David Buchanan
9817,David Bullock
9818,David Burgess
9819,David Burke
9820,David Butler
9821,David Cabrera
9822,David Calhoun
9823,David Callahan
9824,David Cardenas
9825,David Carlson
9826,David Carroll
9827,David Carson
9828,David Carter
9829,David Chambers
9830,David Chan
9831,David Chandler
9832,David Chavez
9833,David Chen
9834,David Christian
9835,David Clark
9836,David Clarke
9837,David Clay
9838,David Clayton
9839,David Cole
9840,David Collins
9841,David Conley
9842,David Conner
9843,David Conrad
9844,David Contreras
9845,David Cook
9846,David Cook Jr.
9847,David Cooper
9848,David Cortez
9849,David Costa
9850,David Cox
9851,David Crawford Dds
9852,David Cross
9853,David Cruz
9854,David Cuevas
9855,David Cunningham
9856,David Curtis
9857,David Daniel
9858,David Davenport
9859,David David
9860,David Davis
9861,David Dean
9862,David Decker
9863,David Deleon
9864,David Delgado
9865,David Diaz
9866,David Dixon
9867,David Donovan
9868,David Dorsey
9869,David Douglas
9870,David Doyle
9871,David Dudley
9872,David Duke
9873,David Duncan
9874,David Duncan Md
9875,David Duran
9876,David Durham
9877,David Dyer
9878,David Edwards
9879,David Elliott
9880,David English
9881,David Espinoza
9882,David Estrada
9883,David Evans
9884,David Ewing
9885,David Farmer
9886,David Farrell
9887,David Fields
9888,David Figueroa
9889,David Fisher
9890,David Fitzgerald Jr.
9891,David Fleming
9892,David Flores
9893,David Flowers
9894,David Foster
9895,David Fowler
9896,David Fox
9897,David Frank
9898,David Franklin
9899,David Freeman
9900,David Frost
9901,David Fuentes
9902,David Fuller
9903,David Garcia
9904,David Gardner
9905,David Garrison
9906,David Garza
9907,David Gibson
9908,David Gilbert
9909,David Gill
9910,David Glenn
9911,David Golden
9912,David Gomez
9913,David Gonzales
9914,David Gonzalez
9915,David Gonzalez Jr.
9916,David Goodwin
9917,David Gordon
9918,David Gordon Phd
9919,David Grant
9920,David Graves
9921,David Gray
9922,David Green
9923,David Greene
9924,David Gross
9925,David Gutierrez
9926,David Guzman
9927,David Haley
9928,David Hall
9929,David Hansen
9930,David Hanson
9931,David Hardin
9932,David Harding
9933,David Harper
9934,David Harrington
9935,David Harris
9936,David Harrison
9937,David Hart
9938,David Harvey
9939,David Hatfield
9940,David Hawkins
9941,David Hawkins Dds
9942,David Hayden
9943,David Hayes
9944,David Haynes
9945,David Hebert
9946,David Henry
9947,David Hensley
9948,David Herman Jr.
9949,David Hernandez
9950,David Herrera
9951,David Herrera Iii
9952,David Hess
9953,David Hicks
9954,David Hill
9955,David Hinton
9956,David Hobbs
9957,David Hodge
9958,David Holt
9959,David Hood
9960,David Hoover
9961,David Howard
9962,David Howell
9963,David Hubbard
9964,David Huerta
9965,David Huff
9966,David Hughes
9967,David Hull
9968,David Hunter
9969,David Hunter Md
9970,David Huynh
9971,David Ibarra
9972,David Jackson
9973,David James
9974,David Jarvis
9975,David Jenkins
9976,David Jenkins Jr.
9977,David Jennings
9978,David Jensen
9979,David Jimenez
9980,David Johnson
9981,David Jones
9982,David Joseph
9983,David Joyce
9984,David Kane
9985,David Keith
9986,David Keller
9987,David Kelley
9988,David Kelly
9989,David Key
9990,David Khan
9991,David King
9992,David Lambert
9993,David Lane
9994,David Lang
9995,David Lawrence
9996,David Le
9997,David Leach
9998,David Leblanc
9999,David Lee
10000,David Lee Md
10001,David Leon
10002,David Lewis
10003,David Lindsey
10004,David Liu
10005,David Lopez
10006,David Lowery
10007,David Lucas
10008,David Lynch
10009,David Lyons
10010,David Maldonado
10011,David Mann
10012,David Manning
10013,David Marshall
10014,David Martin
10015,David Martinez
10016,David Martinez Dds
10017,David Martinez Ii
10018,David Mason
10019,David Matthews
10020,David Maxwell
10021,David Mayer
10022,David Maynard
10023,David Mccall
10024,David Mcclure
10025,David Mcconnell
10026,David Mccormick
10027,David Mccoy
10028,David Mcdonald
10029,David Mcdowell
10030,David Mckenzie
10031,David Mclean
10032,David Meadows
10033,David Mendez
10034,David Mendoza
10035,David Meyer
10036,David Michael
10037,David Miles
10038,David Miller
10039,David Mills
10040,David Miranda
10041,David Mitchell
10042,David Molina
10043,David Montoya
10044,David Moore
10045,David Morales
10046,David Moreno
10047,David Morgan
10048,David Morris
10049,David Morrow
10050,David Morse
10051,David Morton
10052,David Murphy
10053,David Murray
10054,David Myers
10055,David Navarro
10056,David Nelson
10057,David Newman
10058,David Nguyen
10059,David Nichols
10060,David Noble
10061,David Nunez
10062,David Obrien
10063,David Ochoa
10064,David Oliver
10065,David Olsen
10066,David Oneill
10067,David Orozco
10068,David Ortega
10069,David Ortiz
10070,David Pacheco
10071,David Page
10072,David Park
10073,David Parker
10074,David Parks
10075,David Parrish
10076,David Patel
10077,David Patterson
10078,David Patton
10079,David Pennington
10080,David Perez
10081,David Perkins
10082,David Perry
10083,David Peters
10084,David Peterson
10085,David Pierce
10086,David Pineda
10087,David Pollard
10088,David Ponce Md
10089,David Poole
10090,David Powell
10091,David Pratt
10092,David Price
10093,David Pruitt
10094,David Ramirez
10095,David Ramos
10096,David Ray
10097,David Reyes
10098,David Reynolds
10099,David Rhodes
10100,David Richard
10101,David Richards
10102,David Riddle
10103,David Riley
10104,David Ritter
10105,David Rivera
10106,David Roach
10107,David Robbins
10108,David Roberson
10109,David Roberts
10110,David Robinson
10111,David Rodgers
10112,David Rodriguez
10113,David Rogers
10114,David Rojas
10115,David Romero
10116,David Rosario
10117,David Rose
10118,David Ross
10119,David Roth
10120,David Ruiz
10121,David Russell
10122,David Salazar
10123,David Sanchez
10124,David Sanders
10125,David Sandoval
10126,David Saunders
10127,David Schmidt
10128,David Schroeder
10129,David Schultz
10130,David Schwartz
10131,David Scott
10132,David Shaw
10133,David Shelton
10134,David Short
10135,David Silva
10136,David Simmons
10137,David Simpson
10138,David Sims
10139,David Singh
10140,David Small
10141,David Smith
10142,David Smith Md
10143,David Sosa
10144,David Soto
10145,David Sparks
10146,David Spears
10147,David Spencer
10148,David Stanley
10149,David Stanton
10150,David Stark
10151,David Steele
10152,David Stevens
10153,David Stevenson
10154,David Strickland
10155,David Strong
10156,David Sullivan
10157,David Sutton
10158,David Swanson
10159,David Sweeney
10160,David Tate
10161,David Taylor
10162,David Terry
10163,David Thomas
10164,David Thompson
10165,David Thornton
10166,David Torres
10167,David Trevino
10168,David Underwood
10169,David Valdez
10170,David Valentine
10171,David Valenzuela
10172,David Vang
10173,David Vasquez
10174,David Vaughn
10175,David Vazquez
10176,David Wade
10177,David Wagner
10178,David Walker
10179,David Wall
10180,David Wallace
10181,David Walls
10182,David Wang
10183,David Ward
10184,David Waters
10185,David Watkins
10186,David Watson
10187,David Watts
10188,David Webb
10189,David Weber
10190,David Webster
10191,David Weiss
10192,David Wells
10193,David West
10194,David Wheeler
10195,David White
10196,David Wilkins
10197,David Wilkinson
10198,David Williams
10199,David Williams Dvm
10200,David Williamson
10201,David Willis
10202,David Wilson
10203,David Wilson Jr.
10204,David Winters
10205,David Wood
10206,David Wright
10207,David Young
10208,David Zavala
10209,Dawn Alexander
10210,Dawn Austin
10211,Dawn Avila
10212,Dawn Bailey
10213,Dawn Barron
10214,Dawn Benson
10215,Dawn Bradshaw
10216,Dawn Brown
10217,Dawn Buchanan
10218,Dawn Burton
10219,Dawn Butler Md
10220,Dawn Campos
10221,Dawn Carr
10222,Dawn Castillo
10223,Dawn Chase
10224,Dawn Conner
10225,Dawn Cook
10226,Dawn Cox
10227,Dawn Cuevas
10228,Dawn Davis
10229,Dawn Dennis
10230,Dawn Douglas
10231,Dawn Ellis
10232,Dawn Faulkner
10233,Dawn Fernandez
10234,Dawn Galvan
10235,Dawn Garcia
10236,Dawn George
10237,Dawn Gilbert
10238,Dawn Golden
10239,Dawn Gonzalez
10240,Dawn Gray
10241,Dawn Griffin
10242,Dawn Guzman
10243,Dawn Hammond
10244,Dawn Harding
10245,Dawn Harper
10246,Dawn Harris
10247,Dawn Hawkins
10248,Dawn Herman
10249,Dawn Hernandez
10250,Dawn Hicks
10251,Dawn Holden
10252,Dawn Hopkins
10253,Dawn Jackson
10254,Dawn Jones
10255,Dawn Jordan
10256,Dawn Larson
10257,Dawn Lawson
10258,Dawn Lewis
10259,Dawn Little
10260,Dawn Long
10261,Dawn Lopez
10262,Dawn Macias
10263,Dawn Martin
10264,Dawn Martinez
10265,Dawn Matthews
10266,Dawn Mcclain
10267,Dawn Mcgrath
10268,Dawn Mcintosh
10269,Dawn Mendoza
10270,Dawn Merritt
10271,Dawn Miles
10272,Dawn Miller
10273,Dawn Moore
10274,Dawn Morgan
10275,Dawn Morris
10276,Dawn Morrison
10277,Dawn Morse
10278,Dawn Myers
10279,Dawn Obrien
10280,Dawn Olson
10281,Dawn Patel
10282,Dawn Patrick
10283,Dawn Powell
10284,Dawn Reed
10285,Dawn Rich
10286,Dawn Riley
10287,Dawn Rivera
10288,Dawn Roberts
10289,Dawn Rodriguez
10290,Dawn Rogers
10291,Dawn Russell
10292,Dawn Sanders
10293,Dawn Shannon
10294,Dawn Smith
10295,Dawn Snow
10296,Dawn Stephens
10297,Dawn Strickland
10298,Dawn Taylor
10299,Dawn Thompson
10300,Dawn Turner
10301,Dawn Velasquez
10302,Dawn Wallace
10303,Dawn Ward
10304,Dawn Warner
10305,Dawn Watson
10306,Dawn Wells
10307,Dawn White Dvm
10308,Dawn Whitehead
10309,Dawn Williams
10310,Dawn Wright
10311,Dawn Zimmerman
10312,Dean Anderson
10313,Dean Calderon
10314,Dean Carson
10315,Dean Carter
10316,Dean Garcia
10317,Dean Gonzalez
10318,Dean Guzman
10319,Dean Henry
10320,Dean Jordan
10321,Dean King
10322,Dean Mendoza
10323,Dean Morales
10324,Dean Peters
10325,Dean Powell
10326,Dean Sanford
10327,Dean Steele
10328,Dean Tucker
10329,Dean Wade
10330,Dean Young
10331,Deanna Bautista
10332,Deanna Brock
10333,Deanna Burns Md
10334,Deanna Campbell
10335,Deanna Castro
10336,Deanna Chambers
10337,Deanna Charles
10338,Deanna Clark
10339,Deanna Cook
10340,Deanna Gill
10341,Deanna Gonzalez
10342,Deanna Graham
10343,Deanna Hendrix
10344,Deanna Holt
10345,Deanna Hudson
10346,Deanna Johnson
10347,Deanna Kim
10348,Deanna Le
10349,Deanna Lewis
10350,Deanna Mccarthy
10351,Deanna Mcclain
10352,Deanna Medina
10353,Deanna Miller
10354,Deanna Miller Md
10355,Deanna Patterson
10356,Deanna Price
10357,Deanna Rice
10358,Deanna Riggs
10359,Deanna Robertson
10360,Deanna Robinson
10361,Deanna Rodriguez
10362,Deanna Rogers
10363,Deanna Shepherd
10364,Deanna Smith
10365,Deanna Stewart Md
10366,Deanna Tanner
10367,Deanna Thomas
10368,Deanna Valdez
10369,Deanna Velasquez
10370,Deanna Wade
10371,Deanna Walker
10372,Deanna Ward
10373,Deanna Welch
10374,Deanna Young
10375,Debbie Anderson
10376,Debbie Arroyo
10377,Debbie Barnes
10378,Debbie Brown
10379,Debbie Browning
10380,Debbie Conrad
10381,Debbie Davis
10382,Debbie Decker
10383,Debbie Donaldson
10384,Debbie Duran
10385,Debbie Ferguson Dvm
10386,Debbie Fernandez
10387,Debbie Foster
10388,Debbie Hampton
10389,Debbie Hardy
10390,Debbie Johnson
10391,Debbie Jones
10392,Debbie Kelly
10393,Debbie King
10394,Debbie Lane
10395,Debbie Lawrence
10396,Debbie Leach
10397,Debbie Miller
10398,Debbie Munoz
10399,Debbie Norris
10400,Debbie Peters
10401,Debbie Pierce
10402,Debbie Pittman
10403,Debbie Ramos
10404,Debbie Ruiz
10405,Debbie Salazar
10406,Debbie Sanchez
10407,Debbie Ward Dvm
10408,Debbie Williams
10409,Debbie Wilson
10410,Debbie Wise
10411,Debbie Woods
10412,Debbie Yu
10413,Deborah Abbott
10414,Deborah Arnold
10415,Deborah Austin
10416,Deborah Bailey
10417,Deborah Baker
10418,Deborah Berry
10419,Deborah Blackwell
10420,Deborah Bridges
10421,Deborah Brown
10422,Deborah Cabrera
10423,Deborah Cantu
10424,Deborah Carlson
10425,Deborah Chapman
10426,Deborah Cisneros
10427,Deborah Clark
10428,Deborah Cole
10429,Deborah Combs
10430,Deborah Cook
10431,Deborah Cooper
10432,Deborah Copeland
10433,Deborah Daniels
10434,Deborah Dixon
10435,Deborah Douglas
10436,Deborah Edwards
10437,Deborah Ferrell
10438,Deborah Fletcher
10439,Deborah Foster
10440,Deborah Frazier
10441,Deborah Frederick
10442,Deborah Giles
10443,Deborah Gonzalez
10444,Deborah Graham
10445,Deborah Gregory
10446,Deborah Hansen
10447,Deborah Harris
10448,Deborah Hawkins
10449,Deborah Henderson
10450,Deborah Hernandez
10451,Deborah Hill
10452,Deborah Howard
10453,Deborah Humphrey
10454,Deborah Ingram
10455,Deborah Jenkins
10456,Deborah Jones
10457,Deborah Joseph
10458,Deborah Keller
10459,Deborah Kennedy
10460,Deborah Lawson
10461,Deborah Lee
10462,Deborah Lewis
10463,Deborah Li
10464,Deborah Long
10465,Deborah Lopez
10466,Deborah Lowe
10467,Deborah Mann
10468,Deborah Martinez
10469,Deborah Mccarthy
10470,Deborah Mcgee
10471,Deborah Meadows
10472,Deborah Molina
10473,Deborah Montgomery
10474,Deborah Moore
10475,Deborah Murphy
10476,Deborah Nielsen
10477,Deborah Norman
10478,Deborah Odonnell
10479,Deborah Parker
10480,Deborah Perez
10481,Deborah Perkins
10482,Deborah Petersen
10483,Deborah Phillips
10484,Deborah Pope
10485,Deborah Reed
10486,Deborah Richardson
10487,Deborah Rios
10488,Deborah Robbins
10489,Deborah Roberts
10490,Deborah Robinson Dvm
10491,Deborah Russell
10492,Deborah Salazar
10493,Deborah Sanders
10494,Deborah Scott
10495,Deborah Shannon
10496,Deborah Silva
10497,Deborah Simmons
10498,Deborah Smith
10499,Deborah Stewart
10500,Deborah Sutton
10501,Deborah Vasquez
10502,Deborah Villegas
10503,Deborah Wallace
10504,Deborah West
10505,Deborah Wilkinson
10506,Deborah Williams
10507,Deborah Wilson
10508,Deborah Wise
10509,Deborah Wright
10510,Deborah Yoder
10511,Debra Acevedo
10512,Debra Adams
10513,Debra Allison
10514,Debra Bailey
10515,Debra Baker
10516,Debra Barrett
10517,Debra Bernard
10518,Debra Bowen
10519,Debra Bradley
10520,Debra Braun
10521,Debra Bullock
10522,Debra Caldwell
10523,Debra Campbell
10524,Debra Cannon
10525,Debra Carpenter
10526,Debra Collins
10527,Debra Cordova
10528,Debra Crane
10529,Debra Donovan
10530,Debra Fisher
10531,Debra Fletcher
10532,Debra Garner
10533,Debra Gillespie
10534,Debra Gray
10535,Debra Green Md
10536,Debra Hall
10537,Debra Hamilton
10538,Debra Hanna
10539,Debra Harris
10540,Debra Harrison
10541,Debra Harrison Md
10542,Debra Haynes
10543,Debra Herrera
10544,Debra Holland
10545,Debra Holloway
10546,Debra Hopkins
10547,Debra Hughes
10548,Debra Jackson
10549,Debra Johnson
10550,Debra Kent
10551,Debra Lambert
10552,Debra Leblanc
10553,Debra Lester
10554,Debra Li
10555,Debra Lopez
10556,Debra Martin
10557,Debra Martinez
10558,Debra Matthews
10559,Debra Mcclure
10560,Debra Mcdaniel
10561,Debra Mendoza
10562,Debra Miller
10563,Debra Moore
10564,Debra Navarro
10565,Debra Obrien
10566,Debra Oconnor
10567,Debra Odom
10568,Debra Olsen
10569,Debra Park
10570,Debra Perkins
10571,Debra Phillips
10572,Debra Powers
10573,Debra Ramirez
10574,Debra Ramos
10575,Debra Randolph Md
10576,Debra Reed
10577,Debra Roberts
10578,Debra Sanchez
10579,Debra Sharp
10580,Debra Simmons
10581,Debra Thomas
10582,Debra Torres
10583,Debra Walls
10584,Debra Walsh
10585,Debra Weaver
10586,Debra Williams
10587,Debra Williamson
10588,Debra Wilson
10589,Debra Wright
10590,Debra Zuniga
10591,Denise Ali
10592,Denise Alvarez
10593,Denise Anderson
10594,Denise Arnold
10595,Denise Austin
10596,Denise Ballard
10597,Denise Barrera
10598,Denise Black
10599,Denise Blair
10600,Denise Bowers Dds
10601,Denise Bright
10602,Denise Burke
10603,Denise Cain
10604,Denise Cantrell
10605,Denise Castillo
10606,Denise Chase
10607,Denise Christensen
10608,Denise Clayton
10609,Denise Coleman
10610,Denise Collins
10611,Denise Dunn
10612,Denise Erickson
10613,Denise Farmer
10614,Denise Fernandez
10615,Denise Fields
10616,Denise Fisher
10617,Denise Forbes
10618,Denise Foster
10619,Denise Francis
10620,Denise Freeman
10621,Denise Galloway
10622,Denise Garcia
10623,Denise Gardner
10624,Denise George
10625,Denise Green
10626,Denise Guzman
10627,Denise Hamilton
10628,Denise Harper
10629,Denise Harris
10630,Denise Hebert
10631,Denise Hensley
10632,Denise Hernandez
10633,Denise Hines
10634,Denise Howell
10635,Denise Huff
10636,Denise Jackson
10637,Denise Jenkins
10638,Denise Johnson
10639,Denise Johnston
10640,Denise Jones
10641,Denise Kelly
10642,Denise Kim
10643,Denise Lane
10644,Denise Lawrence
10645,Denise Lopez
10646,Denise Lowe
10647,Denise Luna
10648,Denise Martinez
10649,Denise Matthews
10650,Denise Mayo
10651,Denise Mcdonald
10652,Denise Mcknight
10653,Denise Miller
10654,Denise Morgan
10655,Denise Nelson
10656,Denise Nguyen
10657,Denise Ochoa
10658,Denise Olson
10659,Denise Osborne
10660,Denise Pacheco
10661,Denise Perry
10662,Denise Phillips
10663,Denise Porter
10664,Denise Price
10665,Denise Reed
10666,Denise Reynolds
10667,Denise Richardson
10668,Denise Rivera
10669,Denise Rivera Dds
10670,Denise Robertson
10671,Denise Rodriguez
10672,Denise Schmitt
10673,Denise Smith
10674,Denise Stewart Dds
10675,Denise Taylor
10676,Denise Thompson
10677,Denise Turner
10678,Denise Vargas
10679,Denise Vasquez
10680,Denise Vaughn
10681,Denise Vega
10682,Denise Walker
10683,Denise Walls
10684,Denise Ward
10685,Denise Warner
10686,Denise Webb
10687,Denise White
10688,Denise Williams
10689,Denise Wilson
10690,Denise Wood
10691,Denise Wright
10692,Dennis Adams
10693,Dennis Anderson
10694,Dennis Atkinson
10695,Dennis Bailey
10696,Dennis Blair
10697,Dennis Brown
10698,Dennis Butler
10699,Dennis Cabrera
10700,Dennis Carter
10701,Dennis Cohen
10702,Dennis Cole
10703,Dennis Cook
10704,Dennis Curtis
10705,Dennis Davis
10706,Dennis Decker
10707,Dennis Espinoza
10708,Dennis Ferrell
10709,Dennis Fisher
10710,Dennis Fox
10711,Dennis French
10712,Dennis Gilbert
10713,Dennis Golden
10714,Dennis Gregory
10715,Dennis Griffith
10716,Dennis Gutierrez
10717,Dennis Harmon
10718,Dennis Harris
10719,Dennis Harrison
10720,Dennis Hayes
10721,Dennis Henson
10722,Dennis Herrera
10723,Dennis Hill
10724,Dennis Holt
10725,Dennis Hopkins
10726,Dennis Hughes
10727,Dennis Ingram
10728,Dennis James
10729,Dennis Kelley
10730,Dennis Le
10731,Dennis Lewis
10732,Dennis Long
10733,Dennis Macdonald
10734,Dennis Mccormick
10735,Dennis Mcintyre
10736,Dennis Miller
10737,Dennis Mitchell
10738,Dennis Morales
10739,Dennis Murphy
10740,Dennis Nelson
10741,Dennis Palmer
10742,Dennis Perez
10743,Dennis Phillips
10744,Dennis Randall
10745,Dennis Reed
10746,Dennis Richardson
10747,Dennis Riggs
10748,Dennis Robbins
10749,Dennis Robinson
10750,Dennis Sanchez
10751,Dennis Sanford
10752,Dennis Short
10753,Dennis Small
10754,Dennis Smith
10755,Dennis Soto
10756,Dennis Spencer
10757,Dennis Summers Md
10758,Dennis Thomas
10759,Dennis Torres
10760,Dennis Turner Md
10761,Dennis Vance
10762,Dennis Wagner
10763,Dennis Walker
10764,Dennis Wallace
10765,Dennis Warren
10766,Dennis Weber
10767,Dennis Wheeler
10768,Dennis Wilson
10769,Derek Acosta
10770,Derek Alexander
10771,Derek Allen
10772,Derek Bass
10773,Derek Bennett
10774,Derek Bird
10775,Derek Bridges
10776,Derek Brown
10777,Derek Burns
10778,Derek Campbell
10779,Derek Cantu
10780,Derek Clark
10781,Derek Collier
10782,Derek Collins
10783,Derek Compton
10784,Derek Cruz
10785,Derek Dorsey
10786,Derek Dunlap
10787,Derek Edwards
10788,Derek Fuentes
10789,Derek Garcia
10790,Derek Gonzalez
10791,Derek Griffin
10792,Derek Hart
10793,Derek Henderson
10794,Derek Higgins
10795,Derek Hudson
10796,Derek Huffman
10797,Derek Johnson
10798,Derek Jordan
10799,Derek Kaiser
10800,Derek Kent
10801,Derek Kim
10802,Derek Klein
10803,Derek Mack
10804,Derek Martin
10805,Derek Martinez
10806,Derek Mcneil
10807,Derek Melendez
10808,Derek Meza
10809,Derek Michael
10810,Derek Miller
10811,Derek Mora
10812,Derek Norman
10813,Derek Ortiz
10814,Derek Parks
10815,Derek Peters
10816,Derek Phillips
10817,Derek Ramos
10818,Derek Ray
10819,Derek Reed
10820,Derek Reese
10821,Derek Reid
10822,Derek Reyes
10823,Derek Reyes Dds
10824,Derek Richardson
10825,Derek Robinson
10826,Derek Rodriguez
10827,Derek Rogers
10828,Derek Santos
10829,Derek Smith
10830,Derek Solomon
10831,Derek Taylor
10832,Derek Trevino
10833,Derek Turner
10834,Derek Valencia
10835,Derek Wallace
10836,Derek White
10837,Derek Wright
10838,Derek York
10839,Derek Zimmerman
10840,Derrick Aguilar
10841,Derrick Alexander
10842,Derrick Arnold
10843,Derrick Barrera
10844,Derrick Bates
10845,Derrick Bowman
10846,Derrick Brown
10847,Derrick Campbell
10848,Derrick Cole
10849,Derrick Coleman
10850,Derrick Cooper
10851,Derrick Cross
10852,Derrick Davis
10853,Derrick Freeman
10854,Derrick Frey
10855,Derrick Garcia
10856,Derrick Grant Md
10857,Derrick Guerra
10858,Derrick Hull
10859,Derrick Jenkins
10860,Derrick Johnson
10861,Derrick Johnson Dds
10862,Derrick Jones
10863,Derrick Joseph
10864,Derrick Klein
10865,Derrick Lucas
10866,Derrick Martinez
10867,Derrick Mitchell Dvm
10868,Derrick Moore
10869,Derrick Morrison
10870,Derrick Mullins
10871,Derrick Pena
10872,Derrick Perez Jr.
10873,Derrick Rocha
10874,Derrick Rogers
10875,Derrick Sanders
10876,Derrick Thompson
10877,Derrick Travis
10878,Derrick Ware
10879,Derrick Wiggins
10880,Derrick Wolfe
10881,Derrick Wood
10882,Desiree Ali
10883,Desiree Bowman
10884,Desiree Collins
10885,Desiree Dixon
10886,Desiree Gordon
10887,Desiree Guzman
10888,Desiree Hoffman
10889,Desiree Jenkins
10890,Desiree Johnson
10891,Desiree Jones
10892,Desiree Leach
10893,Desiree Lewis
10894,Desiree Lopez
10895,Desiree Martin Dds
10896,Desiree Mcdaniel
10897,Desiree Myers
10898,Desiree Park
10899,Desiree Perez
10900,Desiree Potter
10901,Desiree Ray
10902,Desiree Reed
10903,Desiree Rojas
10904,Desiree Smith
10905,Desiree Swanson
10906,Desiree Thornton
10907,Desiree Wright
10908,Desiree Young
10909,Destiny Brooks
10910,Destiny Delacruz
10911,Destiny Edwards
10912,Destiny Glover
10913,Destiny Hale
10914,Destiny Hernandez
10915,Destiny Hicks
10916,Destiny Hooper
10917,Destiny Lambert
10918,Destiny Long
10919,Destiny Mason
10920,Destiny Miller
10921,Destiny Nichols
10922,Destiny Reid
10923,Destiny Simmons
10924,Destiny Singh
10925,Destiny Weber
10926,Destiny Wong
10927,Destiny Wright
10928,Devin Anderson
10929,Devin Bernard
10930,Devin Brown
10931,Devin Campos
10932,Devin Conrad
10933,Devin Davis
10934,Devin Gates
10935,Devin Gibbs
10936,Devin Hall
10937,Devin Haynes
10938,Devin Hughes
10939,Devin James
10940,Devin Johnson
10941,Devin Lopez
10942,Devin Marshall
10943,Devin Martin
10944,Devin Miller
10945,Devin Murray
10946,Devin Paul
10947,Devin Potts
10948,Devin Pratt
10949,Devin Rasmussen
10950,Devin Rodgers
10951,Devin Russell
10952,Devin Russo
10953,Devin Salas
10954,Devin Turner
10955,Devin Tyler
10956,Devin Williams
10957,Devin Wright
10958,Devon Brewer
10959,Devon Cochran
10960,Devon Garner
10961,Devon Lamb
10962,Devon Lucero
10963,Devon Murphy
10964,Devon Parker
10965,Devon Peters
10966,Devon Pruitt
10967,Devon Smith
10968,Devon Watkins
10969,Diamond Foster
10970,Diamond Graves
10971,Diamond Kelley
10972,Diamond Reynolds
10973,Diamond Rodriguez
10974,Diamond Wilkerson
10975,Diana Anderson
10976,Diana Bates
10977,Diana Blanchard
10978,Diana Boyd
10979,Diana Bradley
10980,Diana Brown
10981,Diana Buchanan
10982,Diana Cameron
10983,Diana Collins
10984,Diana Contreras
10985,Diana Cruz
10986,Diana Day
10987,Diana Douglas
10988,Diana Duncan
10989,Diana Erickson Dds
10990,Diana Espinoza
10991,Diana Farmer Dds
10992,Diana Fowler
10993,Diana Franco
10994,Diana Garcia
10995,Diana Greer
10996,Diana Guerrero
10997,Diana Hale
10998,Diana Harmon
10999,Diana Hartman
11000,Diana Hensley
11001,Diana Hernandez
11002,Diana Hunt
11003,Diana Jackson
11004,Diana Jacobs
11005,Diana Jensen
11006,Diana Jimenez
11007,Diana Johnson
11008,Diana Jones
11009,Diana Jordan
11010,Diana Kelly
11011,Diana Kent
11012,Diana Kirk
11013,Diana Lambert
11014,Diana Lee
11015,Diana Leonard
11016,Diana Lester
11017,Diana Li
11018,Diana Lopez
11019,Diana Marshall
11020,Diana Martin
11021,Diana Martinez
11022,Diana Mcgrath
11023,Diana Mcpherson
11024,Diana Meyer
11025,Diana Moore
11026,Diana Morales
11027,Diana Moreno
11028,Diana Morris
11029,Diana Navarro
11030,Diana Nelson
11031,Diana Patel
11032,Diana Phillips
11033,Diana Ramirez
11034,Diana Reyes
11035,Diana Rivera
11036,Diana Robinson
11037,Diana Rogers
11038,Diana Roman
11039,Diana Romero
11040,Diana Rose
11041,Diana Ross
11042,Diana Roth
11043,Diana Salinas
11044,Diana Sanders
11045,Diana Santos
11046,Diana Savage
11047,Diana Shaw
11048,Diana Simmons
11049,Diana Smith
11050,Diana Sweeney
11051,Diana Taylor
11052,Diana Tran
11053,Diana Tucker
11054,Diana Underwood
11055,Diana Wallace
11056,Diana Waters
11057,Diana Williams Dds
11058,Diana Willis
11059,Diane Adams
11060,Diane Anderson Dds
11061,Diane Andrade
11062,Diane Arias
11063,Diane Arnold
11064,Diane Ashley
11065,Diane Barnes
11066,Diane Bauer
11067,Diane Beck
11068,Diane Bishop
11069,Diane Blair
11070,Diane Bright
11071,Diane Cabrera
11072,Diane Castro
11073,Diane Chen
11074,Diane Clark
11075,Diane Clements
11076,Diane Cobb
11077,Diane Contreras
11078,Diane Cooper
11079,Diane Cox
11080,Diane Cummings
11081,Diane Davis
11082,Diane Diaz
11083,Diane Ewing
11084,Diane Fletcher
11085,Diane Flores
11086,Diane Foster
11087,Diane Garcia
11088,Diane Gilbert
11089,Diane Goodwin
11090,Diane Griffin
11091,Diane Griffith
11092,Diane Guzman
11093,Diane Hernandez
11094,Diane Hoffman
11095,Diane Hood
11096,Diane Hopkins
11097,Diane Horne
11098,Diane Hubbard
11099,Diane Hunter
11100,Diane Hutchinson
11101,Diane Jenkins
11102,Diane Jones
11103,Diane Jordan
11104,Diane King
11105,Diane Madden
11106,Diane Marshall
11107,Diane Martin
11108,Diane Mcneil
11109,Diane Merritt
11110,Diane Morgan
11111,Diane Nelson
11112,Diane Olson
11113,Diane Owens
11114,Diane Parker
11115,Diane Patel
11116,Diane Patterson
11117,Diane Pratt
11118,Diane Ramsey
11119,Diane Richardson
11120,Diane Riley
11121,Diane Rivera
11122,Diane Robinson
11123,Diane Ryan
11124,Diane Sellers
11125,Diane Smith
11126,Diane Stanley
11127,Diane Stephens
11128,Diane Sutton
11129,Diane Thomas
11130,Diane Torres
11131,Diane Trujillo
11132,Diane Vargas
11133,Diane Wagner
11134,Diane White
11135,Diane Williams
11136,Diane Young
11137,Dillon Bush
11138,Dillon Campbell
11139,Dillon Gonzales
11140,Dillon Gutierrez
11141,Dillon Jenkins
11142,Dillon Lowery
11143,Dillon Mcneil
11144,Dillon Parsons
11145,Dillon Pittman
11146,Dillon Reeves
11147,Dillon Rich
11148,Dillon Simmons
11149,Dillon Smith
11150,Dillon Wagner
11151,Dillon Waters
11152,Dillon Wood
11153,Dillon Woods
11154,Dominic Adams
11155,Dominic Collins
11156,Dominic Deleon
11157,Dominic Ellis
11158,Dominic Lewis
11159,Dominic Miller
11160,Dominic Mitchell
11161,Dominic Morris
11162,Dominic Navarro
11163,Dominic Perez Jr.
11164,Dominic Ramirez
11165,Dominic Sandoval
11166,Dominic Stanley
11167,Dominic Stevens
11168,Dominic Vincent
11169,Dominic Wilkins
11170,Dominique Bartlett
11171,Dominique Bradford
11172,Dominique Brown
11173,Dominique Contreras
11174,Dominique Fernandez
11175,Dominique Hunt
11176,Dominique Kelly
11177,Dominique Lee
11178,Dominique Mclean
11179,Dominique Moody
11180,Dominique Nguyen
11181,Dominique Owens
11182,Dominique Phillips
11183,Dominique Ramirez
11184,Dominique Richardson
11185,Dominique Rios
11186,Dominique Sampson
11187,Dominique Sanchez
11188,Dominique Thompson
11189,Dominique Torres
11190,Dominique Ward
11191,Don Bass
11192,Don Burgess
11193,Don Clark
11194,Don Fisher
11195,Don Harris
11196,Don Holt
11197,Don Humphrey
11198,Don Marsh
11199,Don Munoz
11200,Don Pope
11201,Don Sanders
11202,Don Smith
11203,Don Wang
11204,Don Wilson
11205,Donald Acosta Jr.
11206,Donald Adams
11207,Donald Adkins
11208,Donald Allen
11209,Donald Alvarez
11210,Donald Anderson
11211,Donald Arias
11212,Donald Armstrong
11213,Donald Barnes
11214,Donald Benjamin
11215,Donald Bradley
11216,Donald Brown
11217,Donald Camacho
11218,Donald Cameron
11219,Donald Cantu
11220,Donald Castillo
11221,Donald Cervantes
11222,Donald Clark
11223,Donald Cobb
11224,Donald Coleman
11225,Donald Combs
11226,Donald Conway
11227,Donald Cooley
11228,Donald Cox
11229,Donald Dixon
11230,Donald Estes
11231,Donald Ferguson
11232,Donald Flowers
11233,Donald Ford
11234,Donald Galvan
11235,Donald Gomez
11236,Donald Gonzales
11237,Donald Gonzalez
11238,Donald Goodwin
11239,Donald Grant
11240,Donald Gray
11241,Donald Guerrero
11242,Donald Gutierrez
11243,Donald Hall
11244,Donald Hardy
11245,Donald Harper
11246,Donald Hebert
11247,Donald Hendrix
11248,Donald Herrera
11249,Donald Hines
11250,Donald Hoffman
11251,Donald Hogan
11252,Donald Hood
11253,Donald House
11254,Donald Howard
11255,Donald Hutchinson
11256,Donald Jackson
11257,Donald Jenkins
11258,Donald Johns
11259,Donald Johnson
11260,Donald Johnson Dvm
11261,Donald Kelly
11262,Donald Knight
11263,Donald Lester
11264,Donald Lopez
11265,Donald Love
11266,Donald Lucas
11267,Donald Martin
11268,Donald May
11269,Donald Maynard
11270,Donald Mccann
11271,Donald Mcfarland
11272,Donald Molina
11273,Donald Moon
11274,Donald Moore
11275,Donald Morales
11276,Donald Morgan
11277,Donald Morris
11278,Donald Mullen
11279,Donald Nguyen
11280,Donald Obrien
11281,Donald Ortiz
11282,Donald Padilla
11283,Donald Parrish
11284,Donald Patel
11285,Donald Peterson
11286,Donald Phillips
11287,Donald Price
11288,Donald Ramirez
11289,Donald Reynolds
11290,Donald Richards
11291,Donald Robertson
11292,Donald Robinson
11293,Donald Robles
11294,Donald Rodriguez
11295,Donald Rojas
11296,Donald Rose
11297,Donald Ruiz
11298,Donald Rush
11299,Donald Sanchez
11300,Donald Schwartz
11301,Donald Shaw
11302,Donald Sherman
11303,Donald Simmons
11304,Donald Singh
11305,Donald Smith
11306,Donald Solis
11307,Donald Sosa
11308,Donald Strickland
11309,Donald Taylor
11310,Donald Todd
11311,Donald Torres
11312,Donald Tucker
11313,Donald Turner
11314,Donald Wagner
11315,Donald Walker
11316,Donald Wallace
11317,Donald Ward
11318,Donald Watson Md
11319,Donald Watts
11320,Donald Wheeler
11321,Donald White
11322,Donald Williams
11323,Donald Wilson
11324,Donald Young
11325,Donald Young Dds
11326,Donald Zamora
11327,Donna Adams
11328,Donna Aguilar
11329,Donna Andersen
11330,Donna Andrade
11331,Donna Armstrong
11332,Donna Barnett
11333,Donna Bell
11334,Donna Bentley
11335,Donna Blanchard
11336,Donna Booker
11337,Donna Boyer
11338,Donna Brennan
11339,Donna Bright
11340,Donna Brown
11341,Donna Callahan
11342,Donna Campbell
11343,Donna Carlson
11344,Donna Carr
11345,Donna Castro
11346,Donna Clark
11347,Donna Coleman
11348,Donna Colon
11349,Donna Combs
11350,Donna Cook
11351,Donna Cox
11352,Donna Cruz
11353,Donna Davis
11354,Donna Dawson
11355,Donna Dean
11356,Donna Dominguez
11357,Donna Douglas
11358,Donna Duffy
11359,Donna Duncan
11360,Donna Dunn
11361,Donna Edwards
11362,Donna Escobar
11363,Donna Everett
11364,Donna Fernandez
11365,Donna Fields
11366,Donna Fletcher
11367,Donna Fowler
11368,Donna Gonzalez
11369,Donna Graham
11370,Donna Green
11371,Donna Griffin
11372,Donna Hall
11373,Donna Hancock
11374,Donna Harvey
11375,Donna Hernandez
11376,Donna Herrera
11377,Donna Hill
11378,Donna Hobbs
11379,Donna Howe
11380,Donna Huerta
11381,Donna Huffman
11382,Donna Hunt
11383,Donna Jacobs
11384,Donna Jacobson
11385,Donna James
11386,Donna Jefferson
11387,Donna Johnson
11388,Donna Jones
11389,Donna Kelley
11390,Donna Kelly
11391,Donna Kennedy
11392,Donna Kim
11393,Donna Larson
11394,Donna Leblanc
11395,Donna Lee
11396,Donna Lester
11397,Donna Lewis
11398,Donna Lopez
11399,Donna Lynch Dvm
11400,Donna Martin
11401,Donna Martinez
11402,Donna Martinez Md
11403,Donna Mcguire
11404,Donna Mcknight
11405,Donna Miller
11406,Donna Montgomery
11407,Donna Montoya
11408,Donna Morris
11409,Donna Moses
11410,Donna Nelson
11411,Donna Oliver
11412,Donna Olson
11413,Donna Owens
11414,Donna Padilla
11415,Donna Palmer
11416,Donna Parker
11417,Donna Parsons
11418,Donna Patterson Md
11419,Donna Paul
11420,Donna Peters
11421,Donna Porter
11422,Donna Price
11423,Donna Ramirez
11424,Donna Ramos
11425,Donna Robinson
11426,Donna Rodgers
11427,Donna Rodriguez
11428,Donna Rogers
11429,Donna Sanders
11430,Donna Sherman
11431,Donna Simmons
11432,Donna Simpson
11433,Donna Singh
11434,Donna Smith
11435,Donna Stanley
11436,Donna Stein
11437,Donna Stephens
11438,Donna Stokes
11439,Donna Taylor
11440,Donna Terry
11441,Donna Thomas
11442,Donna Thompson
11443,Donna Valdez
11444,Donna Vargas
11445,Donna Wagner
11446,Donna Walker
11447,Donna Wallace
11448,Donna Walls
11449,Donna Walsh
11450,Donna Watson
11451,Donna Weiss
11452,Donna West
11453,Donna Williams
11454,Donna Williams Md
11455,Donna Wilson
11456,Donna Wise
11457,Donna Wolfe
11458,Donna Woods
11459,Doris Allen
11460,Doris Choi
11461,Doris Frost
11462,Doris Hawkins
11463,Doris Hernandez
11464,Doris Johnson
11465,Doris Kline
11466,Doris Moore
11467,Doris Nichols
11468,Doris Roberts
11469,Doris Smith
11470,Doris Ware
11471,Dorothy Brown
11472,Dorothy Burke
11473,Dorothy Fisher
11474,Dorothy Garcia
11475,Dorothy Gibson
11476,Dorothy Gonzalez
11477,Dorothy Greer
11478,Dorothy Huerta
11479,Dorothy Johnson
11480,Dorothy Meadows
11481,Dorothy Moon
11482,Dorothy Moore
11483,Dorothy Olsen
11484,Dorothy Shepherd
11485,Dorothy Simmons
11486,Dorothy Woodward
11487,Douglas Adams
11488,Douglas Anderson
11489,Douglas Bailey
11490,Douglas Barnes
11491,Douglas Brooks
11492,Douglas Brown
11493,Douglas Browning
11494,Douglas Campbell
11495,Douglas Carr
11496,Douglas Cervantes
11497,Douglas Cole
11498,Douglas Combs
11499,Douglas Cox
11500,Douglas Crawford
11501,Douglas Curry
11502,Douglas David
11503,Douglas Davis
11504,Douglas Dawson
11505,Douglas Dennis
11506,Douglas Douglas
11507,Douglas Duran
11508,Douglas Edwards
11509,Douglas Farmer
11510,Douglas Fleming
11511,Douglas Foster
11512,Douglas Fuentes
11513,Douglas Galvan
11514,Douglas Garcia
11515,Douglas Gardner
11516,Douglas Graham
11517,Douglas Hale
11518,Douglas Hanna
11519,Douglas Harper
11520,Douglas Harris
11521,Douglas Herman
11522,Douglas Hernandez
11523,Douglas Hodges
11524,Douglas Hubbard
11525,Douglas Hudson
11526,Douglas Huffman
11527,Douglas Hughes
11528,Douglas Johnson
11529,Douglas Johnson Dvm
11530,Douglas Jones
11531,Douglas Kelley
11532,Douglas King
11533,Douglas Lambert
11534,Douglas Lewis
11535,Douglas Lewis Md
11536,Douglas Li
11537,Douglas Long
11538,Douglas Maldonado
11539,Douglas Martin
11540,Douglas Martinez
11541,Douglas Mayo
11542,Douglas Mccoy
11543,Douglas Mcdonald
11544,Douglas Meadows
11545,Douglas Medina
11546,Douglas Miller
11547,Douglas Moore
11548,Douglas Moran
11549,Douglas Morris
11550,Douglas Murphy
11551,Douglas Nelson
11552,Douglas Norton
11553,Douglas Orozco
11554,Douglas Orr
11555,Douglas Parrish
11556,Douglas Parsons
11557,Douglas Peck
11558,Douglas Perkins
11559,Douglas Phillips
11560,Douglas Pope
11561,Douglas Porter
11562,Douglas Reyes
11563,Douglas Rivera
11564,Douglas Robbins
11565,Douglas Rocha Dds
11566,Douglas Rodriguez
11567,Douglas Romero
11568,Douglas Rosales
11569,Douglas Russell
11570,Douglas Sanchez
11571,Douglas Schwartz
11572,Douglas Smith
11573,Douglas Snyder
11574,Douglas Spencer
11575,Douglas Stewart
11576,Douglas Taylor
11577,Douglas Torres
11578,Douglas Velasquez
11579,Douglas Walker
11580,Douglas Walters
11581,Douglas Weaver
11582,Douglas Weeks
11583,Douglas Wells
11584,Douglas West
11585,Douglas Wheeler
11586,Douglas Williams
11587,Douglas Wilson
11588,Douglas Wong
11589,Dr. Aaron Cole Ii
11590,Dr. Aaron Morris
11591,Dr. Adam Smith
11592,Dr. Alex Clark
11593,Dr. Alex Davila
11594,Dr. Alexander Lynch
11595,Dr. Alexander Willis
11596,Dr. Alexandria Griffith
11597,Dr. Alexis Hill
11598,Dr. Alexis Phillips Dvm
11599,Dr. Alicia Oliver Dvm
11600,Dr. Amanda Moore
11601,Dr. Amber Johnson Dvm
11602,Dr. Andres Roberts
11603,Dr. Andrew Gray
11604,Dr. Andrew Huynh
11605,Dr. Andrew Rivera
11606,Dr. Andrew Webster
11607,Dr. Angela Hall
11608,Dr. Anthony Bailey
11609,Dr. Anthony Jones
11610,Dr. Anthony Tyler
11611,Dr. April Delgado
11612,Dr. Arthur Rogers
11613,Dr. Ashley Byrd
11614,Dr. Ashley Roman
11615,Dr. Bailey Rodriguez
11616,Dr. Barbara Schultz Md
11617,Dr. Benjamin Long
11618,Dr. Benjamin Mills
11619,Dr. Bobby Smith
11620,Dr. Bradley Briggs
11621,Dr. Bradley Nguyen
11622,Dr. Brandon Cobb
11623,Dr. Brandon Gonzalez Md
11624,Dr. Brandon Parker
11625,Dr. Brandy Blair
11626,Dr. Brandy Dillon
11627,Dr. Brenda Davis
11628,Dr. Brenda Mueller
11629,Dr. Brenda Thornton
11630,Dr. Brett Hamilton
11631,Dr. Brian Barrera
11632,Dr. Brian Brown
11633,Dr. Brian Evans
11634,Dr. Brian Gallagher
11635,Dr. Briana Lee Md
11636,Dr. Brittany Daniels
11637,Dr. Brittany Ferguson Phd
11638,Dr. Bryan Pugh
11639,Dr. Calvin Nunez
11640,Dr. Carl Howard
11641,Dr. Casey Hamilton Iii
11642,Dr. Catherine Smith Dds
11643,Dr. Charles Castillo Jr.
11644,Dr. Charles Navarro
11645,Dr. Chelsea Potts Md
11646,Dr. Cheryl Roy
11647,Dr. Christian Williams Phd
11648,Dr. Christopher Gonzalez
11649,Dr. Christopher Ramirez
11650,Dr. Christopher Sanders
11651,Dr. Christopher Webster
11652,Dr. Clifford Juarez
11653,Dr. Clifford Oliver
11654,Dr. Craig Singh Dds
11655,Dr. Crystal Price
11656,Dr. Cynthia Jackson Md
11657,Dr. Cynthia Juarez Md
11658,Dr. Cynthia Payne
11659,Dr. Dana Hardy Md
11660,Dr. Daniel Baker
11661,Dr. Daniel Higgins Md
11662,Dr. Darrell Campos Md
11663,Dr. Darrell Lee Md
11664,Dr. David Collins
11665,Dr. David Evans
11666,Dr. David Fisher
11667,Dr. David Gonzalez Dvm
11668,Dr. David James Jr.
11669,Dr. David Mitchell Phd
11670,Dr. David Murray
11671,Dr. David Wright Iv
11672,Dr. Dawn Williams Dds
11673,Dr. Dean Vargas
11674,Dr. Deborah Davenport
11675,Dr. Debra Bryan Md
11676,Dr. Denise Diaz
11677,Dr. Dennis Davis Dds
11678,Dr. Devon Gibson Dds
11679,Dr. Donna Miller
11680,Dr. Douglas David
11681,Dr. Douglas Marquez
11682,Dr. Edward Walker
11683,Dr. Emily Gonzalez
11684,Dr. Emily Stevenson
11685,Dr. Eric Brown Iv
11686,Dr. Felicia Browning
11687,Dr. Fernando Weber Jr.
11688,Dr. Frank Jackson
11689,Dr. Frank Roman Dvm
11690,Dr. Gail Wallace
11691,Dr. Gary Anderson
11692,Dr. Gary Rodriguez
11693,Dr. George Cunningham
11694,Dr. George Zuniga
11695,Dr. Gina Horton
11696,Dr. Hannah Gordon
11697,Dr. Heather Guerrero
11698,Dr. Heidi Brown Dvm
11699,Dr. Ian Bentley
11700,Dr. Jack Williams
11701,Dr. Jacob Aguilar
11702,Dr. Jacob Liu
11703,Dr. Jacqueline Velasquez
11704,Dr. James Jones
11705,Dr. James Williams
11706,Dr. Jamie Lewis
11707,Dr. Jasmine Mora
11708,Dr. Jason Anderson Dds
11709,Dr. Jason Barry
11710,Dr. Jason Cardenas
11711,Dr. Jason Lee Dds
11712,Dr. Jason Lozano Dds
11713,Dr. Jeanette Sullivan Md
11714,Dr. Jeff Gilbert Dvm
11715,Dr. Jeffrey Barnes Jr.
11716,Dr. Jeffrey Cox
11717,Dr. Jeffrey Rose
11718,Dr. Jeffrey Wilson Jr.
11719,Dr. Jennifer Griffin
11720,Dr. Jennifer Houston
11721,Dr. Jennifer Norman
11722,Dr. Jennifer Stark
11723,Dr. Jennifer Weeks
11724,Dr. Jeremy Patterson
11725,Dr. Jerry Lewis
11726,Dr. Jesse Benson
11727,Dr. Jesse Fuentes
11728,Dr. Jessica Collins Dds
11729,Dr. Jessica Garcia
11730,Dr. Jessica Mckenzie
11731,Dr. Jessica Ramsey
11732,Dr. Jesus Gonzalez Md
11733,Dr. Jill Douglas Dvm
11734,Dr. Joanna Duncan
11735,Dr. John Clark
11736,Dr. John Hall Dds
11737,Dr. John Harris
11738,Dr. John Wilson Iii
11739,Dr. Johnny Taylor
11740,Dr. Jordan Bowman
11741,Dr. Joseph Ellis
11742,Dr. Joseph Gordon
11743,Dr. Joseph Mitchell
11744,Dr. Joshua Smith
11745,Dr. Judith Beck
11746,Dr. Julia Little
11747,Dr. Julie Finley
11748,Dr. Julie Parker
11749,Dr. Julie Williams Md
11750,Dr. Justin Cooley Dds
11751,Dr. Justin Hunter
11752,Dr. Kaitlin Harris
11753,Dr. Karen Long
11754,Dr. Karen Reyes Dds
11755,Dr. Karen Smith
11756,Dr. Katelyn Johnson
11757,Dr. Katherine Martin
11758,Dr. Kathryn Nichols Md
11759,Dr. Kathryn Wu
11760,Dr. Kathy King
11761,Dr. Kaylee Waters Md
11762,Dr. Kelly Brandt
11763,Dr. Kelsey Smith
11764,Dr. Kerry Cobb
11765,Dr. Kevin Mccoy Phd
11766,Dr. Kim Finley Phd
11767,Dr. Kimberly Snow Md
11768,Dr. Krista Nash
11769,Dr. Kristin Smith
11770,Dr. Kyle Anderson Md
11771,Dr. Lance Guzman
11772,Dr. Larry Williamson
11773,Dr. Laura Johnson
11774,Dr. Leah Ellis
11775,Dr. Leslie Myers
11776,Dr. Lisa Gonzalez
11777,Dr. Lisa Sloan
11778,Dr. Lisa Wood
11779,Dr. Louis Ramos
11780,Dr. Luis Myers
11781,Dr. Lynn Rodriguez
11782,Dr. Mackenzie Bell
11783,Dr. Margaret Foley Md
11784,Dr. Margaret Horton
11785,Dr. Marie Mendoza
11786,Dr. Mark Rodriguez
11787,Dr. Mary Hancock
11788,Dr. Mary Santiago Dds
11789,Dr. Matthew Hamilton Md
11790,Dr. Matthew Norton
11791,Dr. Maurice Jones
11792,Dr. Megan Hill Dvm
11793,Dr. Melanie Taylor
11794,Dr. Melinda Peck
11795,Dr. Melissa Chavez
11796,Dr. Melissa Hancock
11797,Dr. Melissa Porter Dds
11798,Dr. Meredith Cruz
11799,Dr. Michael Davis Ii
11800,Dr. Michael Gilbert Md
11801,Dr. Michael Patrick
11802,Dr. Michael Peters
11803,Dr. Michael Reid Jr.
11804,Dr. Michael Tran
11805,Dr. Monica Wallace
11806,Dr. Nicole Prince Md
11807,Dr. Nicole Wade Dds
11808,Dr. Pamela Hayes
11809,Dr. Pamela Olsen
11810,Dr. Pamela Ramos
11811,Dr. Patrick Castaneda
11812,Dr. Paul Brown Md
11813,Dr. Paul Harvey
11814,Dr. Paula Oneill
11815,Dr. Peter Collins Dvm
11816,Dr. Peter Hall
11817,Dr. Rachel Hudson
11818,Dr. Rachel Obrien
11819,Dr. Raymond Barnes
11820,Dr. Rebecca Koch
11821,Dr. Rhonda Jones
11822,Dr. Ricardo Gibson
11823,Dr. Richard Lewis
11824,Dr. Rick Ryan
11825,Dr. Ricky Kelly
11826,Dr. Robert Green Phd
11827,Dr. Robert Hicks
11828,Dr. Robin Powell Dds
11829,Dr. Robyn Roberts
11830,Dr. Ronald Villanueva
11831,Dr. Ryan Cross
11832,Dr. Ryan Taylor
11833,Dr. Samuel Suarez
11834,Dr. Sandra Becker Md
11835,Dr. Scott Molina
11836,Dr. Sean Anderson Dds
11837,Dr. Seth Miller
11838,Dr. Shannon Anderson Dds
11839,Dr. Shannon Pruitt
11840,Dr. Shelia Mcintyre
11841,Dr. Spencer Cobb
11842,Dr. Stacey Baker Md
11843,Dr. Stacey Velez
11844,Dr. Stephen Thompson
11845,Dr. Steven Castro
11846,Dr. Steven Doyle
11847,Dr. Steven Farmer
11848,Dr. Steven Johnson
11849,Dr. Steven Vasquez
11850,Dr. Susan Erickson Md
11851,Dr. Tabitha Butler
11852,Dr. Taylor Mahoney
11853,Dr. Teresa Sullivan
11854,Dr. Thomas Berg
11855,Dr. Thomas Bishop
11856,Dr. Thomas Chan Jr.
11857,Dr. Thomas Garcia
11858,Dr. Thomas Lang
11859,Dr. Thomas Molina
11860,Dr. Timothy Taylor
11861,Dr. Tina Stone Md
11862,Dr. Travis Clark
11863,Dr. Trevor Miller
11864,Dr. Troy Day Md
11865,Dr. Valerie Guerrero
11866,Dr. Valerie Mccoy
11867,Dr. Walter Jackson Iv
11868,Dr. Walter Obrien
11869,Dr. Warren Smith
11870,Dr. Wesley Wright Md
11871,Dr. William Keith
11872,Dr. William Lara
11873,Dr. William Santiago
11874,Dr. Yolanda Perez Md
11875,Dr. Zachary Glover
11876,Drew Blackwell
11877,Drew Brock
11878,Drew Contreras
11879,Drew Cooke
11880,Drew Cordova
11881,Drew Hayes
11882,Drew Henderson
11883,Drew Medina
11884,Drew Miller
11885,Drew Ramirez
11886,Drew Waters
11887,Drew Wiggins
11888,Drew Wilson
11889,Duane Alvarez
11890,Duane Barber
11891,Duane Brown
11892,Duane Cooper
11893,Duane Garcia
11894,Duane Gonzalez
11895,Duane Hines
11896,Duane Johns
11897,Duane Johnson
11898,Duane Lindsey
11899,Duane Lucas
11900,Duane Morgan
11901,Duane Newton
11902,Duane Ryan
11903,Duane Walker
11904,Duane Weaver
11905,Dustin Adams
11906,Dustin Aguilar
11907,Dustin Alvarez
11908,Dustin Barker
11909,Dustin Barry
11910,Dustin Brown
11911,Dustin Buckley
11912,Dustin Burns
11913,Dustin Butler
11914,Dustin Campbell
11915,Dustin Chaney
11916,Dustin Clark
11917,Dustin Cook
11918,Dustin Copeland
11919,Dustin Day
11920,Dustin Elliott
11921,Dustin Floyd
11922,Dustin Frazier
11923,Dustin Garcia
11924,Dustin Garcia Dds
11925,Dustin Gardner
11926,Dustin Gonzalez
11927,Dustin Gordon
11928,Dustin Graves
11929,Dustin Gray
11930,Dustin Greene
11931,Dustin Grimes
11932,Dustin Hampton
11933,Dustin Hancock
11934,Dustin Hayes
11935,Dustin Hendricks
11936,Dustin Holt
11937,Dustin Huff
11938,Dustin Irwin
11939,Dustin Johnson
11940,Dustin Kelley
11941,Dustin Kelly
11942,Dustin Kim
11943,Dustin Lopez
11944,Dustin Lyons
11945,Dustin Mann Dds
11946,Dustin Mathews
11947,Dustin Mcdaniel
11948,Dustin Mckenzie
11949,Dustin Mercer
11950,Dustin Miller
11951,Dustin Molina
11952,Dustin Mooney
11953,Dustin Morgan
11954,Dustin Morris
11955,Dustin Mueller
11956,Dustin Munoz
11957,Dustin Nichols
11958,Dustin Odom
11959,Dustin Olson
11960,Dustin Ortiz
11961,Dustin Patel
11962,Dustin Pearson
11963,Dustin Perkins
11964,Dustin Porter
11965,Dustin Price
11966,Dustin Ramirez
11967,Dustin Ray
11968,Dustin Reynolds
11969,Dustin Richards
11970,Dustin Richardson
11971,Dustin Rios
11972,Dustin Rogers
11973,Dustin Ross
11974,Dustin Russell
11975,Dustin Sawyer
11976,Dustin Schroeder
11977,Dustin Shah
11978,Dustin Smith
11979,Dustin Sparks
11980,Dustin Spears
11981,Dustin Steele
11982,Dustin Stevens
11983,Dustin Thomas
11984,Dustin Thompson
11985,Dustin Townsend
11986,Dustin Walker
11987,Dustin Whitehead
11988,Dustin Wilkins
11989,Dustin Williams
11990,Dustin Wilson
11991,Dustin Wolf
11992,Dustin Young
11993,Dwayne Anderson
11994,Dwayne Boyd
11995,Dwayne Bradley
11996,Dwayne Burton
11997,Dwayne Hill
11998,Dwayne Huang
11999,Dwayne Morris
12000,Dwayne Mueller
12001,Dwayne Powell
12002,Dwayne Ramirez
12003,Dwayne Roach
12004,Dwayne Robinson
12005,Dwayne Young
12006,Dylan Allen
12007,Dylan Beasley
12008,Dylan Bird
12009,Dylan Booth
12010,Dylan Brown
12011,Dylan Byrd
12012,Dylan Carter
12013,Dylan Chen
12014,Dylan Collier
12015,Dylan Cortez
12016,Dylan Davis
12017,Dylan Gillespie
12018,Dylan Graham
12019,Dylan Gray
12020,Dylan Hale
12021,Dylan Hall
12022,Dylan Hanson
12023,Dylan Hernandez
12024,Dylan Howe
12025,Dylan Huerta
12026,Dylan Hughes
12027,Dylan Jimenez
12028,Dylan Lara
12029,Dylan Lutz
12030,Dylan Martinez
12031,Dylan Meadows
12032,Dylan Meyers
12033,Dylan Middleton
12034,Dylan Miles
12035,Dylan Miranda
12036,Dylan Moore
12037,Dylan Olsen
12038,Dylan Palmer
12039,Dylan Patton
12040,Dylan Reyes
12041,Dylan Robertson
12042,Dylan Rodriguez
12043,Dylan Romero
12044,Dylan Scott
12045,Dylan Smith
12046,Dylan Stewart
12047,Dylan Taylor
12048,Dylan Thompson
12049,Dylan Waller
12050,Dylan Warren
12051,Dylan Webb
12052,Dylan White
12053,Dylan Williams
12054,Earl Bradshaw
12055,Earl Castillo
12056,Earl Jimenez
12057,Earl Johnson
12058,Earl Koch
12059,Earl Matthews
12060,Earl White
12061,Ebony Delgado
12062,Ebony Herman
12063,Ebony Mayer
12064,Ebony Parker
12065,Ebony Ramirez
12066,Ebony Richmond
12067,Ebony Robinson
12068,Ebony Salazar
12069,Eddie Brewer
12070,Eddie Burns
12071,Eddie Cooper
12072,Eddie Cummings
12073,Eddie Davis
12074,Eddie Fischer
12075,Eddie Hall
12076,Eddie Hughes
12077,Eddie Jackson
12078,Eddie Jennings
12079,Eddie Lambert
12080,Eddie Livingston
12081,Eddie Olson
12082,Eddie Rice
12083,Eddie Ruiz
12084,Eddie Smith
12085,Eddie Williams
12086,Eddie Zimmerman
12087,Edgar Anderson
12088,Edgar Arnold
12089,Edgar Blair
12090,Edgar Castro
12091,Edgar Gonzales
12092,Edgar Jones
12093,Edgar Rhodes
12094,Edgar Ryan
12095,Edgar Taylor
12096,Edgar Walker
12097,Eduardo Berger
12098,Eduardo Booth
12099,Eduardo Cuevas
12100,Eduardo Graves
12101,Eduardo Hall
12102,Eduardo Holland
12103,Eduardo James
12104,Eduardo Johnson
12105,Eduardo Joseph
12106,Eduardo Mueller
12107,Eduardo Murphy
12108,Eduardo Riley
12109,Eduardo Rivera
12110,Eduardo Romero
12111,Eduardo Thompson
12112,Eduardo Valenzuela
12113,Eduardo Vasquez
12114,Eduardo Wilson
12115,Edward Acevedo
12116,Edward Adams
12117,Edward Aguilar
12118,Edward Allen
12119,Edward Avila
12120,Edward Ayala
12121,Edward Barnes
12122,Edward Barton
12123,Edward Blake
12124,Edward Boone
12125,Edward Brown
12126,Edward Burgess
12127,Edward Campbell
12128,Edward Carr
12129,Edward Charles
12130,Edward Chen
12131,Edward Church
12132,Edward Combs
12133,Edward Conley
12134,Edward Copeland
12135,Edward Curry
12136,Edward Davis
12137,Edward Dillon
12138,Edward Dunlap
12139,Edward Escobar
12140,Edward Fitzgerald
12141,Edward Fletcher
12142,Edward Ford
12143,Edward Foster
12144,Edward Fox
12145,Edward Garrett
12146,Edward Garza
12147,Edward Gilbert
12148,Edward Gill
12149,Edward Gonzales
12150,Edward Gonzalez
12151,Edward Good
12152,Edward Gould
12153,Edward Grant
12154,Edward Guzman
12155,Edward Hall
12156,Edward Hamilton
12157,Edward Hanson
12158,Edward Harris
12159,Edward Hernandez
12160,Edward Hickman
12161,Edward Hicks
12162,Edward Hines
12163,Edward Hudson
12164,Edward Huffman Jr.
12165,Edward Jackson
12166,Edward Johnson
12167,Edward Jones
12168,Edward Jones Md
12169,Edward Jordan
12170,Edward Juarez
12171,Edward Keith
12172,Edward Kennedy
12173,Edward Kramer
12174,Edward Liu
12175,Edward Lowe
12176,Edward Lynch
12177,Edward Lyons
12178,Edward Macdonald
12179,Edward Martin
12180,Edward Martinez
12181,Edward Massey
12182,Edward Matthews
12183,Edward Mayer
12184,Edward Mcmahon
12185,Edward Mejia
12186,Edward Middleton
12187,Edward Miller
12188,Edward Montgomery
12189,Edward Moore
12190,Edward Nelson
12191,Edward Park
12192,Edward Parker
12193,Edward Patterson
12194,Edward Patton
12195,Edward Perez
12196,Edward Peters
12197,Edward Peterson
12198,Edward Potts
12199,Edward Ramirez
12200,Edward Reynolds
12201,Edward Richardson
12202,Edward Robertson
12203,Edward Robinson
12204,Edward Rodriguez
12205,Edward Rojas
12206,Edward Scott
12207,Edward Shannon
12208,Edward Shelton
12209,Edward Smith
12210,Edward Snow
12211,Edward Sparks
12212,Edward Stanley
12213,Edward Stephens
12214,Edward Stephenson
12215,Edward Stevens
12216,Edward Stevenson
12217,Edward Taylor
12218,Edward Terry
12219,Edward Thompson
12220,Edward Torres
12221,Edward Trevino
12222,Edward Trujillo
12223,Edward Turner
12224,Edward Wall
12225,Edward Walton
12226,Edward Warren
12227,Edward Watson
12228,Edward Weber
12229,Edward Webster
12230,Edward Wheeler
12231,Edward White
12232,Edward Williams
12233,Edward Wood
12234,Edward Yoder Dds
12235,Edward Zimmerman Ii
12236,Edward Zuniga
12237,Edwin Alvarez Ii
12238,Edwin Andrews
12239,Edwin Barnett
12240,Edwin Beasley
12241,Edwin Davies
12242,Edwin Davis
12243,Edwin Dunn
12244,Edwin Edwards
12245,Edwin Floyd
12246,Edwin Griffin
12247,Edwin Holmes
12248,Edwin Johnson
12249,Edwin King
12250,Edwin Kirk
12251,Edwin Knight
12252,Edwin Martinez
12253,Edwin Mays
12254,Edwin Mitchell
12255,Edwin Reed
12256,Edwin Rivera
12257,Edwin Salinas
12258,Edwin Shields
12259,Edwin Smith
12260,Edwin Sparks
12261,Edwin Terrell
12262,Edwin Watkins
12263,Edwin Wilson
12264,Eileen Bruce
12265,Eileen Burch
12266,Eileen Carlson
12267,Eileen Carpenter
12268,Eileen Davis
12269,Eileen Delgado
12270,Eileen Hardin
12271,Eileen Hernandez
12272,Eileen King
12273,Eileen Mosley
12274,Eileen Perry
12275,Eileen Ryan
12276,Eileen Sanchez
12277,Eileen Soto
12278,Eileen Thomas
12279,Eileen Walker
12280,Eileen Williams
12281,Eileen Wright
12282,Eileen Young
12283,Elaine Eaton
12284,Elaine Miller
12285,Elaine Moore
12286,Elaine Vaughn
12287,Elaine Vega
12288,Elaine Walters
12289,Elijah Carpenter
12290,Elijah Dunn
12291,Elijah Evans
12292,Elijah Fisher
12293,Elijah Guzman
12294,Elijah Hernandez
12295,Elijah Houston
12296,Elijah Jackson
12297,Elijah Miller
12298,Elijah Moore
12299,Elijah Nash
12300,Elijah Newton
12301,Elijah Potts
12302,Elijah Rivera
12303,Elijah Smith
12304,Elijah Stuart
12305,Elijah Taylor
12306,Elijah Torres
12307,Elizabeth Adams
12308,Elizabeth Aguirre
12309,Elizabeth Alexander
12310,Elizabeth Allen
12311,Elizabeth Alvarez
12312,Elizabeth Anderson
12313,Elizabeth Andrews
12314,Elizabeth Anthony
12315,Elizabeth Armstrong
12316,Elizabeth Ashley
12317,Elizabeth Barker
12318,Elizabeth Barnes
12319,Elizabeth Bauer
12320,Elizabeth Bautista
12321,Elizabeth Bean
12322,Elizabeth Bennett
12323,Elizabeth Bernard
12324,Elizabeth Berry
12325,Elizabeth Blevins
12326,Elizabeth Boone
12327,Elizabeth Brady
12328,Elizabeth Brewer
12329,Elizabeth Brooks
12330,Elizabeth Brown
12331,Elizabeth Browning
12332,Elizabeth Bruce
12333,Elizabeth Bullock
12334,Elizabeth Burch
12335,Elizabeth Burke
12336,Elizabeth Burns
12337,Elizabeth Burton
12338,Elizabeth Butler
12339,Elizabeth Cabrera
12340,Elizabeth Campbell
12341,Elizabeth Carlson
12342,Elizabeth Carroll
12343,Elizabeth Carter
12344,Elizabeth Castro
12345,Elizabeth Chambers
12346,Elizabeth Christensen
12347,Elizabeth Clayton
12348,Elizabeth Cline
12349,Elizabeth Cobb
12350,Elizabeth Coffey
12351,Elizabeth Collins
12352,Elizabeth Compton
12353,Elizabeth Conley
12354,Elizabeth Cook
12355,Elizabeth Cox
12356,Elizabeth Crawford
12357,Elizabeth Daniels
12358,Elizabeth Davenport
12359,Elizabeth David
12360,Elizabeth Davies
12361,Elizabeth Davis
12362,Elizabeth Dawson
12363,Elizabeth Day
12364,Elizabeth Decker
12365,Elizabeth Delgado
12366,Elizabeth Dixon
12367,Elizabeth Dougherty
12368,Elizabeth Drake
12369,Elizabeth Dunn
12370,Elizabeth Dyer
12371,Elizabeth Dyer Dds
12372,Elizabeth Eaton
12373,Elizabeth Ellison
12374,Elizabeth English
12375,Elizabeth Escobar
12376,Elizabeth Fields
12377,Elizabeth Fisher
12378,Elizabeth Fleming
12379,Elizabeth Flores
12380,Elizabeth Flowers
12381,Elizabeth Flynn
12382,Elizabeth Foster
12383,Elizabeth Frank
12384,Elizabeth Franklin
12385,Elizabeth Freeman
12386,Elizabeth Friedman
12387,Elizabeth Fry
12388,Elizabeth Fuentes
12389,Elizabeth Fuller Md
12390,Elizabeth Gamble
12391,Elizabeth Garcia
12392,Elizabeth Gardner
12393,Elizabeth George
12394,Elizabeth Glenn
12395,Elizabeth Glover
12396,Elizabeth Gomez
12397,Elizabeth Gonzalez
12398,Elizabeth Gonzalez Phd
12399,Elizabeth Gordon
12400,Elizabeth Grant
12401,Elizabeth Green
12402,Elizabeth Greene
12403,Elizabeth Griffith
12404,Elizabeth Gutierrez
12405,Elizabeth Hahn
12406,Elizabeth Hall
12407,Elizabeth Harrison
12408,Elizabeth Harvey
12409,Elizabeth Hawkins
12410,Elizabeth Hayden
12411,Elizabeth Hebert
12412,Elizabeth Henderson
12413,Elizabeth Herman
12414,Elizabeth Hernandez
12415,Elizabeth Herrera
12416,Elizabeth Hicks
12417,Elizabeth Hill
12418,Elizabeth Holland
12419,Elizabeth Holloway
12420,Elizabeth Holmes
12421,Elizabeth Horne
12422,Elizabeth Howard
12423,Elizabeth Howell
12424,Elizabeth Huerta
12425,Elizabeth Humphrey
12426,Elizabeth Hunter
12427,Elizabeth Jackson
12428,Elizabeth Jacobs
12429,Elizabeth James
12430,Elizabeth Jenkins
12431,Elizabeth Jimenez
12432,Elizabeth Johnson
12433,Elizabeth Jones
12434,Elizabeth Jordan
12435,Elizabeth Juarez
12436,Elizabeth Kane
12437,Elizabeth Kelley
12438,Elizabeth Kelly
12439,Elizabeth King
12440,Elizabeth Kirby
12441,Elizabeth Knight
12442,Elizabeth Lam
12443,Elizabeth Larson
12444,Elizabeth Le
12445,Elizabeth Lee
12446,Elizabeth Lewis
12447,Elizabeth Little
12448,Elizabeth Lopez
12449,Elizabeth Love
12450,Elizabeth Lyons
12451,Elizabeth Macias
12452,Elizabeth Mack
12453,Elizabeth Malone
12454,Elizabeth Manning
12455,Elizabeth Marshall
12456,Elizabeth Martin
12457,Elizabeth Martinez
12458,Elizabeth Mcbride
12459,Elizabeth Mccarthy
12460,Elizabeth Mccarty
12461,Elizabeth Mcclain
12462,Elizabeth Mccoy
12463,Elizabeth Mccullough
12464,Elizabeth Mcdonald
12465,Elizabeth Mcgee
12466,Elizabeth Mcintosh
12467,Elizabeth Mcintyre Phd
12468,Elizabeth Mckay
12469,Elizabeth Mclean
12470,Elizabeth Mendez
12471,Elizabeth Mendoza
12472,Elizabeth Meyer
12473,Elizabeth Michael
12474,Elizabeth Miller
12475,Elizabeth Mitchell
12476,Elizabeth Monroe
12477,Elizabeth Montgomery
12478,Elizabeth Moody
12479,Elizabeth Moore
12480,Elizabeth Mora
12481,Elizabeth Morales
12482,Elizabeth Morris
12483,Elizabeth Morrow
12484,Elizabeth Morse
12485,Elizabeth Mullen
12486,Elizabeth Mullins
12487,Elizabeth Murphy
12488,Elizabeth Myers
12489,Elizabeth Nguyen
12490,Elizabeth Nixon
12491,Elizabeth Ochoa
12492,Elizabeth Orozco
12493,Elizabeth Ortiz
12494,Elizabeth Owen
12495,Elizabeth Park
12496,Elizabeth Patterson
12497,Elizabeth Paul
12498,Elizabeth Pearson
12499,Elizabeth Pena
12500,Elizabeth Perkins
12501,Elizabeth Phillips
12502,Elizabeth Phillips Dvm
12503,Elizabeth Poole
12504,Elizabeth Quinn
12505,Elizabeth Raymond
12506,Elizabeth Reed
12507,Elizabeth Reese
12508,Elizabeth Reid
12509,Elizabeth Reynolds
12510,Elizabeth Rice
12511,Elizabeth Rice Md
12512,Elizabeth Richards
12513,Elizabeth Richardson
12514,Elizabeth Riggs
12515,Elizabeth Rivera
12516,Elizabeth Robbins Dds
12517,Elizabeth Roberts
12518,Elizabeth Robinson
12519,Elizabeth Rodriguez
12520,Elizabeth Rodriguez Md
12521,Elizabeth Romero
12522,Elizabeth Ryan
12523,Elizabeth Sanchez
12524,Elizabeth Savage
12525,Elizabeth Sawyer
12526,Elizabeth Schmidt
12527,Elizabeth Schroeder
12528,Elizabeth Schultz
12529,Elizabeth Scott
12530,Elizabeth Sharp
12531,Elizabeth Shaw
12532,Elizabeth Shelton
12533,Elizabeth Sheppard
12534,Elizabeth Sherman
12535,Elizabeth Short
12536,Elizabeth Silva
12537,Elizabeth Simmons
12538,Elizabeth Simon
12539,Elizabeth Sloan
12540,Elizabeth Smith
12541,Elizabeth Snyder
12542,Elizabeth Stanton
12543,Elizabeth Stevens
12544,Elizabeth Stokes
12545,Elizabeth Sutton
12546,Elizabeth Tate
12547,Elizabeth Taylor
12548,Elizabeth Thomas
12549,Elizabeth Thompson
12550,Elizabeth Travis
12551,Elizabeth Tucker
12552,Elizabeth Turner
12553,Elizabeth Vaughn Dds
12554,Elizabeth Wade
12555,Elizabeth Wagner
12556,Elizabeth Walker
12557,Elizabeth Wallace
12558,Elizabeth Walls
12559,Elizabeth Warren
12560,Elizabeth Watts
12561,Elizabeth Wells
12562,Elizabeth Williams
12563,Elizabeth Wilson
12564,Elizabeth Wood
12565,Elizabeth Wyatt
12566,Elizabeth Young
12567,Elizabeth Yu
12568,Elizabeth Zuniga
12569,Ellen Alvarez
12570,Ellen Bailey
12571,Ellen Brown
12572,Ellen Bush
12573,Ellen Gross
12574,Ellen Johnson
12575,Ellen Orozco
12576,Ellen Patterson
12577,Ellen Perry
12578,Ellen Wood
12579,Emily Abbott
12580,Emily Adams
12581,Emily Aguilar
12582,Emily Allison
12583,Emily Alvarez
12584,Emily Anderson
12585,Emily Archer
12586,Emily Bailey
12587,Emily Ball
12588,Emily Black
12589,Emily Blair
12590,Emily Blake
12591,Emily Boone
12592,Emily Booth
12593,Emily Boyd
12594,Emily Bradley
12595,Emily Bridges
12596,Emily Brown
12597,Emily Burns
12598,Emily Butler
12599,Emily Cain
12600,Emily Campbell
12601,Emily Carpenter
12602,Emily Christensen Md
12603,Emily Coleman
12604,Emily Collins
12605,Emily Cox
12606,Emily Cruz
12607,Emily Cunningham
12608,Emily Daniels
12609,Emily Dawson
12610,Emily Delgado
12611,Emily Dominguez
12612,Emily Douglas
12613,Emily Dunn
12614,Emily Edwards
12615,Emily Erickson
12616,Emily Estrada
12617,Emily Evans
12618,Emily Ferguson
12619,Emily Fields
12620,Emily Figueroa
12621,Emily Finley
12622,Emily Fisher
12623,Emily Flores
12624,Emily Foley
12625,Emily Francis
12626,Emily Frank
12627,Emily Freeman
12628,Emily French
12629,Emily Friedman
12630,Emily Garcia
12631,Emily Gardner
12632,Emily George
12633,Emily Gilbert
12634,Emily Gomez
12635,Emily Gonzales
12636,Emily Gonzalez
12637,Emily Gordon
12638,Emily Gray
12639,Emily Grimes
12640,Emily Gross
12641,Emily Hall
12642,Emily Harding
12643,Emily Harper
12644,Emily Harrington
12645,Emily Harris
12646,Emily Hartman
12647,Emily Hernandez
12648,Emily Herrera
12649,Emily Hogan
12650,Emily Holt
12651,Emily Humphrey
12652,Emily Jackson
12653,Emily James
12654,Emily Jennings
12655,Emily Jensen
12656,Emily Johns
12657,Emily Johnson
12658,Emily Jones
12659,Emily Joseph
12660,Emily Kelly
12661,Emily Kemp
12662,Emily Kirby
12663,Emily Lang
12664,Emily Lawson
12665,Emily Leach
12666,Emily Lee
12667,Emily Lewis
12668,Emily Lopez
12669,Emily Lynch
12670,Emily Madden
12671,Emily Maldonado
12672,Emily Malone
12673,Emily Marshall
12674,Emily Martin Dds
12675,Emily Martinez
12676,Emily Mason
12677,Emily Matthews
12678,Emily Mcdonald
12679,Emily Mckenzie
12680,Emily Mcknight
12681,Emily Mcmillan
12682,Emily Mejia
12683,Emily Mendez
12684,Emily Miller
12685,Emily Miller Phd
12686,Emily Mitchell
12687,Emily Mitchell Md
12688,Emily Molina
12689,Emily Moore
12690,Emily Morales
12691,Emily Morgan
12692,Emily Morris
12693,Emily Morrison
12694,Emily Morse
12695,Emily Murphy
12696,Emily Newton
12697,Emily Nguyen
12698,Emily Norris
12699,Emily Ochoa
12700,Emily Orr
12701,Emily Ortiz
12702,Emily Owens
12703,Emily Parrish
12704,Emily Patterson
12705,Emily Payne
12706,Emily Pearson
12707,Emily Pena
12708,Emily Perez
12709,Emily Perry
12710,Emily Peterson
12711,Emily Pham
12712,Emily Phillips
12713,Emily Pineda
12714,Emily Price
12715,Emily Prince
12716,Emily Ramirez
12717,Emily Ramsey
12718,Emily Randall
12719,Emily Raymond
12720,Emily Reed
12721,Emily Riley
12722,Emily Rivera
12723,Emily Robbins
12724,Emily Roberson
12725,Emily Roberts
12726,Emily Robinson
12727,Emily Rodriguez
12728,Emily Ross
12729,Emily Sanchez
12730,Emily Sanders
12731,Emily Santos
12732,Emily Savage
12733,Emily Schaefer
12734,Emily Schneider
12735,Emily Sharp
12736,Emily Shields
12737,Emily Simmons
12738,Emily Simon
12739,Emily Smith
12740,Emily Snyder
12741,Emily Stanley
12742,Emily Stewart
12743,Emily Taylor
12744,Emily Thomas
12745,Emily Thompson
12746,Emily Torres
12747,Emily Travis
12748,Emily Trevino
12749,Emily Vargas
12750,Emily Walker
12751,Emily Wallace
12752,Emily Walters
12753,Emily Ward
12754,Emily Ware
12755,Emily Watkins
12756,Emily Watts
12757,Emily Weber
12758,Emily Wells
12759,Emily West
12760,Emily White
12761,Emily Williams
12762,Emily Williamson
12763,Emily Wilson
12764,Emily Wood
12765,Emily Young
12766,Emma Allison
12767,Emma Atkins
12768,Emma Barrett
12769,Emma Brown
12770,Emma Costa
12771,Emma Flores
12772,Emma Graham
12773,Emma Harris
12774,Emma Hunter
12775,Emma Jackson
12776,Emma Kaufman
12777,Emma Kramer
12778,Emma Lane
12779,Emma Larsen
12780,Emma Le
12781,Emma May
12782,Emma Morrison Dds
12783,Emma Obrien
12784,Emma Pacheco
12785,Emma Phillips
12786,Emma Rivera
12787,Emma Rogers
12788,Emma Schaefer
12789,Emma Sherman
12790,Emma Weaver
12791,Emma West
12792,Emma Yang
12793,Eric Alexander
12794,Eric Allen
12795,Eric Anderson
12796,Eric Andrade
12797,Eric Arnold
12798,Eric Ayala
12799,Eric Bailey
12800,Eric Baker
12801,Eric Ball
12802,Eric Barnes
12803,Eric Barrett
12804,Eric Bates
12805,Eric Bean
12806,Eric Beard
12807,Eric Bell
12808,Eric Bernard
12809,Eric Blair
12810,Eric Bolton
12811,Eric Bowen
12812,Eric Boyd
12813,Eric Brock
12814,Eric Brooks
12815,Eric Buckley
12816,Eric Bullock
12817,Eric Burns
12818,Eric Calderon
12819,Eric Campbell
12820,Eric Carter
12821,Eric Castillo
12822,Eric Chang
12823,Eric Chapman
12824,Eric Christensen
12825,Eric Christian
12826,Eric Clark
12827,Eric Clayton
12828,Eric Cline
12829,Eric Cole
12830,Eric Coleman
12831,Eric Collins
12832,Eric Colon
12833,Eric Conley
12834,Eric Cooley
12835,Eric Cooper
12836,Eric Crawford
12837,Eric Cruz
12838,Eric Davies
12839,Eric Davis
12840,Eric Dean
12841,Eric Dennis
12842,Eric Donovan
12843,Eric Dudley
12844,Eric Edwards
12845,Eric English
12846,Eric Escobar
12847,Eric Evans
12848,Eric Ferguson
12849,Eric Fisher
12850,Eric Foster
12851,Eric Franklin
12852,Eric Fuentes
12853,Eric Garcia
12854,Eric George
12855,Eric Gillespie
12856,Eric Gonzalez
12857,Eric Gonzalez Dvm
12858,Eric Gould
12859,Eric Grant
12860,Eric Greer
12861,Eric Gutierrez
12862,Eric Guzman
12863,Eric Hampton
12864,Eric Harper
12865,Eric Harris
12866,Eric Harrison
12867,Eric Hart
12868,Eric Hayes
12869,Eric Haynes
12870,Eric Henry
12871,Eric Hernandez
12872,Eric Hill
12873,Eric Hooper
12874,Eric Hopkins
12875,Eric Horn
12876,Eric Howard
12877,Eric Huang
12878,Eric Hudson
12879,Eric Hurley
12880,Eric Ingram
12881,Eric Irwin
12882,Eric Jackson
12883,Eric Jacobson
12884,Eric James
12885,Eric Jarvis
12886,Eric Johnson
12887,Eric Johnston
12888,Eric Jones
12889,Eric Juarez
12890,Eric Keith
12891,Eric Kelly
12892,Eric King
12893,Eric Kirby
12894,Eric Kramer
12895,Eric Lara Md
12896,Eric Lawson
12897,Eric Lee
12898,Eric Leon
12899,Eric Lewis
12900,Eric Lopez
12901,Eric Lozano
12902,Eric Lutz
12903,Eric Maddox
12904,Eric Maldonado
12905,Eric Marshall
12906,Eric Martin
12907,Eric Martinez
12908,Eric Massey
12909,Eric Maynard
12910,Eric Mccann
12911,Eric Mccoy
12912,Eric Mcdaniel
12913,Eric Mcgrath Md
12914,Eric Mcneil
12915,Eric Mendez
12916,Eric Mendoza
12917,Eric Meyers
12918,Eric Miller
12919,Eric Mitchell
12920,Eric Montes
12921,Eric Moore
12922,Eric Moran
12923,Eric Morris
12924,Eric Mullen
12925,Eric Mullins
12926,Eric Munoz
12927,Eric Nelson
12928,Eric Obrien
12929,Eric Olsen
12930,Eric Orozco
12931,Eric Padilla
12932,Eric Patterson
12933,Eric Pearson
12934,Eric Pierce
12935,Eric Poole
12936,Eric Pope
12937,Eric Potter
12938,Eric Ramirez
12939,Eric Ramos
12940,Eric Reed
12941,Eric Rice
12942,Eric Rivera
12943,Eric Roach
12944,Eric Roberts
12945,Eric Robertson
12946,Eric Robinson
12947,Eric Rodriguez
12948,Eric Rogers
12949,Eric Ross
12950,Eric Rowe
12951,Eric Roy
12952,Eric Russell
12953,Eric Salinas
12954,Eric Sampson
12955,Eric Sanders
12956,Eric Santiago
12957,Eric Santos
12958,Eric Savage
12959,Eric Scott Dvm
12960,Eric Scott Jr.
12961,Eric Shaw
12962,Eric Shea
12963,Eric Shepherd
12964,Eric Shields
12965,Eric Simmons
12966,Eric Simpson
12967,Eric Smith
12968,Eric Snow
12969,Eric Snyder
12970,Eric Soto
12971,Eric Stark
12972,Eric Stephens
12973,Eric Stephenson
12974,Eric Stewart
12975,Eric Stone
12976,Eric Strickland
12977,Eric Stuart
12978,Eric Suarez
12979,Eric Sullivan
12980,Eric Tate
12981,Eric Taylor
12982,Eric Thompson
12983,Eric Torres
12984,Eric Townsend
12985,Eric Turner
12986,Eric Vasquez
12987,Eric Villanueva
12988,Eric Vincent
12989,Eric Wade
12990,Eric Wagner
12991,Eric Walker
12992,Eric Wallace
12993,Eric Walls
12994,Eric Walsh
12995,Eric Walters
12996,Eric Wang
12997,Eric Ward
12998,Eric Ware
12999,Eric Waters
13000,Eric Watkins
13001,Eric Weber
13002,Eric Webster
13003,Eric Wells
13004,Eric Werner
13005,Eric Whitaker
13006,Eric White
13007,Eric Williams
13008,Eric Willis
13009,Eric Wilson
13010,Eric Wright
13011,Eric Wu
13012,Eric Young
13013,Eric Zavala
13014,Erica Adams
13015,Erica Adkins
13016,Erica Anderson
13017,Erica Andrews
13018,Erica Baker
13019,Erica Becker
13020,Erica Bonilla
13021,Erica Bryant
13022,Erica Clark
13023,Erica Collier
13024,Erica Cooper
13025,Erica Cortez
13026,Erica Cross
13027,Erica Cruz
13028,Erica Davis
13029,Erica Dodson
13030,Erica Duran
13031,Erica Evans
13032,Erica Fields
13033,Erica Flores
13034,Erica Flowers
13035,Erica Foster
13036,Erica Friedman
13037,Erica Frost
13038,Erica Gallagher
13039,Erica Galvan
13040,Erica Garcia
13041,Erica Gilmore
13042,Erica Gonzalez
13043,Erica Guzman
13044,Erica Hall
13045,Erica Hernandez
13046,Erica Jacobs
13047,Erica Johnson
13048,Erica Jones
13049,Erica Jones Md
13050,Erica Kennedy
13051,Erica King
13052,Erica Knight
13053,Erica Lawson
13054,Erica Leon
13055,Erica Liu
13056,Erica Lynn
13057,Erica Lyons
13058,Erica Marshall
13059,Erica Martin
13060,Erica Martinez
13061,Erica Massey
13062,Erica Mccormick
13063,Erica Mckay
13064,Erica Moore
13065,Erica Perkins
13066,Erica Phillips
13067,Erica Ramirez
13068,Erica Richards
13069,Erica Rios
13070,Erica Roberts
13071,Erica Rodriguez
13072,Erica Rowland
13073,Erica Ruiz
13074,Erica Sampson
13075,Erica Sherman
13076,Erica Smith
13077,Erica Spencer
13078,Erica Stanton
13079,Erica Stephens
13080,Erica Stewart
13081,Erica Stout
13082,Erica Tate
13083,Erica Taylor
13084,Erica Thomas
13085,Erica Valenzuela
13086,Erica Walsh
13087,Erica Walters Dvm
13088,Erica Warren
13089,Erica Washington
13090,Erica White
13091,Erica Williams
13092,Erica Woods
13093,Erik Adams
13094,Erik Andrade
13095,Erik Baird
13096,Erik Bradshaw
13097,Erik Butler
13098,Erik Charles
13099,Erik Chung
13100,Erik Clay
13101,Erik Cooper
13102,Erik Daniels
13103,Erik Dean
13104,Erik Edwards
13105,Erik Foster
13106,Erik Garcia
13107,Erik Gibson
13108,Erik Gutierrez
13109,Erik Hall
13110,Erik Harris
13111,Erik Howard
13112,Erik Jackson
13113,Erik Jones
13114,Erik Lambert Dvm
13115,Erik Maldonado
13116,Erik Miller
13117,Erik Patel
13118,Erik Reed
13119,Erik Richards
13120,Erik Roberts
13121,Erik Santos
13122,Erik Schmidt
13123,Erik Stewart
13124,Erik Tran
13125,Erik Valdez
13126,Erik Vaughn
13127,Erik Williams
13128,Erik Woods
13129,Erika Andrews
13130,Erika Bean
13131,Erika Beasley
13132,Erika Bender
13133,Erika Bowen
13134,Erika Bright
13135,Erika Coleman
13136,Erika Contreras
13137,Erika Davis
13138,Erika Diaz
13139,Erika Erickson
13140,Erika Fields
13141,Erika Flores
13142,Erika Fuller
13143,Erika Gordon
13144,Erika Grant
13145,Erika Gregory
13146,Erika Hall
13147,Erika Hernandez
13148,Erika Jackson
13149,Erika James
13150,Erika Johnson
13151,Erika King
13152,Erika Lee
13153,Erika Lopez
13154,Erika Lynch
13155,Erika Mcconnell Md
13156,Erika Michael
13157,Erika Newman
13158,Erika Ortiz
13159,Erika Payne
13160,Erika Poole
13161,Erika Pugh
13162,Erika Reed
13163,Erika Shannon
13164,Erika Smith
13165,Erika Tucker
13166,Erika Watson
13167,Erika Webb
13168,Erika Williams
13169,Erin Adams
13170,Erin Aguirre
13171,Erin Andrade Dvm
13172,Erin Arias
13173,Erin Baker
13174,Erin Barker
13175,Erin Bell
13176,Erin Branch
13177,Erin Brown
13178,Erin Bruce
13179,Erin Burnett
13180,Erin Chapman
13181,Erin Cobb
13182,Erin Cole
13183,Erin Collins
13184,Erin Combs
13185,Erin Cooper
13186,Erin Cross
13187,Erin Cruz
13188,Erin Davenport
13189,Erin Davidson
13190,Erin Davis
13191,Erin Diaz
13192,Erin Duke
13193,Erin Ellis
13194,Erin Evans
13195,Erin Ewing
13196,Erin Farrell
13197,Erin Ferrell
13198,Erin Fields
13199,Erin Foster
13200,Erin Frazier
13201,Erin Gaines
13202,Erin Galvan
13203,Erin Garcia
13204,Erin Garner
13205,Erin Gill
13206,Erin Gonzales
13207,Erin Green
13208,Erin Greene
13209,Erin Gross
13210,Erin Guerra
13211,Erin Guzman
13212,Erin Hale
13213,Erin Hamilton
13214,Erin Harrison
13215,Erin Henderson Md
13216,Erin Hensley
13217,Erin Henson
13218,Erin Hernandez
13219,Erin Holder
13220,Erin Hood
13221,Erin Horne
13222,Erin Hughes
13223,Erin Humphrey
13224,Erin Johnson
13225,Erin Jones
13226,Erin Kim
13227,Erin King
13228,Erin Lee
13229,Erin Lewis
13230,Erin Little
13231,Erin Malone
13232,Erin Martin Md
13233,Erin Martinez
13234,Erin Mccoy
13235,Erin Mcdowell
13236,Erin Mckinney
13237,Erin Mcpherson
13238,Erin Meyer
13239,Erin Mitchell
13240,Erin Moore
13241,Erin Morris
13242,Erin Murphy Md
13243,Erin Nelson
13244,Erin Nichols
13245,Erin Oconnell
13246,Erin Ortega
13247,Erin Owens
13248,Erin Page
13249,Erin Patrick
13250,Erin Patterson
13251,Erin Payne
13252,Erin Perez
13253,Erin Powell
13254,Erin Rice
13255,Erin Richardson
13256,Erin Rivera
13257,Erin Robinson
13258,Erin Rodriguez
13259,Erin Rose
13260,Erin Ross
13261,Erin Rubio
13262,Erin Shaffer
13263,Erin Shepherd
13264,Erin Singh
13265,Erin Smith
13266,Erin Stevens
13267,Erin Stewart
13268,Erin Strickland
13269,Erin Tate
13270,Erin Thomas
13271,Erin Thompson
13272,Erin Todd
13273,Erin Walker
13274,Erin Walters
13275,Erin Weber
13276,Erin Weiss
13277,Erin Wheeler
13278,Erin Wilkins
13279,Erin Williams
13280,Erin Williams Md
13281,Erin Wright
13282,Erin Yates
13283,Erin Young
13284,Erin Yu
13285,Ernest Barrera
13286,Ernest Calhoun
13287,Ernest Cunningham
13288,Ernest Davis
13289,Ernest Harrington
13290,Ernest Johnson
13291,Ernest Mathis
13292,Ernest Melendez
13293,Ernest Mendoza
13294,Ernest Morrison
13295,Ernest Moss
13296,Ernest Nichols
13297,Ernest Riley
13298,Ernest Shaffer
13299,Ernest Thomas
13300,Ernest Travis
13301,Ethan Alexander
13302,Ethan Bowman
13303,Ethan Brock
13304,Ethan Gray
13305,Ethan Guerrero
13306,Ethan Hall
13307,Ethan Hampton
13308,Ethan Harris
13309,Ethan Hawkins
13310,Ethan Houston
13311,Ethan Jenkins
13312,Ethan Kelley
13313,Ethan Lewis
13314,Ethan Li
13315,Ethan Lyons
13316,Ethan Manning
13317,Ethan May
13318,Ethan Mayo
13319,Ethan Mccarthy
13320,Ethan Morris
13321,Ethan Page
13322,Ethan Patel
13323,Ethan Perez
13324,Ethan Potter
13325,Ethan Ramos
13326,Ethan Rivas
13327,Ethan Sims
13328,Ethan Snyder
13329,Ethan Spencer
13330,Ethan Sullivan
13331,Ethan Wagner
13332,Ethan Warren
13333,Ethan Webster
13334,Eugene Allen
13335,Eugene Baker
13336,Eugene Branch
13337,Eugene Brown
13338,Eugene Cabrera
13339,Eugene Calderon
13340,Eugene Cruz
13341,Eugene Dawson
13342,Eugene Fox
13343,Eugene Johnson
13344,Eugene Jones
13345,Eugene Massey
13346,Eugene Page
13347,Eugene Ponce
13348,Eugene Schmidt
13349,Eugene Valdez
13350,Eugene White
13351,Evan Bennett Md
13352,Evan Brown
13353,Evan Calderon
13354,Evan Campbell
13355,Evan Cannon
13356,Evan Clark
13357,Evan Cooper
13358,Evan Curry
13359,Evan Davis
13360,Evan Ferguson
13361,Evan Floyd
13362,Evan Garcia
13363,Evan George
13364,Evan Higgins
13365,Evan Jackson
13366,Evan Johnson
13367,Evan Lewis
13368,Evan Long
13369,Evan Martinez
13370,Evan Mccarthy
13371,Evan Miller
13372,Evan Montgomery
13373,Evan Moore
13374,Evan Morton
13375,Evan Nunez
13376,Evan Page
13377,Evan Poole
13378,Evan Ramirez
13379,Evan Ray
13380,Evan Rivas
13381,Evan Robinson
13382,Evan Russell
13383,Evan Salas
13384,Evan Sanchez
13385,Evan Soto
13386,Evan Stokes
13387,Evan Tate
13388,Evan Walker
13389,Evan West
13390,Evan White
13391,Evan Williams
13392,Evan Young
13393,Evelyn Bates
13394,Evelyn Bell
13395,Evelyn Boyd
13396,Evelyn Boyer
13397,Evelyn Buckley
13398,Evelyn Carrillo
13399,Evelyn Clark
13400,Evelyn Cook
13401,Evelyn Davis
13402,Evelyn Harris
13403,Evelyn Henry
13404,Evelyn Hinton
13405,Evelyn Jackson
13406,Evelyn Kidd
13407,Evelyn King
13408,Evelyn Lester
13409,Evelyn Madden
13410,Evelyn Maynard
13411,Evelyn Mitchell
13412,Evelyn Moody
13413,Evelyn Moore
13414,Evelyn Mora
13415,Evelyn Moran
13416,Evelyn Nichols
13417,Evelyn Patterson
13418,Evelyn Peterson
13419,Evelyn Robinson
13420,Evelyn Sanders
13421,Evelyn Spencer
13422,Evelyn Thompson
13423,Evelyn Watts
13424,Evelyn Winters
13425,Faith Baldwin
13426,Faith Cook
13427,Faith Cruz
13428,Faith Green
13429,Faith Hughes
13430,Faith Miller
13431,Faith Ramirez
13432,Faith Ruiz
13433,Felicia Adams
13434,Felicia Bowers
13435,Felicia Brown
13436,Felicia Burgess
13437,Felicia Carlson
13438,Felicia Carroll
13439,Felicia Chan
13440,Felicia Clark
13441,Felicia Coleman
13442,Felicia Fischer
13443,Felicia Garza
13444,Felicia Gray
13445,Felicia Green
13446,Felicia Hunt
13447,Felicia Hunter
13448,Felicia Irwin
13449,Felicia Jackson
13450,Felicia Kelley
13451,Felicia Khan
13452,Felicia King
13453,Felicia Lindsey
13454,Felicia May
13455,Felicia Miller
13456,Felicia Mitchell
13457,Felicia Moore
13458,Felicia Morrison
13459,Felicia Pierce
13460,Felicia Pitts
13461,Felicia Sanchez
13462,Felicia Stafford
13463,Felicia Stanley
13464,Felicia Torres
13465,Felicia Wells
13466,Felicia White
13467,Felicia Williams
13468,Felicia Young
13469,Fernando Adkins
13470,Fernando Bates
13471,Fernando Bell
13472,Fernando Curry
13473,Fernando Erickson
13474,Fernando Fletcher
13475,Fernando Flowers
13476,Fernando Gamble
13477,Fernando Gibson
13478,Fernando Gonzalez
13479,Fernando Hardin
13480,Fernando Harper
13481,Fernando Hodge
13482,Fernando Johnson
13483,Fernando Jones
13484,Fernando Mckenzie
13485,Fernando Neal
13486,Fernando Silva
13487,Fernando Smith
13488,Fernando Thompson
13489,Fernando Weber
13490,Fernando Zamora
13491,Frances Contreras
13492,Frances Fuentes
13493,Frances Harris
13494,Frances Hernandez
13495,Frances James
13496,Frances Lane
13497,Frances Lee
13498,Frances Miller
13499,Frances Nelson
13500,Frances Phillips
13501,Frances Romero
13502,Frances Scott
13503,Frances Short
13504,Frances Williams
13505,Francis Brown
13506,Francis Davis
13507,Francis James
13508,Francis Long
13509,Francis Mcneil Jr.
13510,Francis Rose
13511,Francis Russell
13512,Francis Ryan
13513,Francis Stout
13514,Francisco Bender
13515,Francisco Blevins
13516,Francisco Campbell
13517,Francisco Carson
13518,Francisco Diaz
13519,Francisco Evans
13520,Francisco Fuentes
13521,Francisco Gray
13522,Francisco Guzman
13523,Francisco Hampton
13524,Francisco Hayes
13525,Francisco Hernandez
13526,Francisco Ho
13527,Francisco Howell
13528,Francisco James
13529,Francisco Johnson
13530,Francisco Myers
13531,Francisco Scott
13532,Francisco Singh
13533,Francisco Smith
13534,Francisco Thomas
13535,Francisco Webb
13536,Francisco Williams
13537,Frank Allen
13538,Frank Ashley
13539,Frank Atkinson
13540,Frank Bailey
13541,Frank Barnes
13542,Frank Bell
13543,Frank Caldwell
13544,Frank Cantu
13545,Frank Carlson
13546,Frank Carr
13547,Frank Chang
13548,Frank Chavez
13549,Frank Cole
13550,Frank Combs
13551,Frank Davis
13552,Frank Dougherty Jr.
13553,Frank Duke
13554,Frank Edwards
13555,Frank Farley
13556,Frank Farmer
13557,Frank Gonzalez
13558,Frank Gray
13559,Frank Guerrero
13560,Frank Hansen
13561,Frank Harrington
13562,Frank Hicks
13563,Frank Hill
13564,Frank Holmes
13565,Frank Houston
13566,Frank Huang
13567,Frank Johnson
13568,Frank Jones
13569,Frank Joseph Jr.
13570,Frank Kent
13571,Frank Larson
13572,Frank Lawson
13573,Frank Lindsey
13574,Frank Lopez
13575,Frank Maddox
13576,Frank Matthews
13577,Frank Miller
13578,Frank Mitchell
13579,Frank Molina
13580,Frank Ortiz
13581,Frank Palmer
13582,Frank Pena
13583,Frank Pierce
13584,Frank Quinn Dvm
13585,Frank Ramsey
13586,Frank Reed
13587,Frank Rivera
13588,Frank Rodriguez
13589,Frank Rollins
13590,Frank Roy
13591,Frank Salazar
13592,Frank Sanford
13593,Frank Schmidt
13594,Frank Shaw
13595,Frank Shea
13596,Frank Simmons
13597,Frank Smith
13598,Frank Sparks
13599,Frank Spence
13600,Frank Stephens
13601,Frank Tapia
13602,Frank Thompson
13603,Frank Townsend
13604,Frank Tucker
13605,Frank Wallace
13606,Frank Wang
13607,Frank Watson
13608,Frank Welch
13609,Frank Wheeler
13610,Frank Whitney
13611,Frank Wilkinson
13612,Frank Williams
13613,Frank Wilson
13614,Frank Wolfe
13615,Frank York
13616,Frank Young
13617,Franklin Figueroa
13618,Franklin Morrison
13619,Franklin White
13620,Franklin Williams
13621,Fred Brown
13622,Fred Buckley
13623,Fred Davies
13624,Fred Ewing
13625,Fred Johnson
13626,Fred Nelson
13627,Fred Nguyen
13628,Fred Ritter
13629,Fred Villa
13630,Fred Williams
13631,Fred Wilson
13632,Frederick Allen
13633,Frederick Anderson
13634,Frederick Arnold
13635,Frederick Ashley
13636,Frederick Baker
13637,Frederick Barnes
13638,Frederick Brown
13639,Frederick Castillo
13640,Frederick Crosby
13641,Frederick Dean Dvm
13642,Frederick Diaz
13643,Frederick Fields
13644,Frederick Gutierrez
13645,Frederick Harris
13646,Frederick Johnston
13647,Frederick Jones
13648,Frederick Lewis
13649,Frederick Marquez
13650,Frederick Obrien
13651,Frederick Pearson
13652,Frederick Pham
13653,Frederick Reed
13654,Frederick Robinson
13655,Frederick Rodriguez
13656,Frederick Sampson
13657,Frederick Smith
13658,Frederick Thomas
13659,Frederick Vasquez
13660,Frederick West
13661,Frederick White
13662,Frederick Whitney
13663,Gabriel Alexander
13664,Gabriel Anderson
13665,Gabriel Bauer
13666,Gabriel Booker
13667,Gabriel Bradley
13668,Gabriel Brown
13669,Gabriel Bryant
13670,Gabriel Burns
13671,Gabriel Bush
13672,Gabriel Carter
13673,Gabriel Cooper
13674,Gabriel Crawford
13675,Gabriel Davis
13676,Gabriel Franklin
13677,Gabriel Gibson
13678,Gabriel Gonzales
13679,Gabriel Hamilton
13680,Gabriel Harrington
13681,Gabriel Hensley Md
13682,Gabriel Hernandez
13683,Gabriel Hill
13684,Gabriel Hinton
13685,Gabriel Howard
13686,Gabriel Hunt
13687,Gabriel Ingram
13688,Gabriel Johnson
13689,Gabriel Joyce
13690,Gabriel Kennedy
13691,Gabriel Lane
13692,Gabriel Lee
13693,Gabriel Livingston
13694,Gabriel Long
13695,Gabriel Mack
13696,Gabriel Martin
13697,Gabriel Miranda
13698,Gabriel Morgan
13699,Gabriel Morris
13700,Gabriel Phillips
13701,Gabriel Pineda
13702,Gabriel Reyes
13703,Gabriel Sampson
13704,Gabriel Sanchez
13705,Gabriel Scott
13706,Gabriel Singleton
13707,Gabriel Smith
13708,Gabriel Valentine
13709,Gabriel Warner Ii
13710,Gabriel Wilson
13711,Gabriela Bryant
13712,Gabriela Carter
13713,Gabriela Deleon
13714,Gabriela Farley
13715,Gabriela Harris
13716,Gabriela Johnson
13717,Gabriela Joyce
13718,Gabriela Martin
13719,Gabriela Martinez
13720,Gabriela Moreno
13721,Gabriela Rios
13722,Gabriela Rodriguez
13723,Gabriela Smith
13724,Gabriela Williams
13725,Gabriella Castillo
13726,Gabriella Castro
13727,Gabriella Chang
13728,Gabriella Elliott
13729,Gabriella Gonzalez
13730,Gabriella Johnson
13731,Gabriella Kelly
13732,Gabriella Nelson
13733,Gabriella Park
13734,Gabriella Porter
13735,Gabriella Salas
13736,Gabrielle Barnes
13737,Gabrielle Brown
13738,Gabrielle Conway
13739,Gabrielle Dickerson
13740,Gabrielle Dodson
13741,Gabrielle Fletcher
13742,Gabrielle Garcia
13743,Gabrielle Henderson
13744,Gabrielle Hendrix
13745,Gabrielle Johnson
13746,Gabrielle Lee
13747,Gabrielle Levy Md
13748,Gabrielle Mckinney
13749,Gabrielle Miller
13750,Gabrielle Parker
13751,Gabrielle Patel
13752,Gabrielle Rivas
13753,Gabrielle Sandoval
13754,Gabrielle Saunders
13755,Gabrielle Serrano
13756,Gabrielle Smith
13757,Gabrielle Sutton
13758,Gabrielle Walker
13759,Gabrielle Williams
13760,Gail Adams
13761,Gail Armstrong
13762,Gail Briggs
13763,Gail Brock
13764,Gail Cowan
13765,Gail Fox
13766,Gail Garcia
13767,Gail Hale
13768,Gail Higgins
13769,Gail Jackson
13770,Gail Jenkins
13771,Gail Lewis
13772,Gail Reed
13773,Gail Roman
13774,Gail Rubio
13775,Gail Smith
13776,Gail Thomas
13777,Gail Vargas
13778,Gail Wilson
13779,Gail Wright
13780,Garrett Alexander
13781,Garrett Alvarado
13782,Garrett Ashley
13783,Garrett Atkinson
13784,Garrett Baker
13785,Garrett Beltran
13786,Garrett Campbell
13787,Garrett Carlson
13788,Garrett Dunn Phd
13789,Garrett Gregory
13790,Garrett Kelly
13791,Garrett Kerr
13792,Garrett Lane
13793,Garrett Lee
13794,Garrett Miles
13795,Garrett Miller
13796,Garrett Perez
13797,Garrett Price
13798,Garrett Rodriguez
13799,Garrett Sanchez
13800,Garrett Villa
13801,Garrett Wang
13802,Garrett Webster
13803,Garrett Wyatt
13804,Garrett Young
13805,Gary Allen
13806,Gary Baker
13807,Gary Barr
13808,Gary Barrett
13809,Gary Benjamin
13810,Gary Bird
13811,Gary Brown
13812,Gary Burke
13813,Gary Carroll
13814,Gary Clark
13815,Gary Cobb
13816,Gary Cole
13817,Gary Cowan
13818,Gary Cox
13819,Gary Cunningham
13820,Gary Dalton
13821,Gary Davis
13822,Gary Delgado
13823,Gary Dixon
13824,Gary Erickson Md
13825,Gary Evans
13826,Gary Flores
13827,Gary Flowers
13828,Gary Flynn
13829,Gary Fox
13830,Gary Franklin
13831,Gary Garza
13832,Gary Glover
13833,Gary Goodman
13834,Gary Graves
13835,Gary Gray
13836,Gary Gutierrez
13837,Gary Hamilton
13838,Gary Hart
13839,Gary Hayden
13840,Gary Hayes
13841,Gary Hicks
13842,Gary Hoover
13843,Gary Huff
13844,Gary Johnson
13845,Gary Jones
13846,Gary Kerr
13847,Gary Lambert
13848,Gary Leblanc
13849,Gary Leonard
13850,Gary Lewis
13851,Gary Li
13852,Gary Little Dds
13853,Gary Lloyd
13854,Gary Long
13855,Gary Lopez
13856,Gary Lowery
13857,Gary Massey
13858,Gary Mccarthy
13859,Gary Mcdonald
13860,Gary Mckee
13861,Gary Mcneil
13862,Gary Mendez
13863,Gary Mendoza
13864,Gary Miller
13865,Gary Mills
13866,Gary Mitchell
13867,Gary Moore
13868,Gary Mora
13869,Gary Murphy
13870,Gary Neal
13871,Gary Nguyen
13872,Gary Oconnor
13873,Gary Orozco
13874,Gary Pacheco
13875,Gary Page
13876,Gary Patel
13877,Gary Paul
13878,Gary Perkins
13879,Gary Perry
13880,Gary Peterson
13881,Gary Petty Iv
13882,Gary Phillips
13883,Gary Powell
13884,Gary Powers
13885,Gary Powers Dds
13886,Gary Ramos
13887,Gary Richardson
13888,Gary Robbins
13889,Gary Roberts
13890,Gary Russell
13891,Gary Sanchez
13892,Gary Sanders
13893,Gary Santos
13894,Gary Schmidt
13895,Gary Schneider
13896,Gary Smith
13897,Gary Spears
13898,Gary Stanton
13899,Gary Suarez
13900,Gary Swanson
13901,Gary Taylor
13902,Gary Thomas
13903,Gary Thompson
13904,Gary Vance
13905,Gary Velez
13906,Gary Villa
13907,Gary Walker
13908,Gary Wilcox
13909,Gary Williams
13910,Gary Willis
13911,Gary Wilson
13912,Gary Wood
13913,Gary Yang
13914,Gavin Aguirre
13915,Gavin Cole
13916,Gavin Lambert
13917,Gavin Oneill
13918,Gavin Richardson
13919,Gavin Watts
13920,Gavin Williams
13921,Gene Barber
13922,Gene Johnson
13923,Gene Mckinney
13924,Gene Rose
13925,Geoffrey Baker
13926,Geoffrey Gray
13927,Geoffrey Hogan
13928,Geoffrey Mclaughlin
13929,Geoffrey Pearson
13930,Geoffrey Russo
13931,Geoffrey Wilson
13932,George Arellano
13933,George Arroyo
13934,George Ball
13935,George Becker
13936,George Boone
13937,George Brock
13938,George Brown
13939,George Burke
13940,George Bush
13941,George Butler
13942,George Campbell
13943,George Castaneda
13944,George Clark
13945,George Daugherty
13946,George Faulkner
13947,George Flores
13948,George Freeman
13949,George French
13950,George Garcia
13951,George George
13952,George Gilbert
13953,George Giles
13954,George Gonzalez
13955,George Goodwin
13956,George Graham
13957,George Gregory
13958,George Griffin
13959,George Grimes
13960,George Hampton
13961,George Harrell
13962,George Hartman
13963,George Harvey
13964,George Hernandez
13965,George Herrera
13966,George Hogan
13967,George Humphrey
13968,George Hunt
13969,George Huynh
13970,George Jacobs
13971,George James
13972,George Johnson
13973,George Johnson Md
13974,George Jones
13975,George Kelly
13976,George Kerr
13977,George Knight Md
13978,George Lloyd
13979,George Lopez
13980,George Martinez
13981,George Matthews
13982,George Mccoy
13983,George Meyer
13984,George Montgomery
13985,George Morales
13986,George Murphy
13987,George Odom
13988,George Oneal
13989,George Owen
13990,George Owens
13991,George Perez
13992,George Phillips
13993,George Pope
13994,George Potter
13995,George Ramirez
13996,George Reese
13997,George Rhodes
13998,George Rodriguez
13999,George Rogers
14000,George Sanders
14001,George Santiago
14002,George Scott
14003,George Smith
14004,George Stevenson
14005,George Stone
14006,George Swanson
14007,George Taylor
14008,George Thomas
14009,George Thompson
14010,George Todd
14011,George Vaughan
14012,George Velez
14013,George Washington
14014,George White
14015,George Whitney
14016,George Williams
14017,George Yates
14018,Gerald Allen
14019,Gerald Anderson
14020,Gerald Avila
14021,Gerald Baker
14022,Gerald Berry
14023,Gerald Brown
14024,Gerald Chang
14025,Gerald Chapman
14026,Gerald Chase
14027,Gerald Choi
14028,Gerald Cook
14029,Gerald Duarte
14030,Gerald Green Phd
14031,Gerald Gutierrez
14032,Gerald Hill
14033,Gerald Hoffman
14034,Gerald Howard
14035,Gerald Jennings
14036,Gerald Johnson
14037,Gerald Jones
14038,Gerald Knox
14039,Gerald Lam
14040,Gerald Marquez
14041,Gerald Mckay
14042,Gerald Miller
14043,Gerald Patterson
14044,Gerald Reynolds
14045,Gerald Rivera
14046,Gerald Scott
14047,Gerald Smith Md
14048,Gerald Sweeney
14049,Gerald Williams
14050,Gilbert Boyer
14051,Gilbert York
14052,Gina Adams
14053,Gina Austin
14054,Gina Bennett
14055,Gina Blackburn
14056,Gina Boyd
14057,Gina Brown
14058,Gina Burke
14059,Gina Coffey
14060,Gina Coleman
14061,Gina Curry
14062,Gina Davis
14063,Gina Delgado
14064,Gina Edwards
14065,Gina Evans Dds
14066,Gina Flores
14067,Gina Garcia
14068,Gina Gay
14069,Gina Gonzalez
14070,Gina Gregory
14071,Gina Hardy
14072,Gina Harris
14073,Gina Hawkins
14074,Gina Hayden
14075,Gina Hill
14076,Gina Holden
14077,Gina Horton
14078,Gina Hughes
14079,Gina Jackson
14080,Gina Jacobs
14081,Gina Johnson
14082,Gina King
14083,Gina Lee
14084,Gina Leon
14085,Gina Lopez
14086,Gina Marshall
14087,Gina Mcmahon
14088,Gina Miller
14089,Gina Moore
14090,Gina Morgan
14091,Gina Mullins
14092,Gina Myers
14093,Gina Norman
14094,Gina Oconnell
14095,Gina Oliver
14096,Gina Olson
14097,Gina Park
14098,Gina Phillips
14099,Gina Ramsey
14100,Gina Richards
14101,Gina Richardson
14102,Gina Schmidt
14103,Gina Schmitt
14104,Gina Sherman
14105,Gina Taylor
14106,Gina Weaver
14107,Gina Weaver Phd
14108,Gina White
14109,Gina Wilson
14110,Gina Wood
14111,Glen Conley
14112,Glen Cox
14113,Glen Gonzalez
14114,Glen Jacobs
14115,Glen Lester
14116,Glen Martin
14117,Glen Martinez
14118,Glen Pena
14119,Glen Soto
14120,Glenda Alexander
14121,Glenda Barnett
14122,Glenda Delgado
14123,Glenda Jones
14124,Glenda Joseph
14125,Glenda Lewis
14126,Glenda Manning
14127,Glenda Moore
14128,Glenda Norman
14129,Glenda Perez
14130,Glenda Rodriguez
14131,Glenda Rogers
14132,Glenda Smith
14133,Glenda Stephens
14134,Glenn Allen
14135,Glenn Burns
14136,Glenn Cain
14137,Glenn Coleman
14138,Glenn Cruz
14139,Glenn Davidson
14140,Glenn Day
14141,Glenn Diaz
14142,Glenn Edwards Ii
14143,Glenn Evans
14144,Glenn Gray
14145,Glenn Hammond
14146,Glenn Hawkins
14147,Glenn Hess
14148,Glenn Huffman
14149,Glenn Hutchinson
14150,Glenn Jones
14151,Glenn Jordan
14152,Glenn Lawson
14153,Glenn Martinez
14154,Glenn Mathews
14155,Glenn Newman
14156,Glenn Olson
14157,Glenn Ortiz
14158,Glenn Parker
14159,Glenn Parks
14160,Glenn Perez
14161,Glenn Riggs
14162,Glenn Sanders
14163,Glenn Schwartz
14164,Glenn Smith
14165,Glenn Stevens
14166,Glenn Thomas
14167,Glenn Vargas
14168,Glenn Wade
14169,Glenn Watkins
14170,Glenn Wiley
14171,Glenn Wilkinson
14172,Gloria Barnes
14173,Gloria Brown
14174,Gloria Burns
14175,Gloria Chavez
14176,Gloria Davis
14177,Gloria Eaton
14178,Gloria Espinoza
14179,Gloria Evans
14180,Gloria Fitzgerald
14181,Gloria Gonzales
14182,Gloria Hall
14183,Gloria Hoffman
14184,Gloria Jensen
14185,Gloria Johnson
14186,Gloria Klein
14187,Gloria Kramer
14188,Gloria Mora
14189,Gloria Nicholson
14190,Gloria Peterson
14191,Gloria Rivera
14192,Gloria Schultz
14193,Gloria Stephenson
14194,Gloria Valencia
14195,Gloria Wagner
14196,Gloria Wood
14197,Gloria Young
14198,Gordon Thompson
14199,Gordon Weber
14200,Grace Bennett
14201,Grace Bowman
14202,Grace Cochran Md
14203,Grace Davis
14204,Grace Flores
14205,Grace Garcia
14206,Grace Garza
14207,Grace Henson
14208,Grace Joyce
14209,Grace Martinez
14210,Grace Robinson
14211,Grace Rogers
14212,Grace Shields
14213,Grace Thompson
14214,Grace Walker
14215,Grace Wallace
14216,Grace White
14217,Grace Williams
14218,Grace Woodard
14219,Grace Wright
14220,Grant Alexander
14221,Grant Bender
14222,Grant Brown
14223,Grant Dawson
14224,Grant Gardner
14225,Grant Jackson
14226,Grant Jenkins
14227,Grant Johnson
14228,Grant Reyes
14229,Grant Watkins
14230,Grant Wright Ii
14231,Grant Young
14232,Greg Alvarado
14233,Greg Diaz
14234,Greg Dillon
14235,Greg Erickson
14236,Greg Gates
14237,Greg Herring
14238,Greg Jackson
14239,Greg Lam
14240,Greg Livingston
14241,Greg Martin
14242,Greg Mitchell
14243,Greg Patel
14244,Greg Ryan
14245,Greg Scott
14246,Greg Smith
14247,Greg Sullivan
14248,Greg Thornton
14249,Greg Wilkerson
14250,Greg Williams
14251,Greg Young
14252,Gregg Atkinson
14253,Gregg Brown
14254,Gregg Clark
14255,Gregg Rodriguez
14256,Gregory Adams
14257,Gregory Aguirre
14258,Gregory Alexander
14259,Gregory Allen
14260,Gregory Andrade
14261,Gregory Avila
14262,Gregory Bailey
14263,Gregory Baird
14264,Gregory Baker
14265,Gregory Barber
14266,Gregory Barnes
14267,Gregory Barron
14268,Gregory Berg
14269,Gregory Bishop
14270,Gregory Bowen
14271,Gregory Boyd
14272,Gregory Braun
14273,Gregory Buckley
14274,Gregory Burke
14275,Gregory Burns
14276,Gregory Bush
14277,Gregory Butler
14278,Gregory Calderon
14279,Gregory Callahan
14280,Gregory Cameron
14281,Gregory Campos
14282,Gregory Carrillo
14283,Gregory Carter
14284,Gregory Casey
14285,Gregory Chung
14286,Gregory Cole
14287,Gregory Coleman
14288,Gregory Collins
14289,Gregory Conway
14290,Gregory Cooper
14291,Gregory Crawford
14292,Gregory Cunningham
14293,Gregory Duncan
14294,Gregory Durham
14295,Gregory Ellis
14296,Gregory Fischer
14297,Gregory Ford
14298,Gregory Foster
14299,Gregory Fox
14300,Gregory Frederick
14301,Gregory Freeman
14302,Gregory French
14303,Gregory Friedman
14304,Gregory Garner
14305,Gregory Gibbs
14306,Gregory Gibson
14307,Gregory Gonzalez
14308,Gregory Green
14309,Gregory Gregory
14310,Gregory Gross
14311,Gregory Hansen
14312,Gregory Harvey
14313,Gregory Hatfield
14314,Gregory Hernandez
14315,Gregory Herrera
14316,Gregory Higgins
14317,Gregory Hill
14318,Gregory Holt
14319,Gregory House
14320,Gregory Hudson
14321,Gregory Huffman
14322,Gregory Hughes
14323,Gregory Hunt
14324,Gregory James
14325,Gregory Jenkins
14326,Gregory Johnson
14327,Gregory Johnston
14328,Gregory Jones
14329,Gregory Jordan
14330,Gregory Juarez
14331,Gregory Kelley
14332,Gregory Kim
14333,Gregory King
14334,Gregory Kramer
14335,Gregory Lamb
14336,Gregory Lambert
14337,Gregory Larsen
14338,Gregory Lawrence
14339,Gregory Lewis
14340,Gregory Lindsey
14341,Gregory Little
14342,Gregory Long
14343,Gregory Lowe
14344,Gregory Lowery
14345,Gregory Lynch
14346,Gregory Madden
14347,Gregory Malone
14348,Gregory Manning
14349,Gregory Martin Md
14350,Gregory May
14351,Gregory Mckenzie Jr.
14352,Gregory Mckinney
14353,Gregory Miller
14354,Gregory Mitchell
14355,Gregory Moody
14356,Gregory Moore
14357,Gregory Morris
14358,Gregory Murphy
14359,Gregory Myers
14360,Gregory Nguyen
14361,Gregory Nichols
14362,Gregory Nunez
14363,Gregory Oconnor
14364,Gregory Oneill
14365,Gregory Ortiz
14366,Gregory Owens
14367,Gregory Park
14368,Gregory Pena
14369,Gregory Perez
14370,Gregory Phelps
14371,Gregory Phillips
14372,Gregory Pineda
14373,Gregory Pruitt
14374,Gregory Reed
14375,Gregory Richards
14376,Gregory Richardson
14377,Gregory Robinson
14378,Gregory Rodriguez
14379,Gregory Rogers
14380,Gregory Salinas
14381,Gregory Scott
14382,Gregory Shannon
14383,Gregory Shaw
14384,Gregory Short
14385,Gregory Skinner
14386,Gregory Smith
14387,Gregory Solomon
14388,Gregory Stevens
14389,Gregory Sutton
14390,Gregory Taylor
14391,Gregory Thomas
14392,Gregory Thompson
14393,Gregory Thornton
14394,Gregory Torres
14395,Gregory Turner
14396,Gregory Vazquez
14397,Gregory Vincent
14398,Gregory Walker
14399,Gregory Walter
14400,Gregory Ward
14401,Gregory Ware
14402,Gregory Watson
14403,Gregory Wells
14404,Gregory White
14405,Gregory Williams
14406,Gregory Wolf
14407,Guy Bates
14408,Guy Blackwell
14409,Guy Morales
14410,Guy Schaefer
14411,Gwendolyn Banks
14412,Gwendolyn Clark
14413,Gwendolyn Clayton
14414,Gwendolyn Davis
14415,Gwendolyn Hill
14416,Gwendolyn Lin
14417,Gwendolyn Pratt
14418,Gwendolyn Reynolds
14419,Gwendolyn Wilkerson
14420,Hailey Campbell
14421,Hailey Carpenter
14422,Hailey Cervantes
14423,Hailey Duncan Phd
14424,Hailey Gillespie
14425,Hailey Gomez
14426,Hailey Gross
14427,Hailey Hines
14428,Hailey Jackson
14429,Hailey Key
14430,Hailey Kirk
14431,Hailey Matthews
14432,Hailey Mccall
14433,Hailey Mcdonald
14434,Hailey Morris
14435,Hailey Ortiz
14436,Hailey Pollard
14437,Hailey Tran
14438,Hailey Walker
14439,Hailey Young
14440,Haley Bailey
14441,Haley Brown
14442,Haley Buck
14443,Haley Casey
14444,Haley Chapman
14445,Haley Crawford
14446,Haley Cruz
14447,Haley Davis
14448,Haley Duarte
14449,Haley Gonzales
14450,Haley Gray
14451,Haley Green
14452,Haley Hicks
14453,Haley Huang
14454,Haley Johnson
14455,Haley Kim
14456,Haley Lopez
14457,Haley Mckee
14458,Haley Middleton
14459,Haley Norris
14460,Haley Odom
14461,Haley Perez
14462,Haley Richards
14463,Haley Simon
14464,Haley Smith
14465,Haley Stewart
14466,Haley Turner
14467,Haley Walker
14468,Haley Williams
14469,Haley Young
14470,Hannah Adams Md
14471,Hannah Anderson
14472,Hannah Baker
14473,Hannah Barnett
14474,Hannah Barrett
14475,Hannah Benjamin
14476,Hannah Briggs
14477,Hannah Brooks
14478,Hannah Brown
14479,Hannah Bryant
14480,Hannah Butler
14481,Hannah Calhoun
14482,Hannah Campbell
14483,Hannah Castaneda
14484,Hannah Castillo
14485,Hannah Clark
14486,Hannah Clay
14487,Hannah Cochran
14488,Hannah Cole
14489,Hannah Coleman
14490,Hannah Davis Phd
14491,Hannah Deleon
14492,Hannah Dennis
14493,Hannah Durham
14494,Hannah Elliott
14495,Hannah Ellis
14496,Hannah Fisher
14497,Hannah Foley
14498,Hannah Fox
14499,Hannah Garcia
14500,Hannah Gomez
14501,Hannah Gray
14502,Hannah Green
14503,Hannah Grimes
14504,Hannah Hale
14505,Hannah Hall
14506,Hannah Hamilton
14507,Hannah Harris
14508,Hannah Hayden
14509,Hannah Hernandez
14510,Hannah Hinton
14511,Hannah Ho
14512,Hannah Holmes
14513,Hannah Hutchinson
14514,Hannah Jackson
14515,Hannah Jones
14516,Hannah Jordan
14517,Hannah King
14518,Hannah Lambert
14519,Hannah Lewis
14520,Hannah Lindsey
14521,Hannah Lopez
14522,Hannah Love
14523,Hannah Martin
14524,Hannah Martinez Dvm
14525,Hannah Mccormick
14526,Hannah Mcdaniel
14527,Hannah Mcmahon
14528,Hannah Miles
14529,Hannah Miller
14530,Hannah Mitchell
14531,Hannah Morales
14532,Hannah Moreno
14533,Hannah Morrison
14534,Hannah Nelson
14535,Hannah Oconnor
14536,Hannah Orozco
14537,Hannah Patel
14538,Hannah Patton
14539,Hannah Perkins
14540,Hannah Perry
14541,Hannah Powell
14542,Hannah Ramos
14543,Hannah Rich
14544,Hannah Richardson
14545,Hannah Robertson
14546,Hannah Rogers
14547,Hannah Russell
14548,Hannah Russo
14549,Hannah Sanchez
14550,Hannah Schneider
14551,Hannah Shepard
14552,Hannah Sheppard
14553,Hannah Stevens
14554,Hannah Taylor
14555,Hannah Thomas
14556,Hannah Thompson
14557,Hannah Trevino
14558,Hannah Tucker
14559,Hannah Turner
14560,Hannah Valentine
14561,Hannah Walker
14562,Hannah Wallace
14563,Hannah Wang
14564,Hannah Warren
14565,Hannah Weiss
14566,Hannah Wright
14567,Harold Acosta Dds
14568,Harold Beasley
14569,Harold Caldwell
14570,Harold Chase
14571,Harold Cobb
14572,Harold Cross
14573,Harold Cruz
14574,Harold Dawson
14575,Harold Evans Jr.
14576,Harold Fields
14577,Harold Gonzales
14578,Harold Griffin
14579,Harold Holmes
14580,Harold Jackson
14581,Harold Klein
14582,Harold Marquez
14583,Harold Montgomery
14584,Harold Moore
14585,Harold Sampson
14586,Harold Sanchez
14587,Harold Spencer
14588,Harold Taylor
14589,Harold White
14590,Harold Wilson
14591,Harry Cooper
14592,Harry Greene
14593,Harry Hall
14594,Harry Henderson
14595,Harry Holmes
14596,Harry Lucas
14597,Harry Rios
14598,Harry Robinson
14599,Harry Smith
14600,Hayden Clay
14601,Hayden Cole
14602,Hayden Conley
14603,Hayden Cox
14604,Hayden Novak Md
14605,Hayden Poole
14606,Hayden Silva
14607,Hayden Stewart
14608,Hayden Summers
14609,Hayley Cruz
14610,Hayley Elliott
14611,Hayley Garcia
14612,Hayley Guerrero
14613,Hayley Huang
14614,Hayley Johnson
14615,Hayley Payne
14616,Hayley Richardson
14617,Hayley Rodriguez Dvm
14618,Hayley Russo
14619,Hayley Wagner
14620,Heather Acosta
14621,Heather Adams
14622,Heather Allen
14623,Heather Anderson
14624,Heather Austin
14625,Heather Ayala
14626,Heather Baker
14627,Heather Barrett
14628,Heather Benson
14629,Heather Blair
14630,Heather Bowers
14631,Heather Bowman
14632,Heather Boyle
14633,Heather Brady
14634,Heather Brewer
14635,Heather Brown
14636,Heather Butler
14637,Heather Cain
14638,Heather Campbell
14639,Heather Carson
14640,Heather Carter
14641,Heather Castro
14642,Heather Chapman
14643,Heather Chen
14644,Heather Church
14645,Heather Cisneros
14646,Heather Clark
14647,Heather Contreras
14648,Heather Cook
14649,Heather Cooper
14650,Heather Crosby
14651,Heather Cummings
14652,Heather Cunningham
14653,Heather Davidson
14654,Heather Davis
14655,Heather Day
14656,Heather Dickerson
14657,Heather Drake
14658,Heather Duran
14659,Heather Dyer
14660,Heather Erickson
14661,Heather Estrada
14662,Heather Farmer
14663,Heather Fisher
14664,Heather Flores
14665,Heather Foley
14666,Heather Foster
14667,Heather Fox
14668,Heather Franklin
14669,Heather Freeman
14670,Heather Fuentes
14671,Heather Fuller
14672,Heather Gallegos
14673,Heather Garcia
14674,Heather Garrett
14675,Heather Garza
14676,Heather Gay Dds
14677,Heather Glenn
14678,Heather Gomez
14679,Heather Graham
14680,Heather Gray
14681,Heather Green
14682,Heather Green Dds
14683,Heather Griffith
14684,Heather Gutierrez
14685,Heather Hamilton
14686,Heather Hansen
14687,Heather Harris
14688,Heather Hawkins
14689,Heather Haynes
14690,Heather Henderson
14691,Heather Hill
14692,Heather Hines
14693,Heather Ho
14694,Heather Holloway
14695,Heather Hood
14696,Heather Hoover
14697,Heather Howard
14698,Heather Hull
14699,Heather Hunt
14700,Heather Hunter
14701,Heather Ibarra
14702,Heather Jackson
14703,Heather Jacobs
14704,Heather Jensen
14705,Heather Johnson
14706,Heather Johnston
14707,Heather Jones
14708,Heather Jordan
14709,Heather Kent
14710,Heather Kidd
14711,Heather King
14712,Heather Lane
14713,Heather Lang
14714,Heather Larsen
14715,Heather Larson
14716,Heather Leach
14717,Heather Leblanc
14718,Heather Lee
14719,Heather Lewis
14720,Heather Li
14721,Heather Lin
14722,Heather Lindsey
14723,Heather Long
14724,Heather Lopez
14725,Heather Lucero
14726,Heather Luna
14727,Heather Maldonado Dvm
14728,Heather Manning
14729,Heather Martin
14730,Heather Mathis
14731,Heather Matthews
14732,Heather Maynard
14733,Heather Mckay
14734,Heather Mclaughlin Dds
14735,Heather Mcmillan
14736,Heather Mendoza
14737,Heather Miller
14738,Heather Miranda
14739,Heather Mitchell
14740,Heather Moore
14741,Heather Morgan
14742,Heather Morrison
14743,Heather Murphy
14744,Heather Murray
14745,Heather Myers
14746,Heather Nash
14747,Heather Nelson
14748,Heather Nguyen
14749,Heather Norman
14750,Heather Nunez
14751,Heather Obrien
14752,Heather Olsen
14753,Heather Ortiz
14754,Heather Owens
14755,Heather Pacheco
14756,Heather Padilla
14757,Heather Palmer
14758,Heather Patrick
14759,Heather Pennington
14760,Heather Perez
14761,Heather Petty
14762,Heather Price
14763,Heather Proctor
14764,Heather Ramirez
14765,Heather Ramos
14766,Heather Raymond
14767,Heather Reynolds
14768,Heather Rice
14769,Heather Richardson
14770,Heather Rivera
14771,Heather Roberts
14772,Heather Robles
14773,Heather Rocha
14774,Heather Rodriguez
14775,Heather Rogers
14776,Heather Rowe
14777,Heather Sanders
14778,Heather Santiago
14779,Heather Scott
14780,Heather Shea
14781,Heather Simon
14782,Heather Simpson
14783,Heather Sims
14784,Heather Smith
14785,Heather Soto
14786,Heather Spears
14787,Heather Stanton
14788,Heather Steele
14789,Heather Stephens
14790,Heather Stone
14791,Heather Strickland
14792,Heather Tanner
14793,Heather Tate
14794,Heather Taylor
14795,Heather Thompson
14796,Heather Townsend
14797,Heather Turner
14798,Heather Tyler
14799,Heather Valdez
14800,Heather Valencia
14801,Heather Villanueva
14802,Heather Vincent
14803,Heather Ward
14804,Heather Warren
14805,Heather Weaver
14806,Heather West
14807,Heather White
14808,Heather Wilkerson
14809,Heather Williams
14810,Heather Willis
14811,Heather Wilson
14812,Heather Wood
14813,Heather Wright
14814,Heather Young
14815,Heather Yu
14816,Hector Aguilar
14817,Hector Allen
14818,Hector Becker
14819,Hector Brewer
14820,Hector Collins
14821,Hector Hanna
14822,Hector King
14823,Hector Kirk
14824,Hector Mccormick
14825,Hector Mccoy
14826,Hector Mills
14827,Hector Murphy
14828,Hector Nelson
14829,Hector Ortiz
14830,Hector Owens
14831,Hector Pena
14832,Hector Petty
14833,Hector Rivers
14834,Hector Roberts
14835,Hector Robinson
14836,Hector Rodgers
14837,Hector Rodriguez
14838,Hector Spencer
14839,Hector Stevens
14840,Hector Walton
14841,Hector Yang
14842,Heidi Alvarado
14843,Heidi Andrews
14844,Heidi Armstrong
14845,Heidi Beck
14846,Heidi Bell
14847,Heidi Brown
14848,Heidi Burgess
14849,Heidi Compton Md
14850,Heidi Daniels
14851,Heidi Davis
14852,Heidi Edwards
14853,Heidi Estrada
14854,Heidi Fields
14855,Heidi Flores
14856,Heidi Franklin
14857,Heidi Garrison
14858,Heidi Gonzalez
14859,Heidi Grant
14860,Heidi Haley
14861,Heidi Hampton
14862,Heidi Harris
14863,Heidi Hernandez
14864,Heidi Herrera
14865,Heidi Hill
14866,Heidi Jefferson
14867,Heidi Johnson
14868,Heidi Juarez
14869,Heidi Kennedy
14870,Heidi Lane
14871,Heidi Lloyd
14872,Heidi Martinez
14873,Heidi Miller
14874,Heidi Mooney
14875,Heidi Moore
14876,Heidi Morgan
14877,Heidi Mullen
14878,Heidi Murray
14879,Heidi Nguyen
14880,Heidi Owens
14881,Heidi Perez
14882,Heidi Robertson
14883,Heidi Sanchez
14884,Heidi Savage
14885,Heidi Sawyer
14886,Heidi Short
14887,Heidi Smith
14888,Heidi Stewart
14889,Heidi Taylor
14890,Heidi Torres
14891,Heidi Valenzuela
14892,Heidi Walsh
14893,Heidi White
14894,Heidi Williams
14895,Heidi Wood
14896,Helen Davis
14897,Helen Johnson
14898,Helen Knight
14899,Helen Meadows
14900,Helen Moore
14901,Helen Munoz
14902,Helen Rice
14903,Helen Robinson
14904,Helen Rowe
14905,Helen Thompson
14906,Helen Webb
14907,Henry Barker
14908,Henry Baxter
14909,Henry Brown
14910,Henry Cardenas
14911,Henry Carr
14912,Henry Davis
14913,Henry Dodson
14914,Henry Evans
14915,Henry Galloway
14916,Henry Guzman
14917,Henry Harper
14918,Henry Hughes
14919,Henry Jacobs
14920,Henry Jones
14921,Henry Kramer
14922,Henry Lang
14923,Henry Lynn
14924,Henry Marshall
14925,Henry Mitchell
14926,Henry Nelson
14927,Henry Newton
14928,Henry Ortega
14929,Henry Perez
14930,Henry Peterson
14931,Henry Ramirez
14932,Henry Reyes
14933,Henry Rogers
14934,Henry Ruiz
14935,Henry Santiago
14936,Henry Scott
14937,Henry Shelton
14938,Henry Solis
14939,Henry Stewart
14940,Henry Thomas
14941,Henry Thompson
14942,Henry Turner
14943,Henry Waller
14944,Henry Watson
14945,Henry Wood
14946,Henry Zamora
14947,Henry Zavala
14948,Herbert Morales
14949,Herbert Pennington
14950,Herbert Williams
14951,Holly Adkins
14952,Holly Alvarado
14953,Holly Andrews
14954,Holly Austin
14955,Holly Bailey
14956,Holly Baker
14957,Holly Blake
14958,Holly Booth
14959,Holly Boyd
14960,Holly Brown
14961,Holly Bullock
14962,Holly Campbell
14963,Holly Carlson
14964,Holly Chavez
14965,Holly Cohen
14966,Holly Cook
14967,Holly Cox
14968,Holly Daniel
14969,Holly Daniels
14970,Holly Davis
14971,Holly Diaz
14972,Holly Dixon
14973,Holly Duke
14974,Holly Dunn
14975,Holly Fernandez
14976,Holly Ford
14977,Holly Fox
14978,Holly Gibson
14979,Holly Griffin
14980,Holly Grimes
14981,Holly Hansen
14982,Holly Harris
14983,Holly Haynes
14984,Holly Henderson
14985,Holly Hernandez
14986,Holly Hogan
14987,Holly Houston
14988,Holly Hughes
14989,Holly James
14990,Holly Johnson
14991,Holly King
14992,Holly Kramer
14993,Holly Lopez
14994,Holly Lowe
14995,Holly Maddox
14996,Holly Maldonado
14997,Holly Martin
14998,Holly Martinez
14999,Holly Miller
15000,Holly Mitchell
15001,Holly Montgomery
15002,Holly Morton
15003,Holly Munoz
15004,Holly Myers
15005,Holly Nguyen
15006,Holly Oneal
15007,Holly Parker
15008,Holly Parsons
15009,Holly Patterson
15010,Holly Pittman
15011,Holly Price
15012,Holly Pugh
15013,Holly Roach
15014,Holly Russell
15015,Holly Ryan
15016,Holly Sanchez
15017,Holly Schmidt
15018,Holly Smith
15019,Holly Stewart
15020,Holly Taylor
15021,Holly Townsend
15022,Holly Tyler
15023,Holly Vega
15024,Holly Villanueva
15025,Holly Walker
15026,Holly Walton
15027,Holly Ward
15028,Holly Washington
15029,Holly Waters
15030,Holly Williams
15031,Holly Wilson
15032,Holly Wright
15033,Holly Young
15034,Howard Andrews
15035,Howard Carlson
15036,Howard Chandler
15037,Howard Edwards
15038,Howard Elliott
15039,Howard Flores
15040,Howard Foster
15041,Howard Glass
15042,Howard Keith
15043,Howard Morgan
15044,Howard Obrien
15045,Howard Price
15046,Howard Sutton
15047,Howard Tate
15048,Howard Terry
15049,Howard Thomas
15050,Hunter Adams
15051,Hunter Allen
15052,Hunter Armstrong
15053,Hunter Avery
15054,Hunter Collins
15055,Hunter Cortez
15056,Hunter Diaz
15057,Hunter Dillon
15058,Hunter Gates
15059,Hunter Hopkins
15060,Hunter Johnson
15061,Hunter Jones
15062,Hunter Martinez
15063,Hunter Mendoza
15064,Hunter Miles
15065,Hunter Moore
15066,Hunter Morse
15067,Hunter Peterson
15068,Hunter Ramos
15069,Hunter Sharp
15070,Hunter Sims
15071,Hunter Snyder
15072,Hunter Sparks
15073,Hunter Strong
15074,Hunter Taylor
15075,Hunter Wade
15076,Hunter Watts
15077,Hunter Wilson
15078,Ian Alvarado
15079,Ian Baker
15080,Ian Benitez
15081,Ian Best
15082,Ian Bond
15083,Ian Bridges
15084,Ian Brown
15085,Ian Carroll
15086,Ian Cox
15087,Ian Daniels
15088,Ian Davenport
15089,Ian Davidson
15090,Ian Davis
15091,Ian Dyer
15092,Ian Harrison
15093,Ian Holland
15094,Ian Johnson
15095,Ian Jones
15096,Ian King
15097,Ian Long
15098,Ian Lopez
15099,Ian Matthews
15100,Ian Mejia
15101,Ian Melton
15102,Ian Miller
15103,Ian Murphy
15104,Ian Murray
15105,Ian Owens
15106,Ian Pena
15107,Ian Pruitt
15108,Ian Rangel
15109,Ian Rhodes
15110,Ian Roberts
15111,Ian Singleton
15112,Ian Snyder
15113,Ian Soto
15114,Ian Stuart
15115,Ian Tran
15116,Ian Tyler
15117,Ian Watts
15118,Ian Wells
15119,Ian White
15120,Ian Williams
15121,Isaac Adams
15122,Isaac Barry Md
15123,Isaac Baxter
15124,Isaac Buck
15125,Isaac Cabrera
15126,Isaac Carrillo
15127,Isaac Coleman
15128,Isaac Ellison
15129,Isaac Fry
15130,Isaac Hampton
15131,Isaac Hernandez
15132,Isaac Huber
15133,Isaac Hudson
15134,Isaac Kane
15135,Isaac Kent
15136,Isaac Lewis
15137,Isaac Lowe
15138,Isaac Manning
15139,Isaac Martinez
15140,Isaac Mcbride
15141,Isaac Medina
15142,Isaac Miller
15143,Isaac Peck Dds
15144,Isaac Rosario
15145,Isaac Ryan
15146,Isaac Silva
15147,Isaac Smith
15148,Isaac Steele
15149,Isaac Walker
15150,Isaac Warner
15151,Isaac Washington
15152,Isabel Ball
15153,Isabel Blanchard
15154,Isabel Branch
15155,Isabel Craig
15156,Isabel Glenn
15157,Isabel Green
15158,Isabel Lang
15159,Isabel Smith
15160,Isabel Wright
15161,Isabella Alexander
15162,Isabella Collier
15163,Isabella Collins
15164,Isabella Cortez
15165,Isabella Dennis
15166,Isabella Fisher
15167,Isabella Johnston Md
15168,Isabella Lang
15169,Isabella Rodriguez
15170,Isabella Smith
15171,Isabella Thomas
15172,Isabella Vaughn
15173,Isabella Wheeler
15174,Isaiah Adkins
15175,Isaiah Bailey
15176,Isaiah Cooper
15177,Isaiah Davis
15178,Isaiah Day
15179,Isaiah Foster
15180,Isaiah Fox
15181,Isaiah Hill
15182,Isaiah Huerta
15183,Isaiah Kim
15184,Isaiah Lawrence
15185,Isaiah Mcknight
15186,Isaiah Miller
15187,Isaiah Morgan
15188,Isaiah Trevino
15189,Isaiah Watkins
15190,Ivan Cunningham
15191,Ivan Evans
15192,Ivan Perkins
15193,Jack Adams
15194,Jack Adkins
15195,Jack Bates
15196,Jack Bell
15197,Jack Cochran
15198,Jack Contreras
15199,Jack Davies
15200,Jack Davis
15201,Jack Day
15202,Jack Dixon
15203,Jack Edwards
15204,Jack Gillespie Md
15205,Jack Glenn
15206,Jack Hale
15207,Jack Hall
15208,Jack Haney
15209,Jack Herman
15210,Jack Hernandez
15211,Jack Hicks
15212,Jack Holland
15213,Jack Jackson
15214,Jack Jacobson
15215,Jack Jenkins
15216,Jack Jensen
15217,Jack Jones
15218,Jack Kim
15219,Jack King
15220,Jack Lam
15221,Jack Leonard
15222,Jack Marks
15223,Jack Mendez
15224,Jack Merritt
15225,Jack Meyer
15226,Jack Padilla
15227,Jack Paul
15228,Jack Reilly
15229,Jack Roberts
15230,Jack Sanders
15231,Jack Schneider
15232,Jack Shaw
15233,Jack Skinner
15234,Jack Smith
15235,Jack Snyder
15236,Jack Taylor
15237,Jack Todd
15238,Jack Torres
15239,Jack Walker
15240,Jack Wall
15241,Jack Wheeler
15242,Jack White
15243,Jack Williams
15244,Jack Wu
15245,Jackie Adams
15246,Jackie Chavez
15247,Jackie Fletcher
15248,Jackie Fox
15249,Jackie Garcia
15250,Jackie Hall
15251,Jackie Hanson
15252,Jackie Hart
15253,Jackie Jones
15254,Jackie Jordan
15255,Jackie Kent
15256,Jackie Maldonado
15257,Jackie Martinez
15258,Jackie Morris
15259,Jackie Perez
15260,Jackie Robinson
15261,Jackie Robles
15262,Jackie Wilson
15263,Jackson Coleman
15264,Jackson Gibson
15265,Jackson Gonzales
15266,Jackson Jimenez
15267,Jackson Larson
15268,Jackson Sanders
15269,Jackson Simpson
15270,Jackson Smith
15271,Jackson Taylor
15272,Jackson White
15273,Jackson Young
15274,Jaclyn Anthony Dds
15275,Jaclyn Bell
15276,Jaclyn Coleman
15277,Jaclyn Lopez
15278,Jaclyn Mccoy
15279,Jaclyn Parker
15280,Jaclyn Sanchez
15281,Jaclyn Schultz
15282,Jacob Adams
15283,Jacob Anderson
15284,Jacob Barry
15285,Jacob Bartlett
15286,Jacob Barton
15287,Jacob Bates
15288,Jacob Beltran
15289,Jacob Berry Jr.
15290,Jacob Best
15291,Jacob Black
15292,Jacob Brown
15293,Jacob Burke
15294,Jacob Cabrera
15295,Jacob Calderon
15296,Jacob Carey
15297,Jacob Carlson
15298,Jacob Carpenter
15299,Jacob Carroll
15300,Jacob Casey
15301,Jacob Cherry
15302,Jacob Clark
15303,Jacob Cole
15304,Jacob Coleman
15305,Jacob Crawford
15306,Jacob Daniel
15307,Jacob Daugherty
15308,Jacob Davis
15309,Jacob Delacruz
15310,Jacob Deleon
15311,Jacob Doyle
15312,Jacob Edwards
15313,Jacob Erickson
15314,Jacob Farrell
15315,Jacob Fletcher
15316,Jacob Fowler
15317,Jacob Friedman
15318,Jacob Garcia
15319,Jacob Garrett
15320,Jacob Gonzales
15321,Jacob Gonzalez
15322,Jacob Gordon
15323,Jacob Greer
15324,Jacob Hall
15325,Jacob Harrell
15326,Jacob Harris
15327,Jacob Hayes
15328,Jacob Hernandez
15329,Jacob Hoffman
15330,Jacob Huang
15331,Jacob Huber
15332,Jacob Hurst
15333,Jacob Huynh
15334,Jacob Jacobs
15335,Jacob Jenkins
15336,Jacob Jensen
15337,Jacob Johnson
15338,Jacob Johnson Md
15339,Jacob Jones
15340,Jacob Jones Jr.
15341,Jacob Kennedy
15342,Jacob Kent
15343,Jacob King
15344,Jacob Landry
15345,Jacob Lee
15346,Jacob Long
15347,Jacob Lopez
15348,Jacob Lucas
15349,Jacob Lynch
15350,Jacob Marshall
15351,Jacob Martin
15352,Jacob Martinez
15353,Jacob Mata
15354,Jacob Mathews
15355,Jacob Mcdowell
15356,Jacob Mendez
15357,Jacob Miller
15358,Jacob Mitchell
15359,Jacob Morales
15360,Jacob Morris
15361,Jacob Nash
15362,Jacob Newton
15363,Jacob Nguyen
15364,Jacob Nichols
15365,Jacob Nielsen Dds
15366,Jacob Pace
15367,Jacob Patterson
15368,Jacob Peterson
15369,Jacob Pope
15370,Jacob Price
15371,Jacob Proctor
15372,Jacob Ramirez
15373,Jacob Reid
15374,Jacob Rich
15375,Jacob Richard
15376,Jacob Richardson
15377,Jacob Rivera
15378,Jacob Robbins
15379,Jacob Roberson
15380,Jacob Robertson
15381,Jacob Robinson
15382,Jacob Robinson Dvm
15383,Jacob Rose
15384,Jacob Ruiz
15385,Jacob Russo
15386,Jacob Sanchez
15387,Jacob Sanders
15388,Jacob Sandoval
15389,Jacob Sawyer
15390,Jacob Shaw
15391,Jacob Skinner
15392,Jacob Smith
15393,Jacob Snyder
15394,Jacob Soto
15395,Jacob Spencer
15396,Jacob Stone
15397,Jacob Sullivan
15398,Jacob Taylor
15399,Jacob Thomas
15400,Jacob Thompson
15401,Jacob Turner
15402,Jacob Valenzuela
15403,Jacob Walker
15404,Jacob Wallace
15405,Jacob Walters
15406,Jacob Washington
15407,Jacob Watkins
15408,Jacob Weaver
15409,Jacob West
15410,Jacob White
15411,Jacob Williams
15412,Jacob Wise
15413,Jacob Wright
15414,Jacob Wright Dds
15415,Jacob Young
15416,Jacqueline Alexander
15417,Jacqueline Allen
15418,Jacqueline Alvarado
15419,Jacqueline Anderson
15420,Jacqueline Baker
15421,Jacqueline Barrera
15422,Jacqueline Barron
15423,Jacqueline Bennett
15424,Jacqueline Berger
15425,Jacqueline Berry Md
15426,Jacqueline Bowman
15427,Jacqueline Brock
15428,Jacqueline Brooks
15429,Jacqueline Bryant
15430,Jacqueline Carter
15431,Jacqueline Chang
15432,Jacqueline Chavez
15433,Jacqueline Clark
15434,Jacqueline Cobb
15435,Jacqueline Cox
15436,Jacqueline Cruz
15437,Jacqueline Cunningham
15438,Jacqueline Dixon
15439,Jacqueline Edwards
15440,Jacqueline Ellison
15441,Jacqueline Fields
15442,Jacqueline Fry
15443,Jacqueline Gay
15444,Jacqueline Gonzales
15445,Jacqueline Graves
15446,Jacqueline Green
15447,Jacqueline Hansen
15448,Jacqueline Henderson
15449,Jacqueline Hernandez
15450,Jacqueline Herring
15451,Jacqueline Hicks
15452,Jacqueline Hill
15453,Jacqueline Holland
15454,Jacqueline Howard
15455,Jacqueline Hudson
15456,Jacqueline Jacobs
15457,Jacqueline James
15458,Jacqueline Jimenez
15459,Jacqueline Johnson
15460,Jacqueline Jones
15461,Jacqueline Kelly
15462,Jacqueline King
15463,Jacqueline Knight
15464,Jacqueline Lee
15465,Jacqueline Lynch
15466,Jacqueline Maddox
15467,Jacqueline Martin
15468,Jacqueline Martinez
15469,Jacqueline Matthews
15470,Jacqueline May
15471,Jacqueline Mccarthy
15472,Jacqueline Mcdaniel
15473,Jacqueline Meyers
15474,Jacqueline Miller
15475,Jacqueline Monroe
15476,Jacqueline Moon
15477,Jacqueline Moore
15478,Jacqueline Mora
15479,Jacqueline Myers
15480,Jacqueline Nelson
15481,Jacqueline Olson
15482,Jacqueline Parker
15483,Jacqueline Patel Dds
15484,Jacqueline Patrick
15485,Jacqueline Payne
15486,Jacqueline Perez
15487,Jacqueline Phelps
15488,Jacqueline Phillips
15489,Jacqueline Poole
15490,Jacqueline Ramsey
15491,Jacqueline Richardson
15492,Jacqueline Roberts
15493,Jacqueline Rogers Md
15494,Jacqueline Sanchez
15495,Jacqueline Sanders Dvm
15496,Jacqueline Short
15497,Jacqueline Smith
15498,Jacqueline Solomon
15499,Jacqueline Sparks
15500,Jacqueline Stephens
15501,Jacqueline Strickland
15502,Jacqueline Thomas
15503,Jacqueline Thompson
15504,Jacqueline Walters
15505,Jacqueline Waters
15506,Jacqueline Weaver
15507,Jacqueline Wheeler
15508,Jacqueline White
15509,Jacqueline Williams
15510,Jacqueline Williamson
15511,Jacqueline Wyatt
15512,Jacqueline Young
15513,Jade Bennett
15514,Jade Bishop
15515,Jade Burton
15516,Jade Clark
15517,Jade Golden
15518,Jade Jensen
15519,Jade Mccoy
15520,Jade Owens
15521,Jade Robinson
15522,Jade Smith
15523,Jaime Allen
15524,Jaime Bell
15525,Jaime Bennett
15526,Jaime Blair
15527,Jaime Brock
15528,Jaime Davis
15529,Jaime Dunn
15530,Jaime Duran
15531,Jaime Elliott
15532,Jaime Foster
15533,Jaime Gonzales Phd
15534,Jaime Hamilton
15535,Jaime Haney
15536,Jaime Hawkins
15537,Jaime Holmes
15538,Jaime Hoover
15539,Jaime Jackson
15540,Jaime Lewis
15541,Jaime Martinez
15542,Jaime Matthews
15543,Jaime Maxwell
15544,Jaime May
15545,Jaime Mendoza
15546,Jaime Pham
15547,Jaime Ramirez
15548,Jaime Rice
15549,Jaime Rich
15550,Jaime Robbins
15551,Jaime Rogers
15552,Jaime Rowe
15553,Jaime Valdez
15554,Jaime Walsh
15555,Jaime Wang
15556,Jaime Williams
15557,Jaime Wilson
15558,Jaime Wood
15559,Jake Cherry
15560,Jake Collins
15561,Jake Ferguson
15562,Jake Frye
15563,Jake Gibson
15564,Jake Johnson
15565,Jake Martinez
15566,Jake Mccoy
15567,Jake Mendoza
15568,Jake Ortiz
15569,Jake Patel
15570,Jake Rose
15571,Jake Thompson
15572,Jake Wall
15573,Jake Ward
15574,Jake Zimmerman
15575,James Acevedo
15576,James Adams
15577,James Allen
15578,James Alvarado
15579,James Alvarez
15580,James Andersen
15581,James Anderson
15582,James Andrews
15583,James Armstrong
15584,James Arnold
15585,James Austin
15586,James Ayala
15587,James Bailey
15588,James Baker
15589,James Ball
15590,James Barker
15591,James Barnes
15592,James Barrett
15593,James Bates
15594,James Bean
15595,James Becker
15596,James Bell
15597,James Benitez
15598,James Bennett
15599,James Bernard
15600,James Berry
15601,James Bird
15602,James Black
15603,James Blackburn
15604,James Blair
15605,James Blake
15606,James Blankenship
15607,James Booker
15608,James Bowers
15609,James Bowman
15610,James Boyle
15611,James Bradley
15612,James Brady
15613,James Braun
15614,James Bray
15615,James Brewer
15616,James Bright
15617,James Brown
15618,James Bruce
15619,James Bryan
15620,James Buchanan
15621,James Burgess Dvm
15622,James Burns
15623,James Butler
15624,James Byrd Jr.
15625,James Callahan
15626,James Campbell
15627,James Cannon
15628,James Cantrell Md
15629,James Carlson
15630,James Carr
15631,James Carroll
15632,James Carter
15633,James Castaneda
15634,James Castillo
15635,James Cervantes
15636,James Chandler
15637,James Chang
15638,James Chapman
15639,James Charles
15640,James Chen
15641,James Christian
15642,James Clark
15643,James Clay
15644,James Clayton
15645,James Cochran
15646,James Cohen
15647,James Cole
15648,James Coleman
15649,James Collins
15650,James Conner
15651,James Cook
15652,James Cooper
15653,James Crawford
15654,James Cuevas
15655,James Cummings
15656,James Curtis
15657,James Davidson
15658,James Davies
15659,James Davis
15660,James Dawson
15661,James Diaz
15662,James Dixon
15663,James Dominguez
15664,James Doyle
15665,James Duarte
15666,James Duffy
15667,James Duke
15668,James Dunn
15669,James Dyer
15670,James Elliott
15671,James Ellis
15672,James Ellison
15673,James Espinoza
15674,James Evans
15675,James Ewing
15676,James Farrell
15677,James Fields
15678,James Fisher V
15679,James Flores
15680,James Foley
15681,James Ford
15682,James Foster
15683,James Fox
15684,James Franklin
15685,James Frazier
15686,James Freeman
15687,James French
15688,James Frey
15689,James Friedman
15690,James Fritz
15691,James Fuentes
15692,James Fuller
15693,James Garcia
15694,James Gardner
15695,James Garrett Md
15696,James Garza
15697,James George
15698,James Gibbs
15699,James Gibson
15700,James Gill
15701,James Gilmore
15702,James Glass
15703,James Gomez
15704,James Gonzales
15705,James Gonzalez
15706,James Gonzalez Dvm
15707,James Goodwin
15708,James Graham
15709,James Grant
15710,James Gray
15711,James Green
15712,James Gregory
15713,James Griffin
15714,James Gross
15715,James Guerrero
15716,James Gutierrez
15717,James Guzman
15718,James Hall
15719,James Hamilton
15720,James Hanna
15721,James Hansen
15722,James Harper
15723,James Harrington
15724,James Harris
15725,James Harrison
15726,James Hays
15727,James Heath
15728,James Henderson
15729,James Hendrix
15730,James Hernandez
15731,James Herring
15732,James Higgins
15733,James Hill
15734,James Hines
15735,James Hobbs
15736,James Hoffman
15737,James Hogan
15738,James Holloway
15739,James Holmes
15740,James Holt
15741,James Horton
15742,James Houston
15743,James Howard
15744,James Howe
15745,James Huang
15746,James Huber
15747,James Hudson
15748,James Hughes
15749,James Hunt
15750,James Hunt Md
15751,James Hunter
15752,James Jackson
15753,James James
15754,James James Dvm
15755,James Jenkins
15756,James Jennings
15757,James Jensen
15758,James Jimenez
15759,James Johnson
15760,James Johnston
15761,James Jones
15762,James Joseph
15763,James Keith
15764,James Kelly
15765,James Kennedy
15766,James Kent
15767,James Kent Jr.
15768,James King
15769,James Kirby
15770,James Klein
15771,James Kline
15772,James Knapp
15773,James Knight
15774,James Knox
15775,James Lane
15776,James Lara
15777,James Larsen
15778,James Larson
15779,James Lawrence
15780,James Leach
15781,James Leblanc
15782,James Lee
15783,James Lee Md
15784,James Leonard
15785,James Lewis
15786,James Li
15787,James Lopez
15788,James Lowe
15789,James Lowery
15790,James Lozano
15791,James Lucas
15792,James Lucero
15793,James Luna
15794,James Macdonald
15795,James Macias
15796,James Mack
15797,James Marshall
15798,James Marshall Jr.
15799,James Martin
15800,James Martin Dvm
15801,James Martinez
15802,James Mason
15803,James Massey
15804,James Mathews
15805,James Maxwell
15806,James May
15807,James Mayer
15808,James Maynard
15809,James Mcbride
15810,James Mccarthy
15811,James Mcdonald
15812,James Mcgrath
15813,James Mcguire
15814,James Mcintosh
15815,James Mckenzie
15816,James Mckinney
15817,James Medina
15818,James Mendez
15819,James Mendoza
15820,James Mercado
15821,James Mercer
15822,James Meyer
15823,James Miles
15824,James Miller
15825,James Miller Md
15826,James Mills
15827,James Miranda
15828,James Mitchell
15829,James Montes
15830,James Montgomery
15831,James Moody
15832,James Moore
15833,James Moore Jr.
15834,James Mora
15835,James Morales
15836,James Moran
15837,James Moreno
15838,James Morgan
15839,James Morris
15840,James Morrison
15841,James Morrison Dvm
15842,James Morton
15843,James Mullins
15844,James Murphy
15845,James Murray
15846,James Myers
15847,James Navarro
15848,James Nelson
15849,James Nicholson
15850,James Noble
15851,James Nolan
15852,James Norris
15853,James Novak
15854,James Obrien
15855,James Ochoa
15856,James Oliver
15857,James Olsen
15858,James Ortiz
15859,James Osborn
15860,James Padilla
15861,James Palmer
15862,James Parker
15863,James Parrish
15864,James Patrick
15865,James Patterson
15866,James Paul
15867,James Payne
15868,James Perez
15869,James Perkins
15870,James Perry
15871,James Peters Phd
15872,James Phillips
15873,James Pineda
15874,James Pitts
15875,James Ponce
15876,James Pope
15877,James Potts
15878,James Powell
15879,James Powers
15880,James Preston
15881,James Price
15882,James Prince
15883,James Quinn
15884,James Ramirez
15885,James Ramos Md
15886,James Rangel
15887,James Ray
15888,James Reed
15889,James Reeves
15890,James Reid
15891,James Reyes
15892,James Rice
15893,James Rich
15894,James Richard
15895,James Richards
15896,James Richardson
15897,James Riley
15898,James Rivas
15899,James Roach
15900,James Roberson
15901,James Roberts
15902,James Robertson
15903,James Robinson
15904,James Rodriguez
15905,James Rogers
15906,James Roman
15907,James Romero
15908,James Ross
15909,James Rowe
15910,James Ruiz
15911,James Ryan
15912,James Salazar
15913,James Sampson
15914,James Sanchez
15915,James Sanford
15916,James Santiago
15917,James Santos
15918,James Saunders
15919,James Schmidt
15920,James Schultz
15921,James Scott
15922,James Simmons
15923,James Simpson
15924,James Skinner Ii
15925,James Sloan
15926,James Smith
15927,James Soto
15928,James Steele
15929,James Stephens
15930,James Stevens
15931,James Stevenson
15932,James Stewart
15933,James Stone
15934,James Stout
15935,James Strickland
15936,James Strong
15937,James Suarez
15938,James Sullivan
15939,James Taylor
15940,James Terry
15941,James Thomas
15942,James Thompson
15943,James Torres
15944,James Townsend
15945,James Tran
15946,James Tucker
15947,James Turner
15948,James Tyler
15949,James Underwood
15950,James Valencia
15951,James Valentine
15952,James Vang
15953,James Vargas
15954,James Vasquez
15955,James Velazquez
15956,James Velez
15957,James Walker
15958,James Walters
15959,James Ward
15960,James Warren
15961,James Washington
15962,James Watson
15963,James Weaver
15964,James Webb
15965,James Weeks
15966,James Weiss
15967,James Welch
15968,James Wells
15969,James West
15970,James Wheeler
15971,James White
15972,James Whitney
15973,James Williams
15974,James Williams Phd
15975,James Williamson
15976,James Willis
15977,James Wilson
15978,James Winters
15979,James Wong
15980,James Woodard
15981,James Woods
15982,James Wright
15983,James Young
15984,James Zavala Md
15985,James Zuniga
15986,Jamie Acosta
15987,Jamie Adams
15988,Jamie Allison
15989,Jamie Andersen
15990,Jamie Andrews
15991,Jamie Avila
15992,Jamie Baird
15993,Jamie Baker
15994,Jamie Banks
15995,Jamie Barnes
15996,Jamie Best
15997,Jamie Bradley
15998,Jamie Brewer
15999,Jamie Bright
16000,Jamie Brown
16001,Jamie Burke
16002,Jamie Cannon
16003,Jamie Case
16004,Jamie Chandler
16005,Jamie Combs
16006,Jamie Conway
16007,Jamie Copeland
16008,Jamie Cox
16009,Jamie Craig
16010,Jamie Crawford
16011,Jamie Daniels
16012,Jamie Davis
16013,Jamie Davis Dds
16014,Jamie Davis Dvm
16015,Jamie Dawson
16016,Jamie Duarte
16017,Jamie Edwards
16018,Jamie Elliott
16019,Jamie Escobar
16020,Jamie Ferguson
16021,Jamie Fernandez
16022,Jamie Flores
16023,Jamie Franco
16024,Jamie Franklin
16025,Jamie Freeman
16026,Jamie Garcia
16027,Jamie Garcia Md
16028,Jamie Gentry
16029,Jamie George
16030,Jamie Gonzales
16031,Jamie Gordon
16032,Jamie Green
16033,Jamie Hardy
16034,Jamie Harris
16035,Jamie Hayes
16036,Jamie Hicks
16037,Jamie Hill
16038,Jamie Hinton
16039,Jamie Hodges
16040,Jamie Hood
16041,Jamie Howard
16042,Jamie Howell
16043,Jamie Hudson
16044,Jamie Jenkins
16045,Jamie Jensen
16046,Jamie Johnson
16047,Jamie Jones
16048,Jamie Kelly
16049,Jamie King
16050,Jamie Lang
16051,Jamie Leach
16052,Jamie Lee
16053,Jamie Lewis
16054,Jamie Lin
16055,Jamie Long
16056,Jamie Lopez
16057,Jamie Lozano
16058,Jamie Lucas
16059,Jamie Luna
16060,Jamie Martin
16061,Jamie Mathis
16062,Jamie Mccullough
16063,Jamie Mckinney
16064,Jamie Mendoza
16065,Jamie Meyer
16066,Jamie Meyer Md
16067,Jamie Meyers
16068,Jamie Miller
16069,Jamie Mitchell
16070,Jamie Morales
16071,Jamie Morris
16072,Jamie Moyer
16073,Jamie Navarro
16074,Jamie Nelson
16075,Jamie Nielsen
16076,Jamie Nunez
16077,Jamie Oconnell
16078,Jamie Ortega
16079,Jamie Ortiz
16080,Jamie Parker
16081,Jamie Patterson
16082,Jamie Perkins
16083,Jamie Potts
16084,Jamie Powell
16085,Jamie Price
16086,Jamie Reed
16087,Jamie Reyes
16088,Jamie Rios
16089,Jamie Rivera
16090,Jamie Rodriguez
16091,Jamie Salazar
16092,Jamie Sanders
16093,Jamie Saunders
16094,Jamie Schmidt
16095,Jamie Schneider
16096,Jamie Simon
16097,Jamie Small
16098,Jamie Smith
16099,Jamie Stokes
16100,Jamie Taylor
16101,Jamie Thomas
16102,Jamie Thompson
16103,Jamie Torres
16104,Jamie Walker
16105,Jamie Wallace
16106,Jamie Ware
16107,Jamie Weaver
16108,Jamie Webb
16109,Jamie West
16110,Jamie Wilcox
16111,Jamie Williams
16112,Jamie Williamson
16113,Jamie Willis
16114,Jamie Wong
16115,Jamie Wood
16116,Jamie Wright
16117,Jamie Zuniga
16118,Jane Adams
16119,Jane Berry
16120,Jane Brown
16121,Jane Campbell
16122,Jane Davis
16123,Jane Fox
16124,Jane Gaines
16125,Jane Gomez
16126,Jane Harrison
16127,Jane Horton
16128,Jane Johnson
16129,Jane Malone
16130,Jane Martin
16131,Jane Moore
16132,Jane Reed
16133,Jane Russell
16134,Jane Sanchez
16135,Jane Short
16136,Jane Walker
16137,Jane Williams
16138,Jane Wright
16139,Janet Anderson
16140,Janet Armstrong
16141,Janet Benson
16142,Janet Bridges
16143,Janet Bryan
16144,Janet Campbell
16145,Janet Carr
16146,Janet Carter
16147,Janet Christensen
16148,Janet Clements
16149,Janet Cole
16150,Janet Coleman
16151,Janet Cook Dds
16152,Janet Donaldson
16153,Janet Donovan
16154,Janet Duke
16155,Janet Elliott
16156,Janet Ellis
16157,Janet Evans
16158,Janet Franklin
16159,Janet Gomez
16160,Janet Griffin
16161,Janet Hall
16162,Janet Harris
16163,Janet Holt
16164,Janet Hopkins
16165,Janet Howard
16166,Janet Keith
16167,Janet Lam
16168,Janet Lewis
16169,Janet Malone
16170,Janet Meadows
16171,Janet Mejia
16172,Janet Meyer
16173,Janet Michael
16174,Janet Moore
16175,Janet Morris
16176,Janet Nelson
16177,Janet Nichols
16178,Janet Olsen
16179,Janet Patel
16180,Janet Powell
16181,Janet Pratt
16182,Janet Ramos
16183,Janet Richardson
16184,Janet Robertson
16185,Janet Rodriguez
16186,Janet Saunders
16187,Janet Schmidt
16188,Janet Scott
16189,Janet Shea
16190,Janet Smith
16191,Janet Stephenson
16192,Janet Vargas
16193,Janet Vasquez
16194,Janet Vazquez
16195,Janet Vega
16196,Janet Wade
16197,Janice Clay
16198,Janice Cross
16199,Janice Davis
16200,Janice Diaz
16201,Janice Dorsey
16202,Janice Fischer Md
16203,Janice Flores
16204,Janice Ford
16205,Janice Gill
16206,Janice Goodman
16207,Janice Gross
16208,Janice Hall
16209,Janice Hancock
16210,Janice Holland
16211,Janice Jones
16212,Janice Kelley
16213,Janice Kelly
16214,Janice King
16215,Janice Logan
16216,Janice Lozano
16217,Janice Martinez
16218,Janice Mcmahon
16219,Janice Moore
16220,Janice Nichols
16221,Janice Patterson
16222,Janice Peck
16223,Janice Preston
16224,Janice Romero
16225,Janice Sampson Md
16226,Janice Smith
16227,Janice Soto
16228,Janice Whitaker
16229,Janice White
16230,Janice Wilson
16231,Janice Young
16232,Jared Bentley
16233,Jared Blake
16234,Jared Bruce Jr.
16235,Jared Burke
16236,Jared Calderon
16237,Jared Cochran Dvm
16238,Jared Cohen Phd
16239,Jared Cook
16240,Jared Craig
16241,Jared Davis
16242,Jared Evans
16243,Jared Ferguson
16244,Jared Foster
16245,Jared Fowler
16246,Jared Freeman
16247,Jared Gutierrez
16248,Jared Hale
16249,Jared Harris
16250,Jared Henderson
16251,Jared Hicks
16252,Jared Howe
16253,Jared Johnson
16254,Jared Jones
16255,Jared Kemp
16256,Jared Larson
16257,Jared Leon
16258,Jared Martinez
16259,Jared May
16260,Jared Mccoy
16261,Jared Mcintyre
16262,Jared Melendez
16263,Jared Mendoza
16264,Jared Miller
16265,Jared Moore
16266,Jared Morgan
16267,Jared Morton
16268,Jared Nelson
16269,Jared Nichols
16270,Jared Olson
16271,Jared Patel
16272,Jared Peterson
16273,Jared Pierce
16274,Jared Powell
16275,Jared Prince
16276,Jared Ramirez
16277,Jared Rasmussen
16278,Jared Rivera
16279,Jared Schmitt
16280,Jared Scott
16281,Jared Smith
16282,Jared Soto
16283,Jared Stone
16284,Jared Sullivan Dds
16285,Jared Tapia
16286,Jared Thomas
16287,Jared Thompson
16288,Jared Trevino
16289,Jared Vega
16290,Jared Velasquez
16291,Jared Weiss
16292,Jared Wheeler
16293,Jared White
16294,Jared Williams
16295,Jared Yang
16296,Jasmin Higgins
16297,Jasmin Howell
16298,Jasmin Kelley
16299,Jasmin Kirk
16300,Jasmin Ross
16301,Jasmin Wiley
16302,Jasmine Acosta
16303,Jasmine Adams
16304,Jasmine Aguilar
16305,Jasmine Alexander
16306,Jasmine Alvarez
16307,Jasmine Anderson
16308,Jasmine Arroyo
16309,Jasmine Baker
16310,Jasmine Barber
16311,Jasmine Bird
16312,Jasmine Bishop
16313,Jasmine Burton
16314,Jasmine Campbell
16315,Jasmine Cervantes
16316,Jasmine Charles
16317,Jasmine Clark
16318,Jasmine Edwards
16319,Jasmine Evans
16320,Jasmine Fisher
16321,Jasmine Ford
16322,Jasmine Fuentes
16323,Jasmine Garcia
16324,Jasmine Gates
16325,Jasmine Gay
16326,Jasmine Glover
16327,Jasmine Gonzalez
16328,Jasmine Good
16329,Jasmine Green
16330,Jasmine Hall
16331,Jasmine Hamilton
16332,Jasmine Hayes
16333,Jasmine Hebert
16334,Jasmine Hernandez
16335,Jasmine Holland
16336,Jasmine Hurst Md
16337,Jasmine Jimenez
16338,Jasmine Johnson
16339,Jasmine Jones
16340,Jasmine King
16341,Jasmine Lane
16342,Jasmine Lawrence
16343,Jasmine Lee
16344,Jasmine Levy
16345,Jasmine Martin
16346,Jasmine Mason
16347,Jasmine Mcclain
16348,Jasmine Mcdonald
16349,Jasmine Meyer
16350,Jasmine Moore
16351,Jasmine Morrison
16352,Jasmine Murray
16353,Jasmine Norton
16354,Jasmine Parker
16355,Jasmine Phillips
16356,Jasmine Powell
16357,Jasmine Prince
16358,Jasmine Ramos
16359,Jasmine Robinson
16360,Jasmine Rodriguez
16361,Jasmine Schwartz
16362,Jasmine Terrell
16363,Jasmine Thompson
16364,Jasmine Todd
16365,Jasmine Turner
16366,Jasmine Walker
16367,Jasmine Webb
16368,Jasmine Wells
16369,Jasmine Whitaker
16370,Jasmine White
16371,Jasmine Williams
16372,Jasmine Woodard
16373,Jasmine Wright
16374,Jasmine Zimmerman
16375,Jason Adams
16376,Jason Adkins
16377,Jason Aguirre
16378,Jason Alexander
16379,Jason Allen
16380,Jason Anderson
16381,Jason Archer
16382,Jason Arnold
16383,Jason Bailey
16384,Jason Baird
16385,Jason Baker
16386,Jason Barnes
16387,Jason Barrett
16388,Jason Bartlett
16389,Jason Bass
16390,Jason Bauer
16391,Jason Bean
16392,Jason Beck
16393,Jason Bell
16394,Jason Benitez
16395,Jason Bennett
16396,Jason Blackwell
16397,Jason Blair
16398,Jason Booth
16399,Jason Bowen
16400,Jason Boyd
16401,Jason Bridges
16402,Jason Bright
16403,Jason Brown
16404,Jason Bryant
16405,Jason Bullock
16406,Jason Burgess
16407,Jason Burnett
16408,Jason Butler
16409,Jason Campbell
16410,Jason Cantu
16411,Jason Carrillo
16412,Jason Carroll
16413,Jason Carter
16414,Jason Castillo
16415,Jason Cervantes
16416,Jason Chandler
16417,Jason Charles
16418,Jason Chase
16419,Jason Cherry
16420,Jason Clark
16421,Jason Combs
16422,Jason Conner
16423,Jason Cooper
16424,Jason Copeland
16425,Jason Costa
16426,Jason Cox
16427,Jason Craig
16428,Jason Cummings
16429,Jason Cunningham
16430,Jason Davis
16431,Jason Dean
16432,Jason Dillon
16433,Jason Dixon
16434,Jason Douglas
16435,Jason Duncan
16436,Jason Dunn
16437,Jason Elliott
16438,Jason Ellis
16439,Jason English
16440,Jason Evans
16441,Jason Farley
16442,Jason Ferguson
16443,Jason Fernandez
16444,Jason Ferrell
16445,Jason Fischer
16446,Jason Fisher
16447,Jason Fitzpatrick
16448,Jason Flowers
16449,Jason Ford
16450,Jason Foster
16451,Jason Fowler
16452,Jason Franklin
16453,Jason Frederick
16454,Jason Fritz
16455,Jason Garcia
16456,Jason Garrett
16457,Jason Gates
16458,Jason Gentry
16459,Jason Gibson
16460,Jason Gilbert
16461,Jason Gonzalez
16462,Jason Goodman
16463,Jason Gordon
16464,Jason Graham
16465,Jason Graves
16466,Jason Gray
16467,Jason Green
16468,Jason Gregory
16469,Jason Griffin
16470,Jason Griffith
16471,Jason Guerrero
16472,Jason Gutierrez
16473,Jason Hale
16474,Jason Hall
16475,Jason Hamilton
16476,Jason Hanson
16477,Jason Harrison
16478,Jason Hart
16479,Jason Hayden
16480,Jason Hayes
16481,Jason Henderson
16482,Jason Hernandez
16483,Jason Hess
16484,Jason Hicks
16485,Jason Higgins
16486,Jason Hill
16487,Jason Holt
16488,Jason Howard
16489,Jason Hudson
16490,Jason Hughes
16491,Jason Hurley
16492,Jason Ingram
16493,Jason Jackson
16494,Jason Jacobs
16495,Jason Jennings
16496,Jason Jimenez
16497,Jason Johnson
16498,Jason Jones
16499,Jason Jordan
16500,Jason Kelly
16501,Jason Kennedy
16502,Jason Kidd
16503,Jason Kim
16504,Jason King
16505,Jason Kirby
16506,Jason Kirk
16507,Jason Knight
16508,Jason Krueger
16509,Jason Lambert
16510,Jason Larson
16511,Jason Lawrence
16512,Jason Lee
16513,Jason Leon
16514,Jason Leonard
16515,Jason Lester
16516,Jason Lewis
16517,Jason Lucas
16518,Jason Maldonado
16519,Jason Marquez
16520,Jason Martin
16521,Jason Martinez
16522,Jason Mathis
16523,Jason Maynard
16524,Jason Mccoy
16525,Jason Mccullough
16526,Jason Mcdowell
16527,Jason Mcgee
16528,Jason Mcguire
16529,Jason Melton
16530,Jason Mendoza
16531,Jason Michael
16532,Jason Miller
16533,Jason Mitchell
16534,Jason Monroe
16535,Jason Montgomery
16536,Jason Moody
16537,Jason Moore
16538,Jason Mora
16539,Jason Morales
16540,Jason Moreno
16541,Jason Morris
16542,Jason Myers
16543,Jason Nguyen
16544,Jason Norman
16545,Jason Nunez
16546,Jason Oconnor
16547,Jason Oliver
16548,Jason Oliver Phd
16549,Jason Orr
16550,Jason Ortega
16551,Jason Ortiz
16552,Jason Park
16553,Jason Parks
16554,Jason Patel
16555,Jason Patterson
16556,Jason Payne
16557,Jason Perez
16558,Jason Perkins
16559,Jason Perry
16560,Jason Peterson
16561,Jason Phillips
16562,Jason Powell
16563,Jason Pratt
16564,Jason Price
16565,Jason Prince
16566,Jason Proctor
16567,Jason Quinn
16568,Jason Ramsey
16569,Jason Ray
16570,Jason Reed
16571,Jason Rice
16572,Jason Richard
16573,Jason Richardson
16574,Jason Riley
16575,Jason Rivas
16576,Jason Rivera
16577,Jason Roberts
16578,Jason Robinson
16579,Jason Robles
16580,Jason Rodgers
16581,Jason Rodriguez
16582,Jason Rogers
16583,Jason Rojas
16584,Jason Rollins
16585,Jason Romero
16586,Jason Rosario
16587,Jason Ross
16588,Jason Roy
16589,Jason Ruiz
16590,Jason Russell
16591,Jason Sanchez
16592,Jason Schneider
16593,Jason Scott
16594,Jason Sellers
16595,Jason Sharp
16596,Jason Shaw
16597,Jason Short
16598,Jason Simmons
16599,Jason Simpson
16600,Jason Sloan
16601,Jason Smith
16602,Jason Snyder
16603,Jason Steele
16604,Jason Stephens
16605,Jason Stephenson
16606,Jason Stewart
16607,Jason Stokes
16608,Jason Stone
16609,Jason Stout
16610,Jason Strickland
16611,Jason Sullivan
16612,Jason Sutton
16613,Jason Swanson
16614,Jason Taylor
16615,Jason Thomas
16616,Jason Thompson
16617,Jason Todd
16618,Jason Torres
16619,Jason Trevino
16620,Jason Valencia
16621,Jason Valenzuela
16622,Jason Vaughan
16623,Jason Vega
16624,Jason Velasquez
16625,Jason Walker
16626,Jason Wallace
16627,Jason Ward
16628,Jason Warner
16629,Jason Watkins
16630,Jason Weaver
16631,Jason Webb
16632,Jason Weiss
16633,Jason Welch
16634,Jason West
16635,Jason White
16636,Jason Wiggins
16637,Jason Wilkerson
16638,Jason Williams
16639,Jason Wilson
16640,Jason Wise
16641,Jason Young
16642,Jason Zamora
16643,Jason Zimmerman
16644,Javier Allen
16645,Javier Coffey
16646,Javier Cowan
16647,Javier Fernandez
16648,Javier Freeman
16649,Javier Hardin
16650,Javier Harper
16651,Javier Kelley
16652,Javier Lozano
16653,Javier Moore
16654,Javier Norton
16655,Javier Patterson
16656,Javier Robles
16657,Javier Smith
16658,Javier Stark Md
16659,Javier Zhang
16660,Jay Anderson
16661,Jay Barr
16662,Jay Beck
16663,Jay Carson
16664,Jay Clay
16665,Jay Cox
16666,Jay Diaz
16667,Jay Ellis
16668,Jay Figueroa
16669,Jay Fleming
16670,Jay Garcia
16671,Jay Green
16672,Jay Harrison
16673,Jay Henderson
16674,Jay Hernandez
16675,Jay Hicks
16676,Jay Hobbs
16677,Jay Howard
16678,Jay Kim
16679,Jay Marshall
16680,Jay Martin
16681,Jay Mccormick
16682,Jay Miranda
16683,Jay Moore
16684,Jay Nichols
16685,Jay Paul
16686,Jay Perez
16687,Jay Reyes Phd
16688,Jay Rivera
16689,Jay Robinson
16690,Jay Rogers
16691,Jay Rush
16692,Jay Simpson
16693,Jay Stewart
16694,Jay Taylor
16695,Jay Tyler
16696,Jay Vasquez
16697,Jay Wagner
16698,Jay Watson
16699,Jay Williams
16700,Jay Williamson
16701,Jean Alvarez
16702,Jean Austin
16703,Jean Barker
16704,Jean Compton
16705,Jean Cooper
16706,Jean Dunn
16707,Jean Evans
16708,Jean Fisher
16709,Jean Gardner
16710,Jean Gonzalez
16711,Jean Hogan
16712,Jean Horn
16713,Jean Johnson Md
16714,Jean Martin
16715,Jean Newman
16716,Jean Nichols
16717,Jean Peterson
16718,Jean Phelps
16719,Jean Ray
16720,Jean Richards
16721,Jean Ryan
16722,Jean Schmitt
16723,Jean Taylor
16724,Jean Watson
16725,Jean Williams Md
16726,Jean Wilson
16727,Jeanette Atkinson
16728,Jeanette Ayers
16729,Jeanette Berry
16730,Jeanette Braun
16731,Jeanette Brown
16732,Jeanette Chavez
16733,Jeanette Combs
16734,Jeanette Cowan
16735,Jeanette Gregory
16736,Jeanette Gross
16737,Jeanette James
16738,Jeanette Khan
16739,Jeanette Lowe
16740,Jeanette Mcdaniel
16741,Jeanette Mullen
16742,Jeanette Norris
16743,Jeanette Payne
16744,Jeanette Pitts
16745,Jeanette Rodriguez
16746,Jeanette Sanchez
16747,Jeanette Weaver
16748,Jeanette Whitaker
16749,Jeanne Allen
16750,Jeanne Arroyo
16751,Jeanne Baldwin
16752,Jeanne Davis
16753,Jeanne Dominguez
16754,Jeanne Donaldson
16755,Jeanne Dunn
16756,Jeanne Gordon
16757,Jeanne Hancock
16758,Jeanne Kidd
16759,Jeanne Mills
16760,Jeanne Robbins
16761,Jeanne Thomas
16762,Jeff Anderson
16763,Jeff Barker
16764,Jeff Barton
16765,Jeff Coleman
16766,Jeff Edwards
16767,Jeff Fletcher
16768,Jeff Gonzalez
16769,Jeff Keith
16770,Jeff Lane
16771,Jeff Lewis
16772,Jeff Lin
16773,Jeff Lyons
16774,Jeff Mcgrath
16775,Jeff Moore
16776,Jeff Morales Ii
16777,Jeff Murillo
16778,Jeff Nelson
16779,Jeff Nunez
16780,Jeff Paul
16781,Jeff Perez
16782,Jeff Reyes
16783,Jeff Richards
16784,Jeff Sutton
16785,Jeff Thompson
16786,Jeff Thornton
16787,Jeff Tucker Md
16788,Jeff Ward
16789,Jeff Webb
16790,Jeff Wilson
16791,Jeff Woodard
16792,Jeff Yates
16793,Jeffery Bailey
16794,Jeffery Banks
16795,Jeffery Barnes
16796,Jeffery Berger
16797,Jeffery Bradley
16798,Jeffery Brown
16799,Jeffery Burton
16800,Jeffery Choi
16801,Jeffery Christian
16802,Jeffery Coleman
16803,Jeffery Estrada
16804,Jeffery Foster
16805,Jeffery Garrison
16806,Jeffery Hall
16807,Jeffery Henry
16808,Jeffery Hess
16809,Jeffery Hill
16810,Jeffery Hunt
16811,Jeffery Johnson
16812,Jeffery Jones
16813,Jeffery Kennedy
16814,Jeffery Kent
16815,Jeffery Lopez
16816,Jeffery Love
16817,Jeffery Malone
16818,Jeffery Martinez
16819,Jeffery Massey
16820,Jeffery Mcdaniel
16821,Jeffery Miller
16822,Jeffery Molina
16823,Jeffery Moore
16824,Jeffery Morgan
16825,Jeffery Morris
16826,Jeffery Morrison
16827,Jeffery Munoz
16828,Jeffery Navarro
16829,Jeffery Oneal
16830,Jeffery Patterson
16831,Jeffery Pena
16832,Jeffery Perez
16833,Jeffery Perkins
16834,Jeffery Peterson
16835,Jeffery Rios
16836,Jeffery Rodriguez
16837,Jeffery Rose
16838,Jeffery Russell
16839,Jeffery Ryan
16840,Jeffery Scott
16841,Jeffery Short
16842,Jeffery Smith
16843,Jeffery Thomas
16844,Jeffery Wallace
16845,Jeffery Ware
16846,Jeffery Wilson
16847,Jeffery Wolf
16848,Jeffery Wright
16849,Jeffrey Adams
16850,Jeffrey Allen
16851,Jeffrey Alvarez
16852,Jeffrey Anderson
16853,Jeffrey Arellano
16854,Jeffrey Arroyo
16855,Jeffrey Ayers
16856,Jeffrey Bailey
16857,Jeffrey Baker
16858,Jeffrey Ball
16859,Jeffrey Barker
16860,Jeffrey Barnett
16861,Jeffrey Barrett
16862,Jeffrey Barton
16863,Jeffrey Bell
16864,Jeffrey Bentley
16865,Jeffrey Blackwell
16866,Jeffrey Blankenship
16867,Jeffrey Boyd
16868,Jeffrey Bradley
16869,Jeffrey Brennan
16870,Jeffrey Brewer
16871,Jeffrey Brown
16872,Jeffrey Bruce
16873,Jeffrey Buck
16874,Jeffrey Burke
16875,Jeffrey Burns
16876,Jeffrey Cain
16877,Jeffrey Caldwell
16878,Jeffrey Callahan
16879,Jeffrey Cameron
16880,Jeffrey Campbell
16881,Jeffrey Campos
16882,Jeffrey Carr
16883,Jeffrey Carter
16884,Jeffrey Castaneda
16885,Jeffrey Chandler
16886,Jeffrey Chavez
16887,Jeffrey Cherry
16888,Jeffrey Clark
16889,Jeffrey Cole
16890,Jeffrey Collins
16891,Jeffrey Cooper
16892,Jeffrey Copeland
16893,Jeffrey Cruz
16894,Jeffrey Daniels
16895,Jeffrey Daugherty
16896,Jeffrey Davies
16897,Jeffrey Davis
16898,Jeffrey Dawson
16899,Jeffrey Diaz
16900,Jeffrey Dickerson
16901,Jeffrey Donaldson Jr.
16902,Jeffrey Douglas
16903,Jeffrey Duran
16904,Jeffrey Edwards
16905,Jeffrey Everett
16906,Jeffrey Ewing
16907,Jeffrey Fernandez
16908,Jeffrey Fields
16909,Jeffrey Flores
16910,Jeffrey Forbes
16911,Jeffrey Foster
16912,Jeffrey Frank
16913,Jeffrey Frazier
16914,Jeffrey Frey
16915,Jeffrey Friedman
16916,Jeffrey Fuller
16917,Jeffrey Gaines
16918,Jeffrey Galloway
16919,Jeffrey Garner
16920,Jeffrey Garrett
16921,Jeffrey Gates
16922,Jeffrey Gomez
16923,Jeffrey Gonzalez
16924,Jeffrey Graham
16925,Jeffrey Grant
16926,Jeffrey Gray
16927,Jeffrey Green
16928,Jeffrey Griffith
16929,Jeffrey Gutierrez
16930,Jeffrey Haley
16931,Jeffrey Hall
16932,Jeffrey Hardin
16933,Jeffrey Harris
16934,Jeffrey Harris Dvm
16935,Jeffrey Hawkins
16936,Jeffrey Hayes
16937,Jeffrey Haynes
16938,Jeffrey Heath
16939,Jeffrey Henry
16940,Jeffrey Hernandez
16941,Jeffrey Hill
16942,Jeffrey Hodge
16943,Jeffrey Hodges
16944,Jeffrey Hopkins
16945,Jeffrey Houston
16946,Jeffrey Howard
16947,Jeffrey Howe
16948,Jeffrey Howell
16949,Jeffrey Hubbard
16950,Jeffrey Hughes
16951,Jeffrey Hunter
16952,Jeffrey Jacobs
16953,Jeffrey James
16954,Jeffrey Johnson
16955,Jeffrey Johnston
16956,Jeffrey Jones
16957,Jeffrey Keith
16958,Jeffrey Kelly
16959,Jeffrey Kent
16960,Jeffrey Kramer
16961,Jeffrey Leach
16962,Jeffrey Lee
16963,Jeffrey Leonard
16964,Jeffrey Lewis
16965,Jeffrey Lowe
16966,Jeffrey Luna
16967,Jeffrey Marks
16968,Jeffrey Marquez
16969,Jeffrey Marshall
16970,Jeffrey Martin
16971,Jeffrey Martinez
16972,Jeffrey Martinez Phd
16973,Jeffrey Mason
16974,Jeffrey Massey
16975,Jeffrey Mata
16976,Jeffrey Mccullough
16977,Jeffrey Mcdonald
16978,Jeffrey Mcintosh
16979,Jeffrey Mcintyre Md
16980,Jeffrey Mendez
16981,Jeffrey Merritt
16982,Jeffrey Miller
16983,Jeffrey Mills
16984,Jeffrey Mitchell
16985,Jeffrey Moore
16986,Jeffrey Morales
16987,Jeffrey Moyer
16988,Jeffrey Munoz
16989,Jeffrey Murray
16990,Jeffrey Myers
16991,Jeffrey Newman
16992,Jeffrey Nguyen
16993,Jeffrey Nichols
16994,Jeffrey Novak
16995,Jeffrey Ochoa
16996,Jeffrey Oliver
16997,Jeffrey Olson
16998,Jeffrey Ortiz
16999,Jeffrey Osborne
17000,Jeffrey Palmer
17001,Jeffrey Parsons
17002,Jeffrey Patel
17003,Jeffrey Patterson
17004,Jeffrey Payne
17005,Jeffrey Pearson
17006,Jeffrey Pennington
17007,Jeffrey Perez
17008,Jeffrey Perkins
17009,Jeffrey Perry
17010,Jeffrey Petersen
17011,Jeffrey Peterson
17012,Jeffrey Phelps
17013,Jeffrey Phillips
17014,Jeffrey Pollard
17015,Jeffrey Ramirez
17016,Jeffrey Rice
17017,Jeffrey Richards
17018,Jeffrey Richardson
17019,Jeffrey Riggs
17020,Jeffrey Rios Md
17021,Jeffrey Rivera
17022,Jeffrey Robinson
17023,Jeffrey Robles
17024,Jeffrey Rocha
17025,Jeffrey Rodriguez
17026,Jeffrey Rojas
17027,Jeffrey Rowe
17028,Jeffrey Ruiz
17029,Jeffrey Ryan
17030,Jeffrey Salazar
17031,Jeffrey Sanders
17032,Jeffrey Schmidt
17033,Jeffrey Schneider
17034,Jeffrey Scott
17035,Jeffrey Shaffer
17036,Jeffrey Shah
17037,Jeffrey Shannon
17038,Jeffrey Shea
17039,Jeffrey Shelton
17040,Jeffrey Simmons
17041,Jeffrey Smith
17042,Jeffrey Sparks
17043,Jeffrey Stanton
17044,Jeffrey Stephenson
17045,Jeffrey Stokes
17046,Jeffrey Strickland
17047,Jeffrey Sweeney
17048,Jeffrey Taylor
17049,Jeffrey Thomas
17050,Jeffrey Thompson
17051,Jeffrey Torres
17052,Jeffrey Turner
17053,Jeffrey Tyler
17054,Jeffrey Vargas
17055,Jeffrey Velez
17056,Jeffrey Villanueva
17057,Jeffrey Wade Iv
17058,Jeffrey Walker
17059,Jeffrey Wall
17060,Jeffrey Walsh
17061,Jeffrey Ward
17062,Jeffrey Warner
17063,Jeffrey Washington
17064,Jeffrey Watkins
17065,Jeffrey Watson
17066,Jeffrey Weaver
17067,Jeffrey Welch
17068,Jeffrey Wells
17069,Jeffrey White
17070,Jeffrey Wilkinson
17071,Jeffrey Williams
17072,Jeffrey Williamson
17073,Jeffrey Wilson
17074,Jeffrey Wong
17075,Jeffrey Wood
17076,Jeffrey Young
17077,Jeffrey Zuniga
17078,Jenna Bennett
17079,Jenna Bird
17080,Jenna Bishop
17081,Jenna Bryant
17082,Jenna Coleman
17083,Jenna Collins
17084,Jenna Crawford
17085,Jenna Crosby
17086,Jenna Davila
17087,Jenna Davis
17088,Jenna Dominguez
17089,Jenna Fields
17090,Jenna Gardner
17091,Jenna Gomez Dvm
17092,Jenna Good
17093,Jenna Gray
17094,Jenna Hawkins
17095,Jenna Holland
17096,Jenna Johnson
17097,Jenna Knapp
17098,Jenna Krause
17099,Jenna Larson
17100,Jenna Matthews
17101,Jenna Mcgee
17102,Jenna Moyer
17103,Jenna Phelps
17104,Jenna Porter
17105,Jenna Sanchez
17106,Jenna Scott
17107,Jenna Spencer
17108,Jenna Thomas
17109,Jenna Todd
17110,Jenna Walters
17111,Jenna Washington
17112,Jenna Webster
17113,Jenna Williams
17114,Jenna York
17115,Jenna Young
17116,Jennifer Acosta
17117,Jennifer Adams Md
17118,Jennifer Aguilar
17119,Jennifer Alexander
17120,Jennifer Allen
17121,Jennifer Alvarez
17122,Jennifer Anderson
17123,Jennifer Anderson Md
17124,Jennifer Andrews
17125,Jennifer Archer
17126,Jennifer Armstrong
17127,Jennifer Arnold
17128,Jennifer Bailey
17129,Jennifer Baird
17130,Jennifer Baker
17131,Jennifer Baldwin
17132,Jennifer Banks Md
17133,Jennifer Barker
17134,Jennifer Barnes
17135,Jennifer Barrera
17136,Jennifer Barton
17137,Jennifer Baxter
17138,Jennifer Becker
17139,Jennifer Bell
17140,Jennifer Bennett
17141,Jennifer Benson
17142,Jennifer Benton
17143,Jennifer Berg
17144,Jennifer Blake
17145,Jennifer Boone
17146,Jennifer Booth
17147,Jennifer Bowen
17148,Jennifer Bowman
17149,Jennifer Boyd
17150,Jennifer Boyle
17151,Jennifer Branch
17152,Jennifer Bray
17153,Jennifer Brewer
17154,Jennifer Bridges
17155,Jennifer Brock
17156,Jennifer Brooks
17157,Jennifer Brown
17158,Jennifer Brown Dds
17159,Jennifer Bryant
17160,Jennifer Burgess
17161,Jennifer Burton
17162,Jennifer Butler
17163,Jennifer Byrd
17164,Jennifer Campbell
17165,Jennifer Cannon
17166,Jennifer Carpenter
17167,Jennifer Carr
17168,Jennifer Carter
17169,Jennifer Case
17170,Jennifer Castro
17171,Jennifer Chambers
17172,Jennifer Chan
17173,Jennifer Chapman
17174,Jennifer Charles
17175,Jennifer Chen
17176,Jennifer Cherry
17177,Jennifer Clark
17178,Jennifer Clarke
17179,Jennifer Clay
17180,Jennifer Cobb
17181,Jennifer Cochran
17182,Jennifer Cohen
17183,Jennifer Coleman
17184,Jennifer Collins
17185,Jennifer Compton
17186,Jennifer Cook
17187,Jennifer Cooley
17188,Jennifer Cordova
17189,Jennifer Cox
17190,Jennifer Craig
17191,Jennifer Crawford
17192,Jennifer Cruz
17193,Jennifer Cunningham
17194,Jennifer Curtis
17195,Jennifer Dalton
17196,Jennifer Daniel
17197,Jennifer Davenport
17198,Jennifer David
17199,Jennifer Davis
17200,Jennifer Delgado Dds
17201,Jennifer Diaz
17202,Jennifer Dickerson
17203,Jennifer Dickson
17204,Jennifer Doyle
17205,Jennifer Duffy
17206,Jennifer Dunn
17207,Jennifer Dyer
17208,Jennifer Eaton
17209,Jennifer Edwards
17210,Jennifer Ellis
17211,Jennifer Erickson
17212,Jennifer Espinoza
17213,Jennifer Evans
17214,Jennifer Farrell
17215,Jennifer Ferguson
17216,Jennifer Fernandez
17217,Jennifer Figueroa
17218,Jennifer Fisher
17219,Jennifer Fitzgerald
17220,Jennifer Flores
17221,Jennifer Ford
17222,Jennifer Foster
17223,Jennifer Fowler
17224,Jennifer Fox
17225,Jennifer Francis
17226,Jennifer Freeman
17227,Jennifer French
17228,Jennifer Frye
17229,Jennifer Garcia
17230,Jennifer Gardner
17231,Jennifer Garza
17232,Jennifer George
17233,Jennifer Gibson
17234,Jennifer Gill
17235,Jennifer Gilmore
17236,Jennifer Gomez
17237,Jennifer Gonzales
17238,Jennifer Gonzalez
17239,Jennifer Gonzalez Phd
17240,Jennifer Goodwin
17241,Jennifer Gordon
17242,Jennifer Graham
17243,Jennifer Grant
17244,Jennifer Graves
17245,Jennifer Gray
17246,Jennifer Green
17247,Jennifer Greer
17248,Jennifer Griffin
17249,Jennifer Griffith
17250,Jennifer Guerra
17251,Jennifer Guerrero
17252,Jennifer Gutierrez
17253,Jennifer Haley
17254,Jennifer Hall
17255,Jennifer Hamilton
17256,Jennifer Hammond
17257,Jennifer Hansen
17258,Jennifer Hanson
17259,Jennifer Hardy
17260,Jennifer Harrington
17261,Jennifer Harris
17262,Jennifer Harrison
17263,Jennifer Hart
17264,Jennifer Hartman
17265,Jennifer Hayes
17266,Jennifer Haynes
17267,Jennifer Heath
17268,Jennifer Hebert
17269,Jennifer Henderson
17270,Jennifer Henry
17271,Jennifer Henson
17272,Jennifer Henson Dvm
17273,Jennifer Herman
17274,Jennifer Hernandez
17275,Jennifer Hickman
17276,Jennifer Hicks
17277,Jennifer Higgins
17278,Jennifer Hill
17279,Jennifer Ho Dds
17280,Jennifer Hodges
17281,Jennifer Holden
17282,Jennifer Holland
17283,Jennifer Holloway
17284,Jennifer Holloway Dds
17285,Jennifer Howard
17286,Jennifer Huber
17287,Jennifer Hull
17288,Jennifer Hunt
17289,Jennifer Hurley
17290,Jennifer Hurst
17291,Jennifer Jackson
17292,Jennifer Jacobs
17293,Jennifer Jacobson
17294,Jennifer Jarvis
17295,Jennifer Jenkins
17296,Jennifer Jennings
17297,Jennifer Jensen
17298,Jennifer Jimenez
17299,Jennifer Johnson
17300,Jennifer Johnson Dds
17301,Jennifer Johnston
17302,Jennifer Jones
17303,Jennifer Jordan
17304,Jennifer Juarez
17305,Jennifer Kaiser
17306,Jennifer Kelly
17307,Jennifer Kemp
17308,Jennifer Kennedy
17309,Jennifer Key
17310,Jennifer Kidd
17311,Jennifer Kim
17312,Jennifer King
17313,Jennifer Kirk
17314,Jennifer Kline
17315,Jennifer Knight
17316,Jennifer Lane
17317,Jennifer Larson
17318,Jennifer Le
17319,Jennifer Lee
17320,Jennifer Levy
17321,Jennifer Lewis
17322,Jennifer Li
17323,Jennifer Lin
17324,Jennifer Little
17325,Jennifer Liu
17326,Jennifer Long
17327,Jennifer Lopez
17328,Jennifer Lowe
17329,Jennifer Lyons
17330,Jennifer Mack
17331,Jennifer Mann
17332,Jennifer Manning
17333,Jennifer Marquez
17334,Jennifer Marsh
17335,Jennifer Marshall
17336,Jennifer Martin
17337,Jennifer Martinez
17338,Jennifer Mathews
17339,Jennifer May
17340,Jennifer Mayer
17341,Jennifer Maynard
17342,Jennifer Mccall
17343,Jennifer Mccarthy
17344,Jennifer Mcclure
17345,Jennifer Mccormick
17346,Jennifer Mcdonald
17347,Jennifer Mcgee
17348,Jennifer Mckinney
17349,Jennifer Mcpherson
17350,Jennifer Meadows
17351,Jennifer Melendez
17352,Jennifer Mendez
17353,Jennifer Mendez Dds
17354,Jennifer Mercer
17355,Jennifer Michael
17356,Jennifer Miller
17357,Jennifer Mitchell
17358,Jennifer Moore
17359,Jennifer Morales
17360,Jennifer Morgan
17361,Jennifer Morris
17362,Jennifer Morrow
17363,Jennifer Moss
17364,Jennifer Mueller
17365,Jennifer Mullins
17366,Jennifer Munoz
17367,Jennifer Myers
17368,Jennifer Nelson
17369,Jennifer Newman
17370,Jennifer Newton
17371,Jennifer Nguyen
17372,Jennifer Nichols
17373,Jennifer Nicholson
17374,Jennifer Nolan
17375,Jennifer Norman
17376,Jennifer Norris
17377,Jennifer Norton
17378,Jennifer Obrien
17379,Jennifer Odonnell
17380,Jennifer Olsen
17381,Jennifer Oneal
17382,Jennifer Oneill
17383,Jennifer Ortiz
17384,Jennifer Ortiz Md
17385,Jennifer Palmer
17386,Jennifer Parsons
17387,Jennifer Patterson
17388,Jennifer Paul
17389,Jennifer Perez
17390,Jennifer Perry
17391,Jennifer Peters
17392,Jennifer Petersen
17393,Jennifer Peterson
17394,Jennifer Petty
17395,Jennifer Phillips
17396,Jennifer Pittman
17397,Jennifer Pope
17398,Jennifer Powell
17399,Jennifer Prince
17400,Jennifer Pruitt
17401,Jennifer Ramirez
17402,Jennifer Ramos
17403,Jennifer Ramsey
17404,Jennifer Randolph
17405,Jennifer Ray
17406,Jennifer Raymond
17407,Jennifer Reed
17408,Jennifer Reese
17409,Jennifer Reeves Dds
17410,Jennifer Reid
17411,Jennifer Reyes
17412,Jennifer Reynolds
17413,Jennifer Rice
17414,Jennifer Richardson
17415,Jennifer Rios
17416,Jennifer Rivera
17417,Jennifer Roach
17418,Jennifer Roberts
17419,Jennifer Robinson
17420,Jennifer Rocha
17421,Jennifer Rodriguez
17422,Jennifer Rogers
17423,Jennifer Rollins
17424,Jennifer Ross
17425,Jennifer Ruiz
17426,Jennifer Russell
17427,Jennifer Salazar Dds
17428,Jennifer Salinas
17429,Jennifer Sanders
17430,Jennifer Santana
17431,Jennifer Saunders
17432,Jennifer Schaefer
17433,Jennifer Schmitt
17434,Jennifer Schneider
17435,Jennifer Schroeder
17436,Jennifer Scott
17437,Jennifer Sharp
17438,Jennifer Shaw
17439,Jennifer Sheppard
17440,Jennifer Simmons
17441,Jennifer Simpson
17442,Jennifer Sims
17443,Jennifer Singleton
17444,Jennifer Smith
17445,Jennifer Smith Md
17446,Jennifer Snow
17447,Jennifer Snyder
17448,Jennifer Soto
17449,Jennifer Spence
17450,Jennifer Spencer Md
17451,Jennifer Steele
17452,Jennifer Stein
17453,Jennifer Stephens
17454,Jennifer Stevens
17455,Jennifer Stevenson
17456,Jennifer Stewart
17457,Jennifer Stone
17458,Jennifer Suarez
17459,Jennifer Sullivan
17460,Jennifer Sutton
17461,Jennifer Swanson
17462,Jennifer Sweeney
17463,Jennifer Taylor
17464,Jennifer Terrell
17465,Jennifer Thomas
17466,Jennifer Thompson
17467,Jennifer Torres
17468,Jennifer Travis
17469,Jennifer Turner
17470,Jennifer Underwood
17471,Jennifer Valencia
17472,Jennifer Vargas
17473,Jennifer Vega
17474,Jennifer Villanueva
17475,Jennifer Vincent
17476,Jennifer Wagner
17477,Jennifer Walker
17478,Jennifer Wallace
17479,Jennifer Walsh
17480,Jennifer Walters
17481,Jennifer Wang
17482,Jennifer Ward
17483,Jennifer Warner Dvm
17484,Jennifer Watson
17485,Jennifer Weaver
17486,Jennifer Webster
17487,Jennifer Wells
17488,Jennifer Werner
17489,Jennifer Wheeler
17490,Jennifer Whitaker
17491,Jennifer White
17492,Jennifer Williams
17493,Jennifer Williams Dvm
17494,Jennifer Willis
17495,Jennifer Wilson
17496,Jennifer Wilson Phd
17497,Jennifer Winters
17498,Jennifer Wood
17499,Jennifer Wright
17500,Jennifer Young
17501,Jennifer Zimmerman
17502,Jenny Brown
17503,Jenny Chaney
17504,Jenny Cruz
17505,Jenny Elliott
17506,Jenny Flores
17507,Jenny Gibson
17508,Jenny Gilbert
17509,Jenny Griffith
17510,Jenny Hall
17511,Jenny Harris
17512,Jenny Howard
17513,Jenny Johnson
17514,Jenny Kennedy
17515,Jenny Knight
17516,Jenny Lee
17517,Jenny Lopez
17518,Jenny Meyer
17519,Jenny Moore
17520,Jenny Morris
17521,Jenny Rice
17522,Jenny Roman
17523,Jenny Sanchez
17524,Jenny Stevens
17525,Jenny Thomas
17526,Jenny Thompson
17527,Jenny Williams
17528,Jeremiah Alexander
17529,Jeremiah Anderson
17530,Jeremiah Bender
17531,Jeremiah Benjamin
17532,Jeremiah Booker
17533,Jeremiah Booth
17534,Jeremiah Crane
17535,Jeremiah Davis
17536,Jeremiah Grimes
17537,Jeremiah Haas
17538,Jeremiah Haley
17539,Jeremiah Huber
17540,Jeremiah Hughes
17541,Jeremiah Jackson
17542,Jeremiah Lopez
17543,Jeremiah Mejia
17544,Jeremiah Mitchell
17545,Jeremiah Moore
17546,Jeremiah Moreno
17547,Jeremiah Morris
17548,Jeremiah Nelson
17549,Jeremiah Nunez
17550,Jeremiah Roberson
17551,Jeremiah Rodgers
17552,Jeremiah Rogers
17553,Jeremiah Simpson
17554,Jeremiah Smith
17555,Jeremiah Tran
17556,Jeremiah Wolf
17557,Jeremy Adams
17558,Jeremy Aguilar
17559,Jeremy Allen
17560,Jeremy Anderson
17561,Jeremy Andrews
17562,Jeremy Austin
17563,Jeremy Baker
17564,Jeremy Ball
17565,Jeremy Barber
17566,Jeremy Beck
17567,Jeremy Bell
17568,Jeremy Benitez
17569,Jeremy Blake
17570,Jeremy Booth
17571,Jeremy Brandt
17572,Jeremy Bryan
17573,Jeremy Caldwell
17574,Jeremy Cameron
17575,Jeremy Cannon
17576,Jeremy Carney
17577,Jeremy Charles
17578,Jeremy Chase
17579,Jeremy Chavez
17580,Jeremy Christian
17581,Jeremy Cox
17582,Jeremy Crawford
17583,Jeremy Cruz
17584,Jeremy Curtis
17585,Jeremy Davis
17586,Jeremy Dean
17587,Jeremy Donovan
17588,Jeremy Douglas
17589,Jeremy Edwards
17590,Jeremy Fernandez
17591,Jeremy Foster
17592,Jeremy Fox
17593,Jeremy Garcia
17594,Jeremy Garrison
17595,Jeremy Golden
17596,Jeremy Gomez
17597,Jeremy Gross
17598,Jeremy Gutierrez
17599,Jeremy Guzman
17600,Jeremy Hall
17601,Jeremy Hamilton
17602,Jeremy Hardin
17603,Jeremy Hays
17604,Jeremy Henderson
17605,Jeremy Hernandez
17606,Jeremy Hicks
17607,Jeremy Hill
17608,Jeremy Hodges
17609,Jeremy Hughes
17610,Jeremy Hull
17611,Jeremy Hunt
17612,Jeremy Hunter
17613,Jeremy Jackson
17614,Jeremy Jenkins
17615,Jeremy Johnson
17616,Jeremy Jones
17617,Jeremy Jordan
17618,Jeremy Joseph
17619,Jeremy Kelley
17620,Jeremy Kelly
17621,Jeremy Khan
17622,Jeremy Kim
17623,Jeremy King
17624,Jeremy Kramer
17625,Jeremy Leach
17626,Jeremy Lewis
17627,Jeremy Livingston
17628,Jeremy Long
17629,Jeremy Mack
17630,Jeremy Manning
17631,Jeremy Martinez
17632,Jeremy Mcmillan
17633,Jeremy Miller
17634,Jeremy Morales
17635,Jeremy Moran
17636,Jeremy Morgan
17637,Jeremy Murray
17638,Jeremy Murray Jr.
17639,Jeremy Myers
17640,Jeremy Nelson
17641,Jeremy Norton
17642,Jeremy Ochoa
17643,Jeremy Oconnell
17644,Jeremy Oliver
17645,Jeremy Orozco
17646,Jeremy Ortiz
17647,Jeremy Palmer
17648,Jeremy Parker
17649,Jeremy Pena
17650,Jeremy Perez
17651,Jeremy Petersen
17652,Jeremy Potts
17653,Jeremy Powell
17654,Jeremy Rhodes
17655,Jeremy Richards
17656,Jeremy Richardson
17657,Jeremy Rodriguez
17658,Jeremy Rowe
17659,Jeremy Sanchez
17660,Jeremy Santos
17661,Jeremy Simpson
17662,Jeremy Singh
17663,Jeremy Smith
17664,Jeremy Spence
17665,Jeremy Stevens
17666,Jeremy Stout
17667,Jeremy Strong
17668,Jeremy Sutton
17669,Jeremy Taylor
17670,Jeremy Thompson
17671,Jeremy Torres
17672,Jeremy Tran
17673,Jeremy Tucker
17674,Jeremy Valdez
17675,Jeremy Vargas
17676,Jeremy Vaughn
17677,Jeremy Waters
17678,Jeremy Wells
17679,Jeremy Wheeler
17680,Jeremy Whitney
17681,Jeremy Williams
17682,Jeremy Wilson
17683,Jeremy Wolf
17684,Jeremy Wright
17685,Jermaine Bell
17686,Jermaine Brooks
17687,Jermaine Espinoza
17688,Jermaine Ewing
17689,Jermaine Greer
17690,Jermaine Hamilton
17691,Jermaine Juarez
17692,Jermaine Lester
17693,Jermaine Lucas
17694,Jermaine Peters
17695,Jermaine Spears
17696,Jermaine Sullivan
17697,Jerome Adams
17698,Jerome Armstrong Phd
17699,Jerome Barnes
17700,Jerome Brown
17701,Jerome Clements
17702,Jerome Dalton
17703,Jerome Fowler
17704,Jerome Garcia
17705,Jerome Graves
17706,Jerome Hall
17707,Jerome Luna
17708,Jerome Mckay
17709,Jerome Morrison
17710,Jerome Patterson
17711,Jerome Richards
17712,Jerome Shannon
17713,Jerome Spears
17714,Jerome Torres
17715,Jerome Townsend
17716,Jerome Travis
17717,Jerome Trujillo
17718,Jerome Waters
17719,Jerry Adams
17720,Jerry Atkinson
17721,Jerry Barron Dds
17722,Jerry Blair
17723,Jerry Blake
17724,Jerry Brown
17725,Jerry Bryant
17726,Jerry Cameron
17727,Jerry Campbell
17728,Jerry Chavez
17729,Jerry Clarke
17730,Jerry Cook
17731,Jerry Davis
17732,Jerry Decker
17733,Jerry Farley
17734,Jerry Fisher
17735,Jerry Foley Jr.
17736,Jerry Foster
17737,Jerry Garcia
17738,Jerry George
17739,Jerry Gillespie
17740,Jerry Hardy
17741,Jerry Harris
17742,Jerry Hicks
17743,Jerry Hinton
17744,Jerry Ho
17745,Jerry Hopkins
17746,Jerry Howard
17747,Jerry Jackson
17748,Jerry Jimenez
17749,Jerry Johnston Dvm
17750,Jerry King
17751,Jerry Lopez
17752,Jerry Lutz
17753,Jerry Mathews
17754,Jerry Mccoy
17755,Jerry Mcgrath
17756,Jerry Meyer
17757,Jerry Miller
17758,Jerry Miranda
17759,Jerry Mitchell
17760,Jerry Morales
17761,Jerry Murray
17762,Jerry Nelson
17763,Jerry Nguyen
17764,Jerry Osborne
17765,Jerry Patel
17766,Jerry Patterson
17767,Jerry Payne
17768,Jerry Peters
17769,Jerry Ray
17770,Jerry Rice
17771,Jerry Richardson
17772,Jerry Riley
17773,Jerry Rodgers
17774,Jerry Rodriguez
17775,Jerry Rosales
17776,Jerry Stevens
17777,Jerry Taylor
17778,Jerry Thompson
17779,Jerry Tyler
17780,Jerry Villanueva
17781,Jerry Walker
17782,Jerry Waller
17783,Jerry Ward
17784,Jerry Weber
17785,Jerry White
17786,Jerry Wilkerson
17787,Jerry Wilson
17788,Jerry Wu
17789,Jerry Yang
17790,Jerry Young
17791,Jesse Aguilar
17792,Jesse Allen
17793,Jesse Allison
17794,Jesse Baker
17795,Jesse Becker
17796,Jesse Bennett
17797,Jesse Bradley
17798,Jesse Brown
17799,Jesse Carey
17800,Jesse Carlson
17801,Jesse Carrillo
17802,Jesse Carter
17803,Jesse Cervantes
17804,Jesse Cohen
17805,Jesse Collins
17806,Jesse Combs
17807,Jesse Crawford
17808,Jesse Davis
17809,Jesse Edwards
17810,Jesse English
17811,Jesse Escobar
17812,Jesse Evans
17813,Jesse Flowers
17814,Jesse Ford
17815,Jesse Fox
17816,Jesse Garcia
17817,Jesse Gonzalez
17818,Jesse Greer
17819,Jesse Hamilton
17820,Jesse Hart
17821,Jesse Hebert
17822,Jesse Hill
17823,Jesse Holland
17824,Jesse Irwin
17825,Jesse Johnson
17826,Jesse Jones
17827,Jesse King
17828,Jesse Klein
17829,Jesse Lambert
17830,Jesse Lee
17831,Jesse Lopez
17832,Jesse Martin
17833,Jesse Mcgee
17834,Jesse Montoya
17835,Jesse Moore
17836,Jesse Mosley
17837,Jesse Mullins
17838,Jesse Navarro
17839,Jesse Nelson
17840,Jesse Newman
17841,Jesse Owen
17842,Jesse Palmer
17843,Jesse Park
17844,Jesse Parker
17845,Jesse Pearson
17846,Jesse Pennington
17847,Jesse Peters
17848,Jesse Phillips
17849,Jesse Pineda
17850,Jesse Ramsey
17851,Jesse Reyes
17852,Jesse Rodriguez Dds
17853,Jesse Russell
17854,Jesse Sanchez
17855,Jesse Schroeder
17856,Jesse Shea
17857,Jesse Simpson
17858,Jesse Singh
17859,Jesse Soto
17860,Jesse Stevens
17861,Jesse Sullivan
17862,Jesse Thomas
17863,Jesse Thompson
17864,Jesse Vincent
17865,Jesse Walker
17866,Jesse Walls
17867,Jesse Wang
17868,Jesse Waters
17869,Jesse Webster
17870,Jesse Welch
17871,Jesse Wells
17872,Jesse West
17873,Jesse Wilcox
17874,Jesse Wiley
17875,Jesse Williams
17876,Jesse Wilson
17877,Jesse Wolfe
17878,Jesse Woods
17879,Jessica Acosta
17880,Jessica Alexander
17881,Jessica Allen
17882,Jessica Allison
17883,Jessica Anderson
17884,Jessica Anderson Md
17885,Jessica Armstrong
17886,Jessica Arnold
17887,Jessica Barnes
17888,Jessica Barnett
17889,Jessica Barr
17890,Jessica Barry
17891,Jessica Bates
17892,Jessica Beard
17893,Jessica Becker
17894,Jessica Bell
17895,Jessica Berg
17896,Jessica Berry
17897,Jessica Best
17898,Jessica Black
17899,Jessica Blackwell
17900,Jessica Bond
17901,Jessica Bowen
17902,Jessica Brady
17903,Jessica Braun
17904,Jessica Bray Dds
17905,Jessica Brock
17906,Jessica Brooks
17907,Jessica Brown
17908,Jessica Browning
17909,Jessica Bruce Md
17910,Jessica Bryant
17911,Jessica Burns
17912,Jessica Butler
17913,Jessica Byrd
17914,Jessica Caldwell
17915,Jessica Carey
17916,Jessica Carlson
17917,Jessica Carpenter
17918,Jessica Carr
17919,Jessica Carrillo
17920,Jessica Carroll
17921,Jessica Carter
17922,Jessica Carter Md
17923,Jessica Case
17924,Jessica Castillo
17925,Jessica Chaney
17926,Jessica Chavez
17927,Jessica Chung
17928,Jessica Clark
17929,Jessica Clements
17930,Jessica Cohen
17931,Jessica Coleman
17932,Jessica Collins
17933,Jessica Conrad
17934,Jessica Contreras
17935,Jessica Conway
17936,Jessica Cook
17937,Jessica Cooper
17938,Jessica Cox
17939,Jessica Crawford
17940,Jessica Cruz
17941,Jessica Cunningham
17942,Jessica Curtis
17943,Jessica Daniel
17944,Jessica Davidson
17945,Jessica Davis
17946,Jessica Dean
17947,Jessica Delgado
17948,Jessica Diaz
17949,Jessica Douglas
17950,Jessica Duffy
17951,Jessica Dunn
17952,Jessica Duran
17953,Jessica Eaton
17954,Jessica Estrada
17955,Jessica Evans
17956,Jessica Evans Dds
17957,Jessica Faulkner
17958,Jessica Fields
17959,Jessica Fischer
17960,Jessica Fisher
17961,Jessica Fowler
17962,Jessica Frank
17963,Jessica Frey
17964,Jessica Garcia
17965,Jessica Gardner
17966,Jessica Garrett
17967,Jessica Gates
17968,Jessica Gilbert
17969,Jessica Giles
17970,Jessica Gill
17971,Jessica Gillespie
17972,Jessica Gomez
17973,Jessica Gonzalez
17974,Jessica Goodman
17975,Jessica Goodwin
17976,Jessica Gordon
17977,Jessica Gray
17978,Jessica Green
17979,Jessica Guerrero
17980,Jessica Hall
17981,Jessica Hamilton
17982,Jessica Hammond
17983,Jessica Hanson
17984,Jessica Hardy
17985,Jessica Harper
17986,Jessica Harrison
17987,Jessica Hart
17988,Jessica Hawkins
17989,Jessica Hayes
17990,Jessica Hays
17991,Jessica Henderson
17992,Jessica Hernandez
17993,Jessica Herrera
17994,Jessica Herring
17995,Jessica Hess
17996,Jessica Hickman
17997,Jessica Hill
17998,Jessica Ho
17999,Jessica Hoffman Phd
18000,Jessica Holden
18001,Jessica Howe
18002,Jessica Hudson
18003,Jessica Huffman
18004,Jessica Hunter
18005,Jessica Hurley
18006,Jessica Hurst
18007,Jessica Jackson
18008,Jessica James
18009,Jessica Jenkins
18010,Jessica Jimenez
18011,Jessica Johnson
18012,Jessica Johnston
18013,Jessica Jones
18014,Jessica Jordan
18015,Jessica Keller
18016,Jessica Kelly
18017,Jessica King
18018,Jessica Kirby
18019,Jessica Knox
18020,Jessica Kramer
18021,Jessica Lane
18022,Jessica Lawrence
18023,Jessica Lawson
18024,Jessica Le
18025,Jessica Leach
18026,Jessica Leblanc
18027,Jessica Lee
18028,Jessica Lee Dds
18029,Jessica Leon
18030,Jessica Leonard
18031,Jessica Lewis
18032,Jessica Lindsey
18033,Jessica Livingston
18034,Jessica Lopez
18035,Jessica Macdonald
18036,Jessica Mack
18037,Jessica Mahoney
18038,Jessica Maldonado
18039,Jessica Marshall
18040,Jessica Martin
18041,Jessica Martinez
18042,Jessica Martinez Dds
18043,Jessica Maxwell
18044,Jessica May
18045,Jessica Maynard
18046,Jessica Mcbride
18047,Jessica Mcconnell
18048,Jessica Mccormick
18049,Jessica Mcdowell
18050,Jessica Mcfarland
18051,Jessica Mcguire
18052,Jessica Mcmillan
18053,Jessica Mejia
18054,Jessica Mercer
18055,Jessica Merritt
18056,Jessica Meyer
18057,Jessica Miller
18058,Jessica Mitchell
18059,Jessica Montgomery
18060,Jessica Montoya
18061,Jessica Moody
18062,Jessica Moon
18063,Jessica Mooney
18064,Jessica Moore
18065,Jessica Morales
18066,Jessica Moreno
18067,Jessica Morgan
18068,Jessica Morris
18069,Jessica Moyer
18070,Jessica Mullins
18071,Jessica Munoz
18072,Jessica Murphy
18073,Jessica Murray
18074,Jessica Neal
18075,Jessica Nguyen
18076,Jessica Nixon
18077,Jessica Oliver
18078,Jessica Oneill
18079,Jessica Orozco
18080,Jessica Ortiz
18081,Jessica Page
18082,Jessica Park
18083,Jessica Parker
18084,Jessica Parks Md
18085,Jessica Parrish
18086,Jessica Patel
18087,Jessica Patrick
18088,Jessica Patterson
18089,Jessica Paul
18090,Jessica Pearson
18091,Jessica Perez
18092,Jessica Perkins
18093,Jessica Perry
18094,Jessica Peters
18095,Jessica Peterson
18096,Jessica Petty
18097,Jessica Phillips
18098,Jessica Pollard
18099,Jessica Porter
18100,Jessica Powers
18101,Jessica Pratt
18102,Jessica Ramirez
18103,Jessica Ramsey
18104,Jessica Rangel
18105,Jessica Reed
18106,Jessica Reeves
18107,Jessica Reilly
18108,Jessica Reyes
18109,Jessica Richards
18110,Jessica Riley
18111,Jessica Rios Phd
18112,Jessica Rivera
18113,Jessica Roberson
18114,Jessica Roberts
18115,Jessica Robertson
18116,Jessica Robinson
18117,Jessica Rocha
18118,Jessica Rodriguez
18119,Jessica Rogers
18120,Jessica Rojas
18121,Jessica Romero
18122,Jessica Rosario
18123,Jessica Russell
18124,Jessica Russell Md
18125,Jessica Russo
18126,Jessica Salinas
18127,Jessica Sanchez
18128,Jessica Santana
18129,Jessica Santiago
18130,Jessica Schaefer
18131,Jessica Schmidt
18132,Jessica Schroeder
18133,Jessica Schultz
18134,Jessica Schwartz
18135,Jessica Scott
18136,Jessica Sellers
18137,Jessica Sharp
18138,Jessica Shelton Md
18139,Jessica Shepherd
18140,Jessica Shields
18141,Jessica Short
18142,Jessica Simpson
18143,Jessica Smith
18144,Jessica Snyder
18145,Jessica Sparks
18146,Jessica Spencer
18147,Jessica Stanley
18148,Jessica Steele
18149,Jessica Stevens
18150,Jessica Stewart
18151,Jessica Stokes
18152,Jessica Taylor
18153,Jessica Terry
18154,Jessica Thomas
18155,Jessica Thompson
18156,Jessica Tran
18157,Jessica Turner
18158,Jessica Tyler
18159,Jessica Underwood
18160,Jessica Vasquez
18161,Jessica Villarreal
18162,Jessica Wagner
18163,Jessica Walker
18164,Jessica Wallace
18165,Jessica Walton
18166,Jessica Warner
18167,Jessica Washington
18168,Jessica Waters
18169,Jessica Watkins
18170,Jessica Watson
18171,Jessica Watts
18172,Jessica Weaver
18173,Jessica Weber
18174,Jessica Weeks
18175,Jessica Weiss
18176,Jessica Wells
18177,Jessica Werner
18178,Jessica White
18179,Jessica Whitney
18180,Jessica Wilkinson
18181,Jessica Williams
18182,Jessica Wilson
18183,Jessica Wood
18184,Jessica Young
18185,Jessica Zamora
18186,Jesus Bennett
18187,Jesus Calderon
18188,Jesus Chan
18189,Jesus Cunningham
18190,Jesus Ferrell
18191,Jesus Flores
18192,Jesus Garrison
18193,Jesus Hanson
18194,Jesus Harrison
18195,Jesus Hensley
18196,Jesus Holmes Md
18197,Jesus Howard
18198,Jesus Jackson
18199,Jesus Jenkins
18200,Jesus Jordan
18201,Jesus Lee
18202,Jesus Lewis
18203,Jesus Lindsey
18204,Jesus Mahoney
18205,Jesus Mcgee
18206,Jesus Meyer
18207,Jesus Miranda
18208,Jesus Mitchell
18209,Jesus Moore
18210,Jesus Olson
18211,Jesus Phelps
18212,Jesus Prince
18213,Jesus Robertson
18214,Jesus Rogers
18215,Jesus Smith
18216,Jesus Taylor
18217,Jesus Velasquez
18218,Jesus Wagner
18219,Jesus Washington
18220,Jesus Young
18221,Jesus Zhang
18222,Jill Allen
18223,Jill Andrews
18224,Jill Arellano
18225,Jill Bailey
18226,Jill Barrett
18227,Jill Beck
18228,Jill Brady
18229,Jill Brock
18230,Jill Brown
18231,Jill Campbell
18232,Jill Casey
18233,Jill Chang
18234,Jill Coleman
18235,Jill Cunningham
18236,Jill David
18237,Jill Deleon
18238,Jill Dickson
18239,Jill Duran
18240,Jill Edwards
18241,Jill Ford
18242,Jill Gonzalez
18243,Jill Green
18244,Jill Hall
18245,Jill Harvey
18246,Jill Herrera
18247,Jill Holmes
18248,Jill Howard
18249,Jill Huang
18250,Jill Humphrey
18251,Jill Jacobson
18252,Jill James
18253,Jill Johnson
18254,Jill Juarez
18255,Jill King
18256,Jill Lee Dvm
18257,Jill Mcgrath
18258,Jill Middleton
18259,Jill Moore
18260,Jill Mullen Md
18261,Jill Munoz
18262,Jill Neal
18263,Jill Nelson
18264,Jill Odom
18265,Jill Perry
18266,Jill Peterson
18267,Jill Pham
18268,Jill Ramirez
18269,Jill Robertson
18270,Jill Robinson
18271,Jill Rodriguez Md
18272,Jill Russell
18273,Jill Schneider
18274,Jill Schultz
18275,Jill Scott
18276,Jill Sellers
18277,Jill Smith
18278,Jill Snyder
18279,Jill Sullivan
18280,Jill Thompson
18281,Jill Turner
18282,Jill Underwood
18283,Jill Wagner
18284,Jill Wall
18285,Jill Wilcox
18286,Jill Williams
18287,Jill Wright
18288,Jill Young
18289,Jillian Baker
18290,Jillian Bauer
18291,Jillian Booth
18292,Jillian Bowman
18293,Jillian Buck
18294,Jillian Cook
18295,Jillian Garrett
18296,Jillian Hall
18297,Jillian Johnson
18298,Jillian Jones
18299,Jillian Lamb
18300,Jillian Landry
18301,Jillian Page
18302,Jillian Ramos
18303,Jillian Reynolds
18304,Jillian Rios
18305,Jillian Taylor
18306,Jillian Watts
18307,Jillian Welch
18308,Jim Barnes
18309,Jim Coleman
18310,Jim Cuevas
18311,Jim Fields Jr.
18312,Jim Garcia
18313,Jim Gilbert
18314,Jim Gray
18315,Jim Hamilton
18316,Jim Harris
18317,Jim Li
18318,Jim Turner
18319,Jimmy Acosta
18320,Jimmy Anderson
18321,Jimmy Brooks
18322,Jimmy Brown
18323,Jimmy Carlson
18324,Jimmy Clay
18325,Jimmy Conley
18326,Jimmy Cross
18327,Jimmy Garcia
18328,Jimmy Garner
18329,Jimmy Hall
18330,Jimmy Hill
18331,Jimmy Holder
18332,Jimmy Jacobson
18333,Jimmy James
18334,Jimmy Jensen
18335,Jimmy King
18336,Jimmy Lee
18337,Jimmy Lopez
18338,Jimmy Marshall
18339,Jimmy Martinez
18340,Jimmy Mccullough
18341,Jimmy Morales
18342,Jimmy Moreno
18343,Jimmy Neal
18344,Jimmy Ortega
18345,Jimmy Patel
18346,Jimmy Perry
18347,Jimmy Rhodes
18348,Jimmy Savage
18349,Jimmy Scott
18350,Jimmy Sloan
18351,Jimmy Smith
18352,Jimmy Stewart
18353,Jimmy Vasquez
18354,Jimmy Vazquez
18355,Jimmy Walker
18356,Jimmy Webb
18357,Jimmy Webster
18358,Jimmy Williams
18359,Jimmy Wise
18360,Jo Barnes
18361,Jo Donaldson
18362,Jo Green
18363,Jo Hansen
18364,Jo Mitchell
18365,Jo Nelson
18366,Jo Reyes
18367,Jo Rivera
18368,Jo Simpson
18369,Jo Steele
18370,Jo Stuart
18371,Jo Taylor
18372,Joan Adams
18373,Joan Austin
18374,Joan Davis
18375,Joan Gay
18376,Joan Gonzalez
18377,Joan Henderson
18378,Joan Holloway
18379,Joan Jackson
18380,Joan Kim
18381,Joan Little
18382,Joan Martin
18383,Joan Mccarty
18384,Joan Moore
18385,Joan Peters
18386,Joan Petty
18387,Joan Quinn
18388,Joan Rivera
18389,Joan Rocha
18390,Joan Russell
18391,Joan Singleton
18392,Joan Steele
18393,Joan Valenzuela
18394,Joan Villegas
18395,Joan Washington
18396,Joan West
18397,Joan White
18398,Joan Wilson
18399,Joann Anderson
18400,Joann Bryant
18401,Joann Campbell
18402,Joann Ellis
18403,Joann Gilbert
18404,Joann Harris
18405,Joann Hunter
18406,Joann Marshall
18407,Joann Ortiz
18408,Joann Stevens
18409,Joann Valenzuela
18410,Joann Williams
18411,Joanna Aguirre
18412,Joanna Anderson
18413,Joanna Beasley
18414,Joanna Blake
18415,Joanna Brown
18416,Joanna Castillo
18417,Joanna Ellis
18418,Joanna Flores
18419,Joanna Glover Md
18420,Joanna Gonzales
18421,Joanna Hill
18422,Joanna Johnson
18423,Joanna Jones
18424,Joanna Matthews
18425,Joanna Park
18426,Joanna Parker
18427,Joanna Randall
18428,Joanna Reyes
18429,Joanna Richardson
18430,Joanna Salazar
18431,Joanna Smith
18432,Joanna Williams
18433,Joanna Young
18434,Joanne Alexander
18435,Joanne Armstrong
18436,Joanne Barrera
18437,Joanne Bates
18438,Joanne Cameron
18439,Joanne Estrada
18440,Joanne Fisher
18441,Joanne Griffin
18442,Joanne Hebert
18443,Joanne Hines
18444,Joanne Johnson
18445,Joanne Jones
18446,Joanne Levy
18447,Joanne Morgan
18448,Joanne Nelson
18449,Joanne Nichols
18450,Joanne Pearson
18451,Joanne Powell
18452,Joanne Sanders
18453,Joanne Short
18454,Joanne White
18455,Jocelyn Adams
18456,Jocelyn Hobbs
18457,Jocelyn Keith
18458,Jocelyn Knox
18459,Jocelyn Mccormick
18460,Jocelyn Rivers Md
18461,Jocelyn Smith
18462,Jocelyn Wright
18463,Jodi Allen
18464,Jodi Andrade
18465,Jodi Bates
18466,Jodi Bennett
18467,Jodi Brewer
18468,Jodi Brooks
18469,Jodi Brown
18470,Jodi Choi
18471,Jodi Contreras
18472,Jodi Dixon
18473,Jodi Flores
18474,Jodi Garcia
18475,Jodi Harris
18476,Jodi Hernandez
18477,Jodi Huffman
18478,Jodi James
18479,Jodi Lee
18480,Jodi Mcmahon
18481,Jodi Morgan
18482,Jodi Nielsen
18483,Jodi Parker
18484,Jodi Perez
18485,Jodi Reeves
18486,Jodi Rivera
18487,Jodi Sanchez
18488,Jodi Sanford
18489,Jodi Smith
18490,Jodi Stanton
18491,Jodi Valdez
18492,Jodi Wells
18493,Jodi Williams
18494,Jody Barber
18495,Jody Chase Dvm
18496,Jody Daniel
18497,Jody Ford
18498,Jody Henderson
18499,Jody Lopez
18500,Jody Norman
18501,Jody Pope
18502,Jody Ruiz
18503,Jody Villa
18504,Jody Williams
18505,Jody Wolf
18506,Joe Anderson
18507,Joe Bates
18508,Joe Beasley
18509,Joe Bennett
18510,Joe Bowman
18511,Joe Bradford
18512,Joe Burnett
18513,Joe Castro
18514,Joe Curry
18515,Joe Diaz
18516,Joe Edwards
18517,Joe Elliott
18518,Joe Freeman
18519,Joe Gallagher
18520,Joe Garcia
18521,Joe Hernandez
18522,Joe Hicks
18523,Joe Jacobs Dvm
18524,Joe Johnson
18525,Joe Johnston
18526,Joe Kim
18527,Joe Lamb
18528,Joe Lee
18529,Joe Maldonado
18530,Joe May
18531,Joe Meyer
18532,Joe Mora
18533,Joe Myers
18534,Joe Park
18535,Joe Pham
18536,Joe Reynolds
18537,Joe Richmond
18538,Joe Rivera
18539,Joe Russell
18540,Joe Santiago
18541,Joe Thomas
18542,Joe Ward
18543,Joe Warner
18544,Joe Weeks
18545,Joe Wells
18546,Joe Wiggins Dds
18547,Joel Alvarez
18548,Joel Armstrong
18549,Joel Barnes
18550,Joel Bennett
18551,Joel Bernard
18552,Joel Cannon
18553,Joel Castillo
18554,Joel Christensen
18555,Joel Clark
18556,Joel Collins
18557,Joel Dominguez
18558,Joel Duke
18559,Joel Freeman
18560,Joel Fuller
18561,Joel Garcia
18562,Joel Gardner
18563,Joel Gay
18564,Joel Gonzalez
18565,Joel Griffin
18566,Joel Gutierrez
18567,Joel Higgins
18568,Joel Howard
18569,Joel Howell
18570,Joel Hubbard
18571,Joel Hunter
18572,Joel Jackson
18573,Joel James
18574,Joel Johnson
18575,Joel Jones
18576,Joel Lewis
18577,Joel Massey
18578,Joel Mccormick
18579,Joel Miller
18580,Joel Moss
18581,Joel Mueller
18582,Joel Nelson
18583,Joel Olsen
18584,Joel Rice
18585,Joel Riley
18586,Joel Rodriguez
18587,Joel Smith
18588,Joel Stewart
18589,Joel Sullivan
18590,Joel Torres
18591,Joel Turner
18592,Joel Villanueva
18593,Joel Vincent
18594,Joel Wall
18595,Joel Wilson
18596,Joel Woods
18597,Joel Zimmerman
18598,John Adams
18599,John Adams Md
18600,John Adkins
18601,John Aguilar
18602,John Allen
18603,John Allison
18604,John Anderson
18605,John Arellano
18606,John Armstrong
18607,John Arnold
18608,John Atkins
18609,John Atkinson
18610,John Austin
18611,John Avila
18612,John Ayers
18613,John Bailey
18614,John Baker
18615,John Barber
18616,John Barker
18617,John Barnes
18618,John Barnett
18619,John Bates
18620,John Beard
18621,John Beck
18622,John Bell
18623,John Benitez
18624,John Benjamin
18625,John Bennett
18626,John Benton
18627,John Berg
18628,John Berry
18629,John Bishop
18630,John Black
18631,John Blackwell
18632,John Blair
18633,John Blanchard
18634,John Booth
18635,John Bradley
18636,John Bray
18637,John Brennan
18638,John Brewer
18639,John Brock
18640,John Brooks
18641,John Brown
18642,John Brown Md
18643,John Bryan
18644,John Bryant
18645,John Bullock
18646,John Burch
18647,John Burgess
18648,John Burnett
18649,John Bush
18650,John Butler
18651,John Byrd
18652,John Cain
18653,John Cameron
18654,John Campbell
18655,John Carpenter
18656,John Carr
18657,John Carrillo
18658,John Carroll
18659,John Casey
18660,John Castillo
18661,John Castro
18662,John Chambers
18663,John Chandler
18664,John Chapman
18665,John Chavez
18666,John Cherry
18667,John Clark
18668,John Clayton
18669,John Cline
18670,John Cobb
18671,John Coffey
18672,John Cole
18673,John Coleman
18674,John Collins
18675,John Compton
18676,John Conrad
18677,John Conway
18678,John Cook
18679,John Cooley
18680,John Cooper
18681,John Cordova
18682,John Cowan
18683,John Cox
18684,John Craig
18685,John Crawford
18686,John Crosby
18687,John Cross
18688,John Cruz
18689,John Curry
18690,John Daniels
18691,John David
18692,John Davis
18693,John Day
18694,John Delacruz
18695,John Delgado
18696,John Dennis
18697,John Diaz
18698,John Dickson
18699,John Dillon
18700,John Dixon
18701,John Douglas
18702,John Drake
18703,John Drake Jr.
18704,John Duffy
18705,John Duncan
18706,John Dunn
18707,John Duran
18708,John Elliott
18709,John Espinoza
18710,John Estes
18711,John Evans
18712,John Farmer
18713,John Ferguson
18714,John Fernandez
18715,John Fields
18716,John Figueroa
18717,John Fleming
18718,John Fletcher
18719,John Flores
18720,John Floyd
18721,John Ford
18722,John Foster
18723,John Frank
18724,John Franklin
18725,John Frazier
18726,John Freeman
18727,John Fry
18728,John Fuller
18729,John Gaines
18730,John Garcia
18731,John Garcia Jr.
18732,John Gardner
18733,John Garner
18734,John Garrison
18735,John Garza
18736,John Gay
18737,John Gentry
18738,John Gibson
18739,John Gilbert
18740,John Gill
18741,John Gillespie
18742,John Glover
18743,John Gonzales
18744,John Gonzalez
18745,John Goodwin
18746,John Graham
18747,John Gray
18748,John Green
18749,John Greene
18750,John Gregory
18751,John Gross
18752,John Guerra
18753,John Gutierrez
18754,John Guzman
18755,John Hahn
18756,John Hall
18757,John Hamilton
18758,John Hansen
18759,John Harding
18760,John Hardy
18761,John Harrell
18762,John Harrington
18763,John Harris
18764,John Harrison
18765,John Hart
18766,John Hartman
18767,John Heath
18768,John Henderson
18769,John Henderson Dds
18770,John Hernandez
18771,John Hernandez Jr.
18772,John Ho
18773,John Hodge
18774,John Holt
18775,John House
18776,John Hubbard
18777,John Hudson
18778,John Huffman
18779,John Hughes
18780,John Hurst
18781,John Ibarra
18782,John Ingram
18783,John Jackson
18784,John Jacobs
18785,John Jenkins
18786,John Jennings
18787,John Jensen
18788,John Jimenez
18789,John Johns
18790,John Johnson
18791,John Jones
18792,John Jordan
18793,John Joseph
18794,John Joyce
18795,John Kaiser
18796,John Keith
18797,John Keller
18798,John Kelley
18799,John Kelly
18800,John Kim
18801,John King
18802,John Kline
18803,John Knapp
18804,John Kramer
18805,John Krueger
18806,John Lam
18807,John Lambert
18808,John Lane
18809,John Lawrence
18810,John Le
18811,John Leonard
18812,John Lewis
18813,John Lewis Dds
18814,John Logan
18815,John Long
18816,John Lopez
18817,John Love Iii
18818,John Lowe
18819,John Lowery
18820,John Lucas
18821,John Lucero
18822,John Macdonald
18823,John Macias
18824,John Maldonado
18825,John Malone
18826,John Marks
18827,John Marquez
18828,John Marsh
18829,John Marshall
18830,John Martin
18831,John Martinez
18832,John Mason
18833,John Mata
18834,John Mathis
18835,John Matthews
18836,John May
18837,John Mcbride
18838,John Mccall
18839,John Mccarthy
18840,John Mccarty
18841,John Mccormick
18842,John Mcdonald
18843,John Mcfarland
18844,John Mcgee
18845,John Mcguire
18846,John Mckenzie
18847,John Mckinney
18848,John Medina
18849,John Mendez
18850,John Mendoza
18851,John Meyer
18852,John Miles
18853,John Miller
18854,John Molina
18855,John Moody
18856,John Moore
18857,John Morales
18858,John Moran
18859,John Moreno
18860,John Morgan
18861,John Morris
18862,John Morrison
18863,John Morton
18864,John Moss
18865,John Mueller
18866,John Munoz
18867,John Murillo
18868,John Murphy
18869,John Murray
18870,John Myers
18871,John Nash
18872,John Neal
18873,John Nelson
18874,John Nguyen
18875,John Norris
18876,John Norton
18877,John Nunez
18878,John Oconnell
18879,John Oconnor
18880,John Oliver
18881,John Olsen
18882,John Olson
18883,John Oneal
18884,John Ortega
18885,John Ortiz
18886,John Owens
18887,John Park
18888,John Parker
18889,John Parks
18890,John Parrish
18891,John Parsons
18892,John Patel
18893,John Patterson
18894,John Patton
18895,John Paul
18896,John Payne
18897,John Pearson
18898,John Perez
18899,John Perkins
18900,John Peters
18901,John Petersen
18902,John Peterson
18903,John Pham
18904,John Pineda
18905,John Poole
18906,John Pope
18907,John Porter
18908,John Potter
18909,John Potts
18910,John Powell
18911,John Preston
18912,John Price
18913,John Pugh
18914,John Ramirez
18915,John Ramsey
18916,John Ray
18917,John Raymond
18918,John Reed
18919,John Reed Md
18920,John Reyes
18921,John Reynolds
18922,John Rich
18923,John Richardson
18924,John Ritter
18925,John Rivera
18926,John Robbins
18927,John Roberts
18928,John Robinson
18929,John Rocha
18930,John Rodriguez
18931,John Rodriguez Md
18932,John Rogers
18933,John Rogers Dvm
18934,John Rojas
18935,John Roman
18936,John Rosales
18937,John Rose
18938,John Ross
18939,John Rowe
18940,John Ruiz
18941,John Salas
18942,John Sanchez
18943,John Sanders
18944,John Sandoval
18945,John Sanford
18946,John Santos
18947,John Schmidt
18948,John Schroeder
18949,John Schultz
18950,John Schwartz
18951,John Scott
18952,John Shaffer
18953,John Shaw
18954,John Shea
18955,John Sheppard
18956,John Sherman
18957,John Simpson
18958,John Sims
18959,John Singh
18960,John Singleton
18961,John Smith
18962,John Soto
18963,John Sparks
18964,John Spence
18965,John Stafford
18966,John Stanley
18967,John Stephens
18968,John Stevens
18969,John Stewart
18970,John Stuart
18971,John Suarez
18972,John Sullivan
18973,John Summers
18974,John Tanner
18975,John Taylor
18976,John Thomas
18977,John Thompson
18978,John Torres
18979,John Tran
18980,John Trevino
18981,John Trujillo
18982,John Tucker
18983,John Turner
18984,John Vaughan
18985,John Vega
18986,John Velasquez
18987,John Velazquez Md
18988,John Wade
18989,John Wagner
18990,John Walker
18991,John Wallace
18992,John Waller
18993,John Walls
18994,John Walters
18995,John Wang
18996,John Ward
18997,John Warner
18998,John Washington
18999,John Watkins
19000,John Watson
19001,John Watts
19002,John Webb
19003,John Weiss
19004,John West
19005,John Wheeler
19006,John Wheeler Phd
19007,John White
19008,John Whitney
19009,John Wiggins
19010,John Wilcox
19011,John Wiley
19012,John Williams
19013,John Wilson
19014,John Wolf
19015,John Wolfe
19016,John Wood
19017,John Woodard
19018,John Woods
19019,John Wright
19020,John Wyatt
19021,John Yates
19022,John Young
19023,John Zavala
19024,John Zimmerman
19025,Johnathan Berry
19026,Johnathan Bolton
19027,Johnathan Gates
19028,Johnathan Gonzales
19029,Johnathan Hernandez Phd
19030,Johnathan Johnson
19031,Johnathan Kim
19032,Johnathan Mcmahon
19033,Johnathan Morgan
19034,Johnathan Nguyen
19035,Johnathan Nichols
19036,Johnathan Smith
19037,Johnathan Thomas
19038,Johnathan Wells
19039,Johnathan White
19040,Johnathan Wright
19041,Johnathan Zimmerman
19042,Johnny Alvarado
19043,Johnny Anderson
19044,Johnny Anthony
19045,Johnny Arnold
19046,Johnny Baker
19047,Johnny Banks
19048,Johnny Bennett
19049,Johnny Benton
19050,Johnny Bradford
19051,Johnny Bruce
19052,Johnny Bryan
19053,Johnny Burns
19054,Johnny Carson
19055,Johnny Cooper
19056,Johnny Craig
19057,Johnny Crawford
19058,Johnny Cummings
19059,Johnny Davis
19060,Johnny Espinoza
19061,Johnny Ford
19062,Johnny Fox
19063,Johnny Griffin
19064,Johnny Holland
19065,Johnny Johnson
19066,Johnny Jones Dds
19067,Johnny Jordan
19068,Johnny Lane
19069,Johnny Miller
19070,Johnny Montgomery
19071,Johnny Nash
19072,Johnny Olson
19073,Johnny Pace Dds
19074,Johnny Parks
19075,Johnny Ramos
19076,Johnny Ray
19077,Johnny Raymond
19078,Johnny Reed
19079,Johnny Roberts
19080,Johnny Rodriguez
19081,Johnny Ryan
19082,Johnny Salas
19083,Johnny Sanchez
19084,Johnny Schneider
19085,Johnny Sexton
19086,Johnny Taylor
19087,Johnny Tran
19088,Johnny Turner
19089,Johnny White
19090,Johnny Wood
19091,Jon Banks
19092,Jon Barber
19093,Jon Bauer
19094,Jon Brown
19095,Jon Christian
19096,Jon Davis
19097,Jon Forbes
19098,Jon Galloway
19099,Jon Griffin
19100,Jon Guerrero
19101,Jon Harding
19102,Jon Hardy
19103,Jon Hernandez
19104,Jon Jackson
19105,Jon Kemp
19106,Jon Matthews
19107,Jon May
19108,Jon Nelson
19109,Jon Patterson
19110,Jon Phillips
19111,Jon Ray
19112,Jon Rivera
19113,Jon Russell
19114,Jon Silva
19115,Jon Skinner
19116,Jon Stokes
19117,Jon Strong
19118,Jon Thompson
19119,Jon Trevino
19120,Jon Valdez
19121,Jon Walls
19122,Jon Wilson
19123,Jon Woods
19124,Jonathan Adams
19125,Jonathan Adkins
19126,Jonathan Allen
19127,Jonathan Anderson
19128,Jonathan Anthony
19129,Jonathan Arroyo
19130,Jonathan Austin
19131,Jonathan Baker
19132,Jonathan Ballard
19133,Jonathan Barker
19134,Jonathan Barnes
19135,Jonathan Barrett
19136,Jonathan Barry
19137,Jonathan Bates
19138,Jonathan Baxter
19139,Jonathan Bennett
19140,Jonathan Bernard
19141,Jonathan Berry
19142,Jonathan Booth
19143,Jonathan Bowers
19144,Jonathan Bowman
19145,Jonathan Brown
19146,Jonathan Bryan
19147,Jonathan Burke
19148,Jonathan Burns Md
19149,Jonathan Cabrera
19150,Jonathan Callahan
19151,Jonathan Carpenter
19152,Jonathan Carroll
19153,Jonathan Carter
19154,Jonathan Chang
19155,Jonathan Clark
19156,Jonathan Cline
19157,Jonathan Cobb
19158,Jonathan Cole
19159,Jonathan Coleman
19160,Jonathan Colon Iii
19161,Jonathan Cook
19162,Jonathan Cooper
19163,Jonathan Cox
19164,Jonathan Craig
19165,Jonathan Crawford
19166,Jonathan Crawford Jr.
19167,Jonathan Cruz
19168,Jonathan Davis
19169,Jonathan Dawson
19170,Jonathan Dennis
19171,Jonathan Dixon
19172,Jonathan Drake
19173,Jonathan Duncan
19174,Jonathan Dunn
19175,Jonathan Duran
19176,Jonathan Edwards
19177,Jonathan Ellis
19178,Jonathan Escobar
19179,Jonathan Estrada
19180,Jonathan Fernandez
19181,Jonathan Ferrell
19182,Jonathan Fields
19183,Jonathan Figueroa
19184,Jonathan Flores
19185,Jonathan Ford
19186,Jonathan Foster
19187,Jonathan Freeman
19188,Jonathan Friedman
19189,Jonathan Garcia
19190,Jonathan Gray
19191,Jonathan Green
19192,Jonathan Guzman
19193,Jonathan Haas
19194,Jonathan Hansen
19195,Jonathan Harper Md
19196,Jonathan Harris
19197,Jonathan Harvey
19198,Jonathan Hawkins
19199,Jonathan Haynes
19200,Jonathan Hernandez
19201,Jonathan Hicks
19202,Jonathan Hill
19203,Jonathan Holland
19204,Jonathan Howard
19205,Jonathan Howe
19206,Jonathan Hughes
19207,Jonathan Hunter
19208,Jonathan Hutchinson
19209,Jonathan Jacobs
19210,Jonathan Jimenez
19211,Jonathan Johnson
19212,Jonathan Jones
19213,Jonathan Kent
19214,Jonathan King
19215,Jonathan Lane
19216,Jonathan Larsen
19217,Jonathan Larson
19218,Jonathan Lee
19219,Jonathan Levy
19220,Jonathan Lewis
19221,Jonathan Lopez
19222,Jonathan Macdonald
19223,Jonathan Mahoney
19224,Jonathan Marshall
19225,Jonathan Martin
19226,Jonathan Martinez
19227,Jonathan Mayer
19228,Jonathan Mccullough
19229,Jonathan Mcdonald
19230,Jonathan Mcgee
19231,Jonathan Mcknight
19232,Jonathan Mclaughlin
19233,Jonathan Meadows
19234,Jonathan Melton
19235,Jonathan Miles
19236,Jonathan Miller
19237,Jonathan Mitchell
19238,Jonathan Mitchell Phd
19239,Jonathan Monroe
19240,Jonathan Montgomery
19241,Jonathan Mooney
19242,Jonathan Morales
19243,Jonathan Moreno
19244,Jonathan Morris
19245,Jonathan Morrow
19246,Jonathan Morton
19247,Jonathan Myers
19248,Jonathan Nash
19249,Jonathan Nguyen
19250,Jonathan Noble
19251,Jonathan Novak
19252,Jonathan Nunez
19253,Jonathan Oconnor
19254,Jonathan Olson
19255,Jonathan Ortiz
19256,Jonathan Osborn
19257,Jonathan Osborne
19258,Jonathan Owens
19259,Jonathan Patterson
19260,Jonathan Pena
19261,Jonathan Perez
19262,Jonathan Perry
19263,Jonathan Peters
19264,Jonathan Peterson
19265,Jonathan Pham
19266,Jonathan Poole
19267,Jonathan Price
19268,Jonathan Prince
19269,Jonathan Ramirez
19270,Jonathan Randall
19271,Jonathan Reeves
19272,Jonathan Reyes
19273,Jonathan Rivera
19274,Jonathan Robinson
19275,Jonathan Rodriguez
19276,Jonathan Ross Dds
19277,Jonathan Roth
19278,Jonathan Russell
19279,Jonathan Salazar
19280,Jonathan Sanchez
19281,Jonathan Shaffer
19282,Jonathan Sherman
19283,Jonathan Smith
19284,Jonathan Snyder
19285,Jonathan Sosa Md
19286,Jonathan Stafford
19287,Jonathan Stein
19288,Jonathan Stephenson
19289,Jonathan Stevens
19290,Jonathan Stewart
19291,Jonathan Stokes
19292,Jonathan Summers
19293,Jonathan Taylor
19294,Jonathan Thomas
19295,Jonathan Thompson
19296,Jonathan Tran
19297,Jonathan Travis
19298,Jonathan Turner
19299,Jonathan Vargas
19300,Jonathan Walker
19301,Jonathan Wallace
19302,Jonathan Walsh
19303,Jonathan Watkins
19304,Jonathan Watson
19305,Jonathan Webb
19306,Jonathan Wheeler
19307,Jonathan White
19308,Jonathan Williams
19309,Jonathan Wilson
19310,Jonathan Wilson Jr.
19311,Jonathan Wolf
19312,Jonathan Young
19313,Jonathan Zamora
19314,Jonathan Zuniga Md
19315,Jonathon Allen
19316,Jonathon Brewer
19317,Jonathon Carlson
19318,Jonathon Dodson
19319,Jonathon Flores
19320,Jonathon Francis
19321,Jonathon Frost
19322,Jonathon Galvan
19323,Jonathon Gonzalez
19324,Jonathon Harrell
19325,Jonathon Henry
19326,Jonathon Marshall
19327,Jonathon Maxwell
19328,Jonathon Miller
19329,Jonathon Sampson
19330,Jonathon Terry
19331,Jonathon Walker
19332,Jonathon Williams
19333,Jordan Acevedo
19334,Jordan Adams
19335,Jordan Alexander
19336,Jordan Alvarez
19337,Jordan Anderson
19338,Jordan Barber Dvm
19339,Jordan Barker
19340,Jordan Barnes
19341,Jordan Barry
19342,Jordan Black
19343,Jordan Brennan
19344,Jordan Brock
19345,Jordan Brown
19346,Jordan Bruce
19347,Jordan Burke
19348,Jordan Calhoun
19349,Jordan Carter
19350,Jordan Casey
19351,Jordan Clark
19352,Jordan Coleman
19353,Jordan Collins Dds
19354,Jordan Cook
19355,Jordan Craig
19356,Jordan Davis
19357,Jordan Edwards
19358,Jordan Fletcher
19359,Jordan Gaines
19360,Jordan Garcia
19361,Jordan Gardner
19362,Jordan Gordon
19363,Jordan Grant
19364,Jordan Greene
19365,Jordan Haas
19366,Jordan Hall
19367,Jordan Haney
19368,Jordan Hartman
19369,Jordan Hernandez
19370,Jordan Hill
19371,Jordan Jackson
19372,Jordan Jarvis
19373,Jordan Jimenez
19374,Jordan Johnson
19375,Jordan Jones
19376,Jordan Keller
19377,Jordan Kim
19378,Jordan Lin
19379,Jordan Long
19380,Jordan Lopez
19381,Jordan Lynch
19382,Jordan Martin
19383,Jordan Martinez
19384,Jordan Mason
19385,Jordan Maxwell
19386,Jordan Mckinney
19387,Jordan Miller
19388,Jordan Montoya
19389,Jordan Moon
19390,Jordan Moore
19391,Jordan Moreno
19392,Jordan Moyer
19393,Jordan Navarro
19394,Jordan Parker
19395,Jordan Perry
19396,Jordan Peters
19397,Jordan Pittman
19398,Jordan Porter
19399,Jordan Reyes
19400,Jordan Rivera
19401,Jordan Robbins
19402,Jordan Rodriguez
19403,Jordan Rosario
19404,Jordan Ross
19405,Jordan Russell
19406,Jordan Sanders
19407,Jordan Shannon
19408,Jordan Shepherd
19409,Jordan Simmons
19410,Jordan Simpson
19411,Jordan Smith
19412,Jordan Solis
19413,Jordan Stewart
19414,Jordan Sullivan
19415,Jordan Thomas
19416,Jordan Tucker
19417,Jordan Turner
19418,Jordan Wallace
19419,Jordan Wang
19420,Jordan Watson
19421,Jordan Wheeler
19422,Jordan Williams
19423,Jordan Willis
19424,Jordan Wilson
19425,Jordan Wolf
19426,Jordan Wolfe
19427,Jordan Young
19428,Jorge Allen
19429,Jorge Armstrong
19430,Jorge Black
19431,Jorge Brown
19432,Jorge Carlson
19433,Jorge Castro
19434,Jorge Cortez
19435,Jorge Gonzalez
19436,Jorge Grimes
19437,Jorge Harrison
19438,Jorge Harvey
19439,Jorge Jennings
19440,Jorge Knight
19441,Jorge Lewis
19442,Jorge Lopez
19443,Jorge Mann
19444,Jorge Nicholson
19445,Jorge Norris
19446,Jorge Oliver
19447,Jorge Parrish
19448,Jorge Perez
19449,Jorge Riggs
19450,Jorge Singh
19451,Jorge Smith
19452,Jorge Smith Phd
19453,Jorge Torres
19454,Jorge Ward
19455,Jorge Williams
19456,Jose Acosta
19457,Jose Anderson
19458,Jose Baker
19459,Jose Banks
19460,Jose Barry
19461,Jose Bautista
19462,Jose Becker
19463,Jose Blankenship
19464,Jose Blevins
19465,Jose Bowen
19466,Jose Bowers
19467,Jose Bryant
19468,Jose Buckley
19469,Jose Cameron
19470,Jose Campbell
19471,Jose Carpenter
19472,Jose Carter
19473,Jose Castillo
19474,Jose Church
19475,Jose Clayton
19476,Jose Cohen
19477,Jose Cole
19478,Jose Coleman Dds
19479,Jose Combs
19480,Jose Cooley
19481,Jose Cox
19482,Jose Cross
19483,Jose Curtis
19484,Jose Dalton Dds
19485,Jose Davenport
19486,Jose Davila
19487,Jose Davis
19488,Jose Delgado
19489,Jose Dixon
19490,Jose Dodson
19491,Jose Dominguez
19492,Jose Doyle
19493,Jose Elliott
19494,Jose Fleming
19495,Jose Ford
19496,Jose Garcia
19497,Jose Gates
19498,Jose Gonzalez
19499,Jose Graham
19500,Jose Hall
19501,Jose Hardy
19502,Jose Harmon
19503,Jose Harvey
19504,Jose Hayes
19505,Jose Herrera
19506,Jose Hill
19507,Jose Holloway
19508,Jose Howell
19509,Jose Jordan
19510,Jose Joseph
19511,Jose Kaufman
19512,Jose Kelly
19513,Jose Lawrence
19514,Jose Lopez
19515,Jose Maldonado
19516,Jose Martin
19517,Jose Martinez
19518,Jose May
19519,Jose Mccarthy
19520,Jose Mccarty
19521,Jose Mcdonald
19522,Jose Mcintosh
19523,Jose Miller
19524,Jose Monroe
19525,Jose Moore
19526,Jose Munoz
19527,Jose Myers
19528,Jose Nelson
19529,Jose Norton
19530,Jose Obrien
19531,Jose Page
19532,Jose Park
19533,Jose Payne
19534,Jose Petty
19535,Jose Pham
19536,Jose Pierce
19537,Jose Pollard
19538,Jose Powell
19539,Jose Ramos
19540,Jose Ramsey
19541,Jose Reese
19542,Jose Richardson
19543,Jose Rubio
19544,Jose Sanchez
19545,Jose Sanford
19546,Jose Schmitt
19547,Jose Schneider
19548,Jose Schultz
19549,Jose Shaffer
19550,Jose Simon
19551,Jose Sloan
19552,Jose Smith
19553,Jose Solis
19554,Jose Strickland
19555,Jose Taylor
19556,Jose Thomas
19557,Jose Todd
19558,Jose Turner
19559,Jose Valdez
19560,Jose Weaver
19561,Jose Webb
19562,Jose Wiggins
19563,Jose Williams
19564,Jose Willis
19565,Jose Wilson
19566,Jose Woodward
19567,Jose Wright
19568,Jose Young
19569,Jose Zuniga
19570,Joseph Adams
19571,Joseph Alexander
19572,Joseph Allen
19573,Joseph Alvarado
19574,Joseph Alvarez
19575,Joseph Anderson
19576,Joseph Andrews
19577,Joseph Archer
19578,Joseph Austin
19579,Joseph Ayala
19580,Joseph Bailey
19581,Joseph Barnes
19582,Joseph Barnett
19583,Joseph Barrera
19584,Joseph Bean
19585,Joseph Beard
19586,Joseph Bell
19587,Joseph Benson
19588,Joseph Benton
19589,Joseph Blackwell
19590,Joseph Bowen
19591,Joseph Bowman
19592,Joseph Brennan
19593,Joseph Brewer
19594,Joseph Brock
19595,Joseph Brooks
19596,Joseph Brown
19597,Joseph Buchanan
19598,Joseph Buckley
19599,Joseph Burnett
19600,Joseph Butler
19601,Joseph Caldwell
19602,Joseph Cameron
19603,Joseph Carlson
19604,Joseph Carr
19605,Joseph Carson
19606,Joseph Carter
19607,Joseph Case
19608,Joseph Castro
19609,Joseph Chambers
19610,Joseph Chandler
19611,Joseph Chase
19612,Joseph Chen
19613,Joseph Choi
19614,Joseph Christensen
19615,Joseph Clark
19616,Joseph Clarke
19617,Joseph Cline
19618,Joseph Cole
19619,Joseph Coleman Md
19620,Joseph Collier
19621,Joseph Conley
19622,Joseph Cook
19623,Joseph Copeland
19624,Joseph Cortez
19625,Joseph Cruz
19626,Joseph Cummings
19627,Joseph Cunningham
19628,Joseph Curtis
19629,Joseph Daugherty
19630,Joseph Davidson
19631,Joseph Davis
19632,Joseph Deleon
19633,Joseph Dixon
19634,Joseph Dodson
19635,Joseph Dougherty
19636,Joseph Duffy
19637,Joseph Duncan
19638,Joseph Dunlap
19639,Joseph Edwards
19640,Joseph Elliott
19641,Joseph Ellis
19642,Joseph Evans
19643,Joseph Faulkner
19644,Joseph Fernandez
19645,Joseph Ferrell
19646,Joseph Finley
19647,Joseph Fitzgerald
19648,Joseph Flores
19649,Joseph Flowers
19650,Joseph Foley
19651,Joseph Ford
19652,Joseph Foster
19653,Joseph Fowler
19654,Joseph Fox
19655,Joseph Frank
19656,Joseph Freeman
19657,Joseph Frost
19658,Joseph Fry
19659,Joseph Fuentes
19660,Joseph Garcia
19661,Joseph Garrett
19662,Joseph Garrison
19663,Joseph George
19664,Joseph Gibbs
19665,Joseph Gibson
19666,Joseph Gonzales
19667,Joseph Gonzales Jr.
19668,Joseph Gonzalez
19669,Joseph Good
19670,Joseph Goodwin
19671,Joseph Graham
19672,Joseph Grant
19673,Joseph Green
19674,Joseph Greene
19675,Joseph Grimes
19676,Joseph Gross
19677,Joseph Haley
19678,Joseph Hamilton
19679,Joseph Harmon
19680,Joseph Harris
19681,Joseph Harrison
19682,Joseph Hart
19683,Joseph Hatfield
19684,Joseph Hawkins
19685,Joseph Hayes
19686,Joseph Henderson
19687,Joseph Hendricks
19688,Joseph Henry
19689,Joseph Hernandez
19690,Joseph Herrera
19691,Joseph Hill
19692,Joseph Hodges
19693,Joseph Holmes
19694,Joseph Holt
19695,Joseph Hooper
19696,Joseph Howard
19697,Joseph Howell
19698,Joseph Huang
19699,Joseph Hunt
19700,Joseph Ibarra
19701,Joseph Jackson
19702,Joseph Jacobs
19703,Joseph Jennings
19704,Joseph Johns
19705,Joseph Johnson
19706,Joseph Jones
19707,Joseph Kennedy
19708,Joseph Kim
19709,Joseph King
19710,Joseph Kirby
19711,Joseph Koch
19712,Joseph Lane
19713,Joseph Lawson
19714,Joseph Lee
19715,Joseph Lewis
19716,Joseph Long
19717,Joseph Lopez
19718,Joseph Lynch
19719,Joseph Lyons
19720,Joseph Macdonald
19721,Joseph Manning
19722,Joseph Manning Jr.
19723,Joseph Martin
19724,Joseph Martinez
19725,Joseph Mason
19726,Joseph Matthews
19727,Joseph Mccarthy
19728,Joseph Mcdonald
19729,Joseph Mcfarland
19730,Joseph Mcguire
19731,Joseph Mejia
19732,Joseph Mendoza
19733,Joseph Mercado
19734,Joseph Meyers
19735,Joseph Miles
19736,Joseph Miller
19737,Joseph Miller Iii
19738,Joseph Mills
19739,Joseph Miranda
19740,Joseph Mitchell
19741,Joseph Monroe
19742,Joseph Montgomery
19743,Joseph Moody
19744,Joseph Mooney
19745,Joseph Moore
19746,Joseph Morales
19747,Joseph Moran
19748,Joseph Morgan
19749,Joseph Morris
19750,Joseph Moss
19751,Joseph Munoz
19752,Joseph Murphy
19753,Joseph Myers
19754,Joseph Nash
19755,Joseph Navarro
19756,Joseph Newton
19757,Joseph Nguyen
19758,Joseph Nolan
19759,Joseph Norris
19760,Joseph Obrien
19761,Joseph Ortega
19762,Joseph Osborne
19763,Joseph Owens
19764,Joseph Page
19765,Joseph Palmer
19766,Joseph Park
19767,Joseph Parker
19768,Joseph Patel
19769,Joseph Patton
19770,Joseph Perez
19771,Joseph Perkins
19772,Joseph Perry
19773,Joseph Peters
19774,Joseph Phillips
19775,Joseph Ponce
19776,Joseph Porter
19777,Joseph Powell
19778,Joseph Powers
19779,Joseph Price
19780,Joseph Pugh
19781,Joseph Ray
19782,Joseph Reed
19783,Joseph Reeves
19784,Joseph Reyes
19785,Joseph Reynolds
19786,Joseph Rhodes
19787,Joseph Rice
19788,Joseph Richards
19789,Joseph Richardson
19790,Joseph Rivera
19791,Joseph Robbins
19792,Joseph Roberts
19793,Joseph Robertson
19794,Joseph Robinson
19795,Joseph Rocha
19796,Joseph Rodriguez
19797,Joseph Rogers
19798,Joseph Ross
19799,Joseph Rowland
19800,Joseph Ruiz
19801,Joseph Rush
19802,Joseph Russell
19803,Joseph Ryan
19804,Joseph Sanchez
19805,Joseph Santana
19806,Joseph Savage
19807,Joseph Schaefer
19808,Joseph Schmidt
19809,Joseph Schultz
19810,Joseph Sharp
19811,Joseph Sims
19812,Joseph Singh
19813,Joseph Sloan
19814,Joseph Smith
19815,Joseph Snyder
19816,Joseph Solis
19817,Joseph Solomon
19818,Joseph Sosa
19819,Joseph Steele
19820,Joseph Stevens
19821,Joseph Stone
19822,Joseph Strickland
19823,Joseph Sutton
19824,Joseph Swanson
19825,Joseph Taylor
19826,Joseph Thomas
19827,Joseph Thomas Jr.
19828,Joseph Thompson
19829,Joseph Thornton
19830,Joseph Torres
19831,Joseph Turner
19832,Joseph Vazquez
19833,Joseph Vega
19834,Joseph Vincent
19835,Joseph Wallace
19836,Joseph Walsh
19837,Joseph Walter
19838,Joseph Walters
19839,Joseph Warner
19840,Joseph Warren
19841,Joseph Watson
19842,Joseph Weaver
19843,Joseph Weber
19844,Joseph Webster
19845,Joseph Whitehead
19846,Joseph Wilcox
19847,Joseph Wilkerson
19848,Joseph Williams
19849,Joseph Williams Jr.
19850,Joseph Willis Jr.
19851,Joseph Wilson
19852,Joseph Winters
19853,Joseph Wright
19854,Joseph Young
19855,Joshua Acosta
19856,Joshua Adams
19857,Joshua Aguirre
19858,Joshua Alexander
19859,Joshua Allen
19860,Joshua Allison
19861,Joshua Alvarez
19862,Joshua Anderson
19863,Joshua Andrews
19864,Joshua Arias
19865,Joshua Avila
19866,Joshua Ayers
19867,Joshua Bailey
19868,Joshua Baker
19869,Joshua Ball
19870,Joshua Barnes
19871,Joshua Barnes Md
19872,Joshua Becker
19873,Joshua Bell
19874,Joshua Bender
19875,Joshua Bennett
19876,Joshua Benson
19877,Joshua Blackwell
19878,Joshua Booker
19879,Joshua Booth
19880,Joshua Boyd
19881,Joshua Bradford
19882,Joshua Bradley
19883,Joshua Brennan
19884,Joshua Brooks
19885,Joshua Brown
19886,Joshua Bryant
19887,Joshua Burch
19888,Joshua Bush
19889,Joshua Byrd
19890,Joshua Cameron
19891,Joshua Campbell
19892,Joshua Carlson
19893,Joshua Carney
19894,Joshua Castro
19895,Joshua Chan
19896,Joshua Chaney
19897,Joshua Chapman
19898,Joshua Chavez
19899,Joshua Choi
19900,Joshua Christensen
19901,Joshua Clark
19902,Joshua Cline
19903,Joshua Cochran
19904,Joshua Cohen
19905,Joshua Cole
19906,Joshua Collins
19907,Joshua Contreras
19908,Joshua Conway
19909,Joshua Cooke
19910,Joshua Costa
19911,Joshua Cowan
19912,Joshua Cruz
19913,Joshua Daniel
19914,Joshua David
19915,Joshua Davies
19916,Joshua Davis
19917,Joshua Diaz
19918,Joshua Dixon
19919,Joshua Douglas
19920,Joshua Downs
19921,Joshua Duffy
19922,Joshua Duncan
19923,Joshua Edwards
19924,Joshua Elliott
19925,Joshua Ellis
19926,Joshua Evans
19927,Joshua Fernandez
19928,Joshua Finley
19929,Joshua Flores
19930,Joshua Flynn
19931,Joshua Ford
19932,Joshua Foster
19933,Joshua Fowler
19934,Joshua Francis Dds
19935,Joshua Franklin
19936,Joshua Fuentes
19937,Joshua Garcia
19938,Joshua Garrett
19939,Joshua Gill
19940,Joshua Gilmore
19941,Joshua Glass
19942,Joshua Glenn
19943,Joshua Glover Md
19944,Joshua Gomez
19945,Joshua Gonzalez
19946,Joshua Goodman
19947,Joshua Gordon
19948,Joshua Gould
19949,Joshua Graham
19950,Joshua Gray
19951,Joshua Green
19952,Joshua Griffin
19953,Joshua Hale
19954,Joshua Haley
19955,Joshua Hall
19956,Joshua Hampton
19957,Joshua Hansen
19958,Joshua Harrell
19959,Joshua Harris
19960,Joshua Hartman
19961,Joshua Hawkins
19962,Joshua Hayes
19963,Joshua Henson
19964,Joshua Hernandez
19965,Joshua Hill
19966,Joshua Hodge
19967,Joshua Hodges
19968,Joshua Hoffman
19969,Joshua Hoover
19970,Joshua Howard
19971,Joshua Hudson
19972,Joshua Ingram
19973,Joshua Jackson
19974,Joshua Jarvis
19975,Joshua Jenkins
19976,Joshua Jennings
19977,Joshua Jensen
19978,Joshua Jimenez
19979,Joshua Johnson
19980,Joshua Jones
19981,Joshua Kelly
19982,Joshua Kennedy
19983,Joshua Larsen
19984,Joshua Lee
19985,Joshua Lester
19986,Joshua Levy
19987,Joshua Lewis
19988,Joshua Lloyd
19989,Joshua Long
19990,Joshua Lopez
19991,Joshua Lowe
19992,Joshua Lowery
19993,Joshua Lynch Md
19994,Joshua Martin
19995,Joshua Martinez
19996,Joshua Matthews
19997,Joshua May
19998,Joshua Mayer
19999,Joshua Mcclain
20000,Joshua Mccoy
20001,Joshua Mcdonald
20002,Joshua Mcdowell
20003,Joshua Mclaughlin
20004,Joshua Mclean
20005,Joshua Mcmillan
20006,Joshua Mcpherson
20007,Joshua Mendez
20008,Joshua Mendoza
20009,Joshua Meyer
20010,Joshua Miller
20011,Joshua Mills
20012,Joshua Mitchell
20013,Joshua Moore
20014,Joshua Moran
20015,Joshua Morris
20016,Joshua Morrison
20017,Joshua Moyer
20018,Joshua Munoz
20019,Joshua Murphy
20020,Joshua Murray
20021,Joshua Nelson
20022,Joshua Nguyen
20023,Joshua Nichols
20024,Joshua Nolan
20025,Joshua Norton
20026,Joshua Nunez
20027,Joshua Oconnell
20028,Joshua Oneal
20029,Joshua Orozco
20030,Joshua Ortiz
20031,Joshua Owen
20032,Joshua Owens
20033,Joshua Padilla
20034,Joshua Page
20035,Joshua Palmer
20036,Joshua Patel
20037,Joshua Pennington
20038,Joshua Perez
20039,Joshua Perkins
20040,Joshua Peters
20041,Joshua Pham
20042,Joshua Pitts
20043,Joshua Ponce
20044,Joshua Poole
20045,Joshua Powell
20046,Joshua Preston
20047,Joshua Ramirez
20048,Joshua Ramos
20049,Joshua Randolph
20050,Joshua Reed
20051,Joshua Reese
20052,Joshua Rhodes
20053,Joshua Richards
20054,Joshua Rivera
20055,Joshua Robbins
20056,Joshua Roberson
20057,Joshua Robinson
20058,Joshua Rodgers
20059,Joshua Rodriguez
20060,Joshua Ross
20061,Joshua Ruiz
20062,Joshua Sampson
20063,Joshua Sanchez
20064,Joshua Sanders
20065,Joshua Santana
20066,Joshua Schwartz
20067,Joshua Scott
20068,Joshua Shaw
20069,Joshua Shepard
20070,Joshua Simon
20071,Joshua Singleton
20072,Joshua Smith
20073,Joshua Spencer
20074,Joshua Stafford
20075,Joshua Stewart
20076,Joshua Sullivan
20077,Joshua Summers
20078,Joshua Tate
20079,Joshua Taylor
20080,Joshua Thomas
20081,Joshua Thomas Dds
20082,Joshua Thompson
20083,Joshua Thornton
20084,Joshua Todd
20085,Joshua Tran
20086,Joshua Vang Dds
20087,Joshua Vargas
20088,Joshua Vasquez
20089,Joshua Velasquez
20090,Joshua Velez
20091,Joshua Wagner
20092,Joshua Walls
20093,Joshua Ward
20094,Joshua Warner
20095,Joshua Watson
20096,Joshua Weaver
20097,Joshua Wells
20098,Joshua West
20099,Joshua White
20100,Joshua Wiggins
20101,Joshua Wilkinson
20102,Joshua Williams
20103,Joshua Wilson
20104,Joshua Wolfe
20105,Joshua Wood
20106,Joshua Wright
20107,Joshua York
20108,Joshua Young
20109,Joshua Zimmerman
20110,Joy Berry
20111,Joy Cummings
20112,Joy Davis
20113,Joy Dominguez Md
20114,Joy Edwards
20115,Joy Ford
20116,Joy Gallagher
20117,Joy Howard
20118,Joy Howell
20119,Joy Jenkins
20120,Joy Lewis
20121,Joy Lloyd
20122,Joy Mack Dvm
20123,Joy Ortiz
20124,Joy Peterson
20125,Joy Potter
20126,Joy Roberts
20127,Joy Robinson
20128,Joy Rojas
20129,Joy Wiley
20130,Joy Williams
20131,Joyce Bates
20132,Joyce Bullock
20133,Joyce Calderon
20134,Joyce Chang
20135,Joyce Cooper
20136,Joyce Edwards
20137,Joyce Frazier
20138,Joyce Frederick
20139,Joyce Gill
20140,Joyce Hayes
20141,Joyce Henderson
20142,Joyce Hensley
20143,Joyce Hill
20144,Joyce Jones
20145,Joyce Liu
20146,Joyce Lynch
20147,Joyce Lyons
20148,Joyce Mcgee
20149,Joyce Porter
20150,Joyce Smith
20151,Joyce Stephens
20152,Joyce Thompson
20153,Joyce Thornton
20154,Joyce Wall
20155,Joyce Weber
20156,Joyce West
20157,Juan Acevedo
20158,Juan Andrews
20159,Juan Ayers
20160,Juan Bailey
20161,Juan Barnett
20162,Juan Bernard
20163,Juan Brock
20164,Juan Brown
20165,Juan Calderon
20166,Juan Cantu Md
20167,Juan Carrillo
20168,Juan Cherry
20169,Juan Clark Dvm
20170,Juan Cole
20171,Juan Cook
20172,Juan Davidson
20173,Juan Evans
20174,Juan Fuller
20175,Juan Gay
20176,Juan Glass
20177,Juan Gonzalez
20178,Juan Guerrero
20179,Juan Harris
20180,Juan Hawkins
20181,Juan Hernandez
20182,Juan Hodges
20183,Juan Hoover
20184,Juan Hughes
20185,Juan Johnson
20186,Juan Jones
20187,Juan Kelley
20188,Juan Lam
20189,Juan Lopez
20190,Juan Mann
20191,Juan Martin
20192,Juan Merritt
20193,Juan Mitchell
20194,Juan Moore
20195,Juan Morse
20196,Juan Mueller Md
20197,Juan Myers
20198,Juan Nichols
20199,Juan Reese
20200,Juan Reynolds
20201,Juan Robertson
20202,Juan Rocha
20203,Juan Rodriguez
20204,Juan Ross
20205,Juan Sanchez
20206,Juan Sandoval
20207,Juan Scott
20208,Juan Smith
20209,Juan Solomon
20210,Juan Ward
20211,Juan Wheeler
20212,Juan Williams
20213,Juan Wilson
20214,Juan Woods
20215,Juan Yang
20216,Juan Yates
20217,Juan Zimmerman
20218,Judith Bailey
20219,Judith Dickerson
20220,Judith Duffy
20221,Judith Fisher
20222,Judith Foster
20223,Judith Gilbert
20224,Judith Gonzalez
20225,Judith Gross
20226,Judith Horn
20227,Judith Hughes
20228,Judith Lewis
20229,Judith Lowe
20230,Judith Luna
20231,Judith Maxwell
20232,Judith Mclaughlin
20233,Judith Nelson
20234,Judith Nunez
20235,Judith Reid
20236,Judith Richardson
20237,Judith Spencer
20238,Judith Stark
20239,Judith Thomas
20240,Judith Whitney
20241,Judy Cole
20242,Judy Fitzgerald
20243,Judy Flowers
20244,Judy Graham
20245,Judy Hall
20246,Judy Hoffman Dvm
20247,Judy Holloway
20248,Judy Johnson
20249,Judy Madden
20250,Judy Mccullough
20251,Judy Mcintosh
20252,Judy Mckinney
20253,Judy Paul
20254,Judy Ramirez
20255,Judy Reed
20256,Judy Richardson
20257,Judy Santiago
20258,Judy Schultz
20259,Judy Stevenson
20260,Judy Walters
20261,Julia Abbott
20262,Julia Adams
20263,Julia Baldwin
20264,Julia Bass
20265,Julia Bell Md
20266,Julia Berger
20267,Julia Best
20268,Julia Boyd
20269,Julia Brewer
20270,Julia Brown
20271,Julia Browning
20272,Julia Burns
20273,Julia Campbell
20274,Julia Chung
20275,Julia Cochran
20276,Julia Cox
20277,Julia Daniels
20278,Julia Diaz
20279,Julia Dominguez
20280,Julia Dunn Md
20281,Julia Fuller
20282,Julia Garcia
20283,Julia Griffin
20284,Julia Grimes
20285,Julia Hall
20286,Julia Hansen
20287,Julia Henderson
20288,Julia Jenkins
20289,Julia Jimenez
20290,Julia Jones
20291,Julia Joyce
20292,Julia Juarez
20293,Julia Kelley
20294,Julia Khan
20295,Julia King
20296,Julia Lynch
20297,Julia Mahoney
20298,Julia Martin
20299,Julia Mcbride
20300,Julia Medina
20301,Julia Melendez
20302,Julia Miller
20303,Julia Monroe
20304,Julia Murphy
20305,Julia Nelson
20306,Julia Newman
20307,Julia Nguyen
20308,Julia Owens
20309,Julia Pacheco Dds
20310,Julia Parsons
20311,Julia Ramsey
20312,Julia Reeves
20313,Julia Reyes
20314,Julia Rivera
20315,Julia Roberson
20316,Julia Rodriguez
20317,Julia Rogers
20318,Julia Roman
20319,Julia Russell
20320,Julia Schmitt
20321,Julia Scott
20322,Julia Serrano
20323,Julia Shelton
20324,Julia Smith
20325,Julia Stout
20326,Julia Suarez
20327,Julia Valdez
20328,Julia Valenzuela
20329,Julia Webb
20330,Julia Wright
20331,Julia Yoder
20332,Julia Young
20333,Julian Bennett
20334,Julian Carter
20335,Julian Castro
20336,Julian Fernandez
20337,Julian Hernandez
20338,Julian Lawrence
20339,Julian Leon
20340,Julian Martinez
20341,Julian Mckay
20342,Julian Morales
20343,Julian Palmer
20344,Julian Perkins
20345,Julian Porter
20346,Julian Smith
20347,Julie Adams
20348,Julie Allen
20349,Julie Alvarez
20350,Julie Anderson
20351,Julie Andrews
20352,Julie Armstrong
20353,Julie Arroyo
20354,Julie Ayers
20355,Julie Bailey
20356,Julie Baker
20357,Julie Baldwin
20358,Julie Benson
20359,Julie Boyd
20360,Julie Bright Md
20361,Julie Brown
20362,Julie Byrd
20363,Julie Cameron
20364,Julie Carpenter
20365,Julie Carter
20366,Julie Castaneda
20367,Julie Chambers
20368,Julie Chandler
20369,Julie Chavez
20370,Julie Cline
20371,Julie Collins
20372,Julie Contreras
20373,Julie Cook
20374,Julie Cunningham
20375,Julie Duke
20376,Julie Duncan
20377,Julie Ellis
20378,Julie Estrada
20379,Julie Evans
20380,Julie Ewing
20381,Julie Farley
20382,Julie Finley
20383,Julie Fischer
20384,Julie Fisher
20385,Julie Flores
20386,Julie Fowler
20387,Julie Frazier
20388,Julie Galvan
20389,Julie Garcia
20390,Julie Garza
20391,Julie George
20392,Julie Gibson
20393,Julie Gilbert
20394,Julie Gomez
20395,Julie Gonzales
20396,Julie Gonzalez
20397,Julie Gordon
20398,Julie Graham
20399,Julie Green
20400,Julie Griffin
20401,Julie Grimes
20402,Julie Hall
20403,Julie Hammond
20404,Julie Hanson
20405,Julie Harper
20406,Julie Harrell
20407,Julie Harrington Dvm
20408,Julie Harris
20409,Julie Harvey
20410,Julie Henderson
20411,Julie Hernandez
20412,Julie Herrera
20413,Julie Herring
20414,Julie Hicks
20415,Julie Higgins
20416,Julie Higgins Md
20417,Julie Hill
20418,Julie Holden
20419,Julie Holmes
20420,Julie Howard
20421,Julie Huber
20422,Julie Hughes
20423,Julie Hunter
20424,Julie Jackson
20425,Julie James
20426,Julie Johnson
20427,Julie Johnston
20428,Julie Jones
20429,Julie Kim
20430,Julie Knox
20431,Julie Larsen
20432,Julie Leonard
20433,Julie Lewis
20434,Julie Lewis Md
20435,Julie Little
20436,Julie Lopez
20437,Julie Martin
20438,Julie Martinez
20439,Julie Mayer
20440,Julie Mcclure
20441,Julie Mccormick
20442,Julie Mcdonald
20443,Julie Mckinney
20444,Julie Medina
20445,Julie Melton
20446,Julie Miller
20447,Julie Miranda
20448,Julie Montgomery
20449,Julie Moon
20450,Julie Moore
20451,Julie Moreno
20452,Julie Morgan
20453,Julie Morris
20454,Julie Mueller
20455,Julie Murphy
20456,Julie Murray
20457,Julie Nelson
20458,Julie Obrien
20459,Julie Page
20460,Julie Patton
20461,Julie Paul
20462,Julie Payne
20463,Julie Petersen
20464,Julie Peterson
20465,Julie Pierce
20466,Julie Preston
20467,Julie Ramirez
20468,Julie Ramos
20469,Julie Reyes
20470,Julie Reynolds
20471,Julie Richardson
20472,Julie Rivera
20473,Julie Roberts
20474,Julie Robinson
20475,Julie Rodgers
20476,Julie Rodriguez
20477,Julie Rogers
20478,Julie Rush
20479,Julie Ryan
20480,Julie Salazar
20481,Julie Sanders
20482,Julie Scott
20483,Julie Short
20484,Julie Singleton
20485,Julie Smith
20486,Julie Stevenson
20487,Julie Summers
20488,Julie Taylor
20489,Julie Thomas
20490,Julie Thompson
20491,Julie Turner
20492,Julie Tyler
20493,Julie Walton
20494,Julie Warner
20495,Julie Warren
20496,Julie Watson
20497,Julie Weaver
20498,Julie West
20499,Julie White
20500,Julie Wilkinson
20501,Julie Williams
20502,Julie Williamson
20503,Julie Wood
20504,Julie Woods
20505,Julie Wright
20506,Julie Young
20507,Justin Adams
20508,Justin Adkins
20509,Justin Alexander
20510,Justin Alvarado
20511,Justin Anderson
20512,Justin Armstrong
20513,Justin Ayala
20514,Justin Banks
20515,Justin Barrett
20516,Justin Black
20517,Justin Bond
20518,Justin Brown
20519,Justin Burnett
20520,Justin Bush
20521,Justin Cain
20522,Justin Cameron
20523,Justin Cannon
20524,Justin Cantrell
20525,Justin Carey
20526,Justin Carter
20527,Justin Castaneda
20528,Justin Castillo
20529,Justin Cervantes
20530,Justin Choi
20531,Justin Clark
20532,Justin Coleman
20533,Justin Collins
20534,Justin Conrad
20535,Justin Cooper
20536,Justin Copeland
20537,Justin Cordova
20538,Justin Crawford
20539,Justin Cruz
20540,Justin Cummings
20541,Justin Davidson
20542,Justin Davis Dvm
20543,Justin Diaz
20544,Justin Douglas
20545,Justin Elliott
20546,Justin Estes
20547,Justin Evans
20548,Justin Farley
20549,Justin Fields
20550,Justin Flores
20551,Justin Flowers
20552,Justin Ford
20553,Justin Freeman
20554,Justin French
20555,Justin Gallagher
20556,Justin Garcia
20557,Justin Gardner
20558,Justin Garrett
20559,Justin Gay
20560,Justin Gibson
20561,Justin Gomez
20562,Justin Gonzalez
20563,Justin Greene
20564,Justin Greer
20565,Justin Griffin
20566,Justin Hammond
20567,Justin Harding
20568,Justin Harris
20569,Justin Harrison
20570,Justin Hawkins
20571,Justin Heath
20572,Justin Herrera
20573,Justin Higgins
20574,Justin Hines
20575,Justin Huang
20576,Justin Hunt
20577,Justin James
20578,Justin Johnson
20579,Justin Jones
20580,Justin Joyce
20581,Justin Kaufman
20582,Justin Khan
20583,Justin Kim
20584,Justin King
20585,Justin Lee
20586,Justin Lester
20587,Justin Lewis
20588,Justin Little
20589,Justin Lopez
20590,Justin Love
20591,Justin Lowe
20592,Justin Lucero
20593,Justin Manning
20594,Justin Martin
20595,Justin Martinez
20596,Justin Mays
20597,Justin Mccarty
20598,Justin Mccormick
20599,Justin Mcdaniel Dds
20600,Justin Mcdowell
20601,Justin Mcneil
20602,Justin Medina
20603,Justin Mitchell
20604,Justin Molina
20605,Justin Moore
20606,Justin Moore Jr.
20607,Justin Morgan
20608,Justin Morris
20609,Justin Mosley
20610,Justin Mueller
20611,Justin Murphy
20612,Justin Nash
20613,Justin Nguyen
20614,Justin Norman
20615,Justin Olson
20616,Justin Parks
20617,Justin Patterson
20618,Justin Paul
20619,Justin Payne
20620,Justin Perry
20621,Justin Peterson
20622,Justin Pierce
20623,Justin Powell
20624,Justin Prince
20625,Justin Ramirez
20626,Justin Ramos
20627,Justin Ramsey
20628,Justin Randall
20629,Justin Reeves
20630,Justin Rice
20631,Justin Rich
20632,Justin Richards
20633,Justin Rios
20634,Justin Rivera
20635,Justin Rivers
20636,Justin Rodriguez
20637,Justin Rogers
20638,Justin Rose
20639,Justin Rubio
20640,Justin Russell
20641,Justin Salazar
20642,Justin Santana
20643,Justin Santiago Jr.
20644,Justin Scott
20645,Justin Shah
20646,Justin Shannon
20647,Justin Shaw
20648,Justin Shelton
20649,Justin Sheppard
20650,Justin Shields
20651,Justin Silva
20652,Justin Sims
20653,Justin Skinner
20654,Justin Sloan
20655,Justin Smith
20656,Justin Smith Jr.
20657,Justin Smith Md
20658,Justin Snyder
20659,Justin Soto
20660,Justin Spencer
20661,Justin Stanley
20662,Justin Steele
20663,Justin Sullivan
20664,Justin Tapia
20665,Justin Taylor
20666,Justin Thompson
20667,Justin Turner
20668,Justin Tyler
20669,Justin Valdez
20670,Justin Vazquez
20671,Justin Walker
20672,Justin Wallace
20673,Justin Walters
20674,Justin Watson
20675,Justin Weeks
20676,Justin Weiss
20677,Justin Welch
20678,Justin Wells
20679,Justin Wheeler
20680,Justin Wiley
20681,Justin Williams
20682,Justin Williams Jr.
20683,Justin Wilson
20684,Justin Wolfe
20685,Justin Wood
20686,Justin Wright
20687,Justin Yoder
20688,Justin Young
20689,Kaitlin Allen
20690,Kaitlin Byrd
20691,Kaitlin Carr
20692,Kaitlin Castro
20693,Kaitlin Jones
20694,Kaitlin Montgomery
20695,Kaitlin Olson
20696,Kaitlin Ross
20697,Kaitlin Russo
20698,Kaitlin Sheppard
20699,Kaitlin White
20700,Kaitlyn Banks
20701,Kaitlyn Bates
20702,Kaitlyn Bell
20703,Kaitlyn Benitez
20704,Kaitlyn Bennett
20705,Kaitlyn Brown
20706,Kaitlyn Campbell
20707,Kaitlyn Carr
20708,Kaitlyn Case Md
20709,Kaitlyn Chavez
20710,Kaitlyn Collier
20711,Kaitlyn Cook
20712,Kaitlyn Cooper
20713,Kaitlyn Cox
20714,Kaitlyn Doyle
20715,Kaitlyn Duran
20716,Kaitlyn Foster
20717,Kaitlyn Fowler
20718,Kaitlyn Garcia
20719,Kaitlyn Gonzalez
20720,Kaitlyn Harris
20721,Kaitlyn Herrera
20722,Kaitlyn Holt
20723,Kaitlyn Jones
20724,Kaitlyn Kane
20725,Kaitlyn Larson
20726,Kaitlyn Lopez
20727,Kaitlyn May
20728,Kaitlyn Mccarty
20729,Kaitlyn Morales
20730,Kaitlyn Petersen
20731,Kaitlyn Rodriguez
20732,Kaitlyn Rogers
20733,Kaitlyn Sandoval
20734,Kaitlyn Shaffer
20735,Kaitlyn Stone
20736,Kaitlyn Sutton
20737,Kaitlyn Terry
20738,Kaitlyn Vazquez
20739,Kaitlyn Walls
20740,Kaitlyn White
20741,Kaitlyn Williams
20742,Kaitlyn Wolfe
20743,Kara Austin
20744,Kara Baker
20745,Kara Beasley
20746,Kara Brooks
20747,Kara Carpenter Dvm
20748,Kara Carr
20749,Kara Cummings
20750,Kara Dorsey
20751,Kara Dunlap
20752,Kara Espinoza
20753,Kara Flores
20754,Kara Gibson
20755,Kara Gillespie
20756,Kara Harrison
20757,Kara Hudson
20758,Kara Jimenez
20759,Kara Johnson
20760,Kara Jones
20761,Kara Martin
20762,Kara Mitchell
20763,Kara Nelson
20764,Kara Owens
20765,Kara Patel
20766,Kara Pearson
20767,Kara Perkins
20768,Kara Pittman
20769,Kara Reilly
20770,Kara Rice
20771,Kara Robinson
20772,Kara Russo
20773,Kara Sanders
20774,Kara Stevens
20775,Kara Sullivan
20776,Kara Thomas
20777,Kara Torres
20778,Kara Waters
20779,Kara Wilson
20780,Karen Acosta
20781,Karen Adams
20782,Karen Alvarado
20783,Karen Anderson
20784,Karen Andrade
20785,Karen Bailey
20786,Karen Baker
20787,Karen Ball
20788,Karen Bennett
20789,Karen Bishop
20790,Karen Bowers
20791,Karen Brewer
20792,Karen Brown
20793,Karen Buchanan
20794,Karen Buckley
20795,Karen Carpenter
20796,Karen Carter
20797,Karen Castaneda
20798,Karen Castillo
20799,Karen Chandler
20800,Karen Chavez
20801,Karen Christensen
20802,Karen Cisneros
20803,Karen Clark
20804,Karen Coleman
20805,Karen Collier
20806,Karen Contreras
20807,Karen Curtis
20808,Karen Davis
20809,Karen Delgado
20810,Karen Dixon
20811,Karen Donovan
20812,Karen Dougherty
20813,Karen Eaton
20814,Karen Edwards
20815,Karen Elliott
20816,Karen Evans
20817,Karen Ferrell
20818,Karen Fisher
20819,Karen Fitzgerald
20820,Karen Flores
20821,Karen Flowers
20822,Karen Forbes
20823,Karen Ford
20824,Karen Fowler
20825,Karen Frazier
20826,Karen Frederick
20827,Karen Freeman
20828,Karen Fuller
20829,Karen Gallegos
20830,Karen Gibbs
20831,Karen Gonzales
20832,Karen Gonzalez
20833,Karen Gordon
20834,Karen Graham
20835,Karen Green
20836,Karen Green Phd
20837,Karen Griffin
20838,Karen Griffith
20839,Karen Hampton
20840,Karen Hansen
20841,Karen Hardy
20842,Karen Harrington
20843,Karen Harris
20844,Karen Harrison
20845,Karen Hatfield
20846,Karen Hawkins
20847,Karen Hayes
20848,Karen Hays
20849,Karen Heath
20850,Karen Henderson
20851,Karen Hernandez
20852,Karen Hill
20853,Karen Hoffman
20854,Karen Howard
20855,Karen Hubbard
20856,Karen Huffman
20857,Karen Humphrey
20858,Karen Hunt
20859,Karen Hunter
20860,Karen Hurley
20861,Karen Jackson
20862,Karen Jennings
20863,Karen Jensen
20864,Karen Johnston
20865,Karen Jones
20866,Karen Kelly
20867,Karen Kent
20868,Karen Knapp
20869,Karen Knox
20870,Karen Kramer
20871,Karen Lee
20872,Karen Lopez
20873,Karen Lynch
20874,Karen Lynn
20875,Karen Madden
20876,Karen Maldonado
20877,Karen Marshall
20878,Karen Martinez
20879,Karen Massey
20880,Karen Mcdaniel
20881,Karen Mcmillan
20882,Karen Mendez
20883,Karen Mendoza
20884,Karen Michael
20885,Karen Miles
20886,Karen Miller
20887,Karen Montes
20888,Karen Moreno
20889,Karen Morgan
20890,Karen Morris
20891,Karen Myers
20892,Karen Newman
20893,Karen Oconnell Dvm
20894,Karen Oconnor
20895,Karen Ortiz
20896,Karen Osborne
20897,Karen Palmer
20898,Karen Park
20899,Karen Parker
20900,Karen Patterson
20901,Karen Paul
20902,Karen Peck
20903,Karen Perez
20904,Karen Petty
20905,Karen Phillips Md
20906,Karen Pitts
20907,Karen Poole
20908,Karen Proctor
20909,Karen Ramirez
20910,Karen Reynolds
20911,Karen Rice
20912,Karen Richards
20913,Karen Rios
20914,Karen Rivas
20915,Karen Robinson
20916,Karen Rodriguez
20917,Karen Rodriguez Md
20918,Karen Rogers
20919,Karen Ross
20920,Karen Salazar
20921,Karen Salinas
20922,Karen Santiago
20923,Karen Schwartz
20924,Karen Serrano
20925,Karen Short
20926,Karen Smith
20927,Karen Stanley
20928,Karen Stout
20929,Karen Sullivan
20930,Karen Taylor
20931,Karen Thomas
20932,Karen Thompson
20933,Karen Torres
20934,Karen Vargas
20935,Karen Villanueva
20936,Karen Vincent
20937,Karen Walker
20938,Karen Walters
20939,Karen Ward
20940,Karen Warren
20941,Karen Weaver
20942,Karen Wells
20943,Karen White
20944,Karen Whitehead
20945,Karen Williams
20946,Karen Wilson
20947,Karen Wolf
20948,Karen Woodard
20949,Karen Woods
20950,Karen Woodward
20951,Karen Wright
20952,Karen Yoder
20953,Karen Young
20954,Karen Zamora
20955,Kari Alvarez
20956,Kari Anderson
20957,Kari Barrera
20958,Kari Booth
20959,Kari Cortez
20960,Kari Estrada
20961,Kari Foster
20962,Kari Grant
20963,Kari Green
20964,Kari Hood
20965,Kari Hopkins
20966,Kari King
20967,Kari Lamb
20968,Kari Lewis
20969,Kari Moore
20970,Kari Moran
20971,Kari Morris
20972,Kari Ramos
20973,Kari Ross
20974,Kari Rush
20975,Kari Salinas
20976,Kari Smith
20977,Kari Sullivan
20978,Karina Bonilla
20979,Karina Carr
20980,Karina Chavez
20981,Karina Collins Md
20982,Karina Freeman
20983,Karina Garcia
20984,Karina Hall
20985,Karina Hampton
20986,Karina Hopkins
20987,Karina Howard
20988,Karina Jensen
20989,Karina Jimenez
20990,Karina Jordan
20991,Karina Lee
20992,Karina Mccoy
20993,Karina Perry
20994,Karina Pope
20995,Karina Ramirez
20996,Karina Richardson
20997,Karina Torres
20998,Karina White
20999,Karina Woods
21000,Karl Bennett
21001,Karl Cox
21002,Karl Diaz
21003,Karl Grant
21004,Karl Kennedy
21005,Karl Medina
21006,Karl Scott
21007,Karl Smith
21008,Karla Baker
21009,Karla Green
21010,Karla Jones
21011,Karla Miller
21012,Karla Montgomery
21013,Karla Nelson
21014,Karla Owens
21015,Karla Pena
21016,Karla Pugh
21017,Katelyn Adams
21018,Katelyn Aguilar
21019,Katelyn Carr
21020,Katelyn Contreras
21021,Katelyn Cross
21022,Katelyn Cruz
21023,Katelyn Davis
21024,Katelyn Diaz
21025,Katelyn Douglas
21026,Katelyn Dunn
21027,Katelyn Freeman
21028,Katelyn Gibson
21029,Katelyn Gonzalez
21030,Katelyn Goodman
21031,Katelyn Graham
21032,Katelyn Green
21033,Katelyn Hernandez
21034,Katelyn Humphrey
21035,Katelyn Ingram
21036,Katelyn Jimenez
21037,Katelyn Jones
21038,Katelyn Lawrence
21039,Katelyn Mccarthy
21040,Katelyn Montoya
21041,Katelyn Ortiz
21042,Katelyn Payne
21043,Katelyn Perez
21044,Katelyn Perry
21045,Katelyn Ramsey
21046,Katelyn Rocha
21047,Katelyn Rodriguez
21048,Katelyn Smith
21049,Katelyn Thompson
21050,Katelyn Williams
21051,Katelyn Zamora
21052,Katherine Adams
21053,Katherine Aguilar
21054,Katherine Anderson
21055,Katherine Austin
21056,Katherine Ayers
21057,Katherine Bailey
21058,Katherine Baker
21059,Katherine Barnett
21060,Katherine Barron
21061,Katherine Baxter
21062,Katherine Beard
21063,Katherine Bishop
21064,Katherine Brown
21065,Katherine Bruce
21066,Katherine Burton
21067,Katherine Campbell Phd
21068,Katherine Carroll
21069,Katherine Carter
21070,Katherine Case
21071,Katherine Chavez
21072,Katherine Chung
21073,Katherine Clayton
21074,Katherine Cole
21075,Katherine Colon
21076,Katherine Cooper
21077,Katherine Cox
21078,Katherine Cunningham
21079,Katherine Daniels
21080,Katherine Daugherty
21081,Katherine David
21082,Katherine Davis
21083,Katherine Davis Md
21084,Katherine Diaz
21085,Katherine Dickerson
21086,Katherine Dominguez
21087,Katherine Dunn
21088,Katherine Fisher
21089,Katherine Fitzgerald
21090,Katherine Flynn
21091,Katherine Garcia
21092,Katherine Garner
21093,Katherine Gentry
21094,Katherine George
21095,Katherine Gibson
21096,Katherine Gilbert
21097,Katherine Gonzalez
21098,Katherine Guerra
21099,Katherine Gutierrez
21100,Katherine Hall
21101,Katherine Hamilton
21102,Katherine Hancock
21103,Katherine Harmon
21104,Katherine Harrington
21105,Katherine Harris
21106,Katherine Hawkins
21107,Katherine Hays
21108,Katherine Hendricks
21109,Katherine Henry
21110,Katherine Henson
21111,Katherine Hernandez
21112,Katherine Horton
21113,Katherine Howard
21114,Katherine Howe
21115,Katherine Hudson
21116,Katherine Huerta
21117,Katherine Hurley
21118,Katherine Jacobs
21119,Katherine Johnson
21120,Katherine Johnston
21121,Katherine Jones
21122,Katherine Kelly
21123,Katherine Knox
21124,Katherine Lane
21125,Katherine Lawrence
21126,Katherine Le
21127,Katherine Lee
21128,Katherine Leon
21129,Katherine Leonard
21130,Katherine Lewis
21131,Katherine Li
21132,Katherine Little
21133,Katherine Lopez
21134,Katherine Love
21135,Katherine Lucas
21136,Katherine Marshall
21137,Katherine Martin
21138,Katherine Martinez
21139,Katherine Mayer
21140,Katherine Mccann
21141,Katherine Mccoy
21142,Katherine Mcdowell
21143,Katherine Mcfarland
21144,Katherine Mckee
21145,Katherine Mclaughlin
21146,Katherine Miller
21147,Katherine Mitchell
21148,Katherine Montgomery Dvm
21149,Katherine Mooney
21150,Katherine Morrison
21151,Katherine Moyer
21152,Katherine Norton
21153,Katherine Obrien
21154,Katherine Olson
21155,Katherine Ortiz
21156,Katherine Owens
21157,Katherine Patel
21158,Katherine Ramirez
21159,Katherine Ray
21160,Katherine Reed
21161,Katherine Richard
21162,Katherine Riley
21163,Katherine Rivera
21164,Katherine Robertson
21165,Katherine Robinson
21166,Katherine Robinson Dds
21167,Katherine Rodriguez
21168,Katherine Roman
21169,Katherine Romero
21170,Katherine Ross
21171,Katherine Salazar
21172,Katherine Sanchez
21173,Katherine Schmidt
21174,Katherine Sellers
21175,Katherine Shaw
21176,Katherine Sims
21177,Katherine Skinner
21178,Katherine Smith
21179,Katherine Solis
21180,Katherine Solomon
21181,Katherine Soto
21182,Katherine Spencer
21183,Katherine Stephens
21184,Katherine Suarez
21185,Katherine Taylor
21186,Katherine Thomas
21187,Katherine Thompson
21188,Katherine Torres
21189,Katherine Tyler Md
21190,Katherine Wallace
21191,Katherine Watts
21192,Katherine Wells
21193,Katherine Wheeler
21194,Katherine Wiggins
21195,Katherine Williams
21196,Katherine Wilson
21197,Katherine Wood
21198,Katherine Wright
21199,Katherine Wu
21200,Kathleen Andrews
21201,Kathleen Arias
21202,Kathleen Barrera
21203,Kathleen Berry
21204,Kathleen Blair
21205,Kathleen Bonilla
21206,Kathleen Brown
21207,Kathleen Campbell
21208,Kathleen Cannon
21209,Kathleen Cantrell
21210,Kathleen Carter
21211,Kathleen Copeland
21212,Kathleen Cummings
21213,Kathleen Davis
21214,Kathleen Dennis
21215,Kathleen Diaz
21216,Kathleen Dickson
21217,Kathleen Dougherty
21218,Kathleen Edwards
21219,Kathleen Esparza
21220,Kathleen Evans
21221,Kathleen Fleming
21222,Kathleen Fox
21223,Kathleen Gomez
21224,Kathleen Gray
21225,Kathleen Griffin
21226,Kathleen Hall
21227,Kathleen Haney
21228,Kathleen Hanna
21229,Kathleen Hanson
21230,Kathleen Harris
21231,Kathleen Hill
21232,Kathleen Hines
21233,Kathleen Howard
21234,Kathleen Humphrey
21235,Kathleen Jackson
21236,Kathleen Jenkins
21237,Kathleen Jimenez
21238,Kathleen Johnson
21239,Kathleen Jones
21240,Kathleen Jordan
21241,Kathleen Joyce
21242,Kathleen Kaiser
21243,Kathleen King
21244,Kathleen Landry
21245,Kathleen Larsen
21246,Kathleen Lawrence
21247,Kathleen Lewis
21248,Kathleen Logan
21249,Kathleen Lopez
21250,Kathleen Macias
21251,Kathleen Marshall
21252,Kathleen Martinez
21253,Kathleen Matthews
21254,Kathleen Mayo
21255,Kathleen Mcknight
21256,Kathleen Mcpherson
21257,Kathleen Mendez
21258,Kathleen Moore
21259,Kathleen Newton
21260,Kathleen Nichols
21261,Kathleen Norton
21262,Kathleen Oliver
21263,Kathleen Pace
21264,Kathleen Perez
21265,Kathleen Preston
21266,Kathleen Ramirez
21267,Kathleen Ramsey
21268,Kathleen Ray
21269,Kathleen Robbins
21270,Kathleen Roberts Dds
21271,Kathleen Rodriguez
21272,Kathleen Rogers
21273,Kathleen Romero
21274,Kathleen Rowe
21275,Kathleen Sanders
21276,Kathleen Santos
21277,Kathleen Scott
21278,Kathleen Sharp
21279,Kathleen Sherman
21280,Kathleen Silva
21281,Kathleen Simon
21282,Kathleen Simon Md
21283,Kathleen Smith
21284,Kathleen Snyder
21285,Kathleen Sparks
21286,Kathleen Strong
21287,Kathleen Sullivan
21288,Kathleen Taylor
21289,Kathleen Tucker
21290,Kathleen Turner
21291,Kathleen Vasquez
21292,Kathleen Wang
21293,Kathleen Watkins
21294,Kathleen Weaver
21295,Kathleen Wheeler
21296,Kathleen Willis
21297,Kathleen Wilson
21298,Kathleen Wolfe
21299,Kathryn Adams
21300,Kathryn Allen
21301,Kathryn Anderson
21302,Kathryn Andrade
21303,Kathryn Baldwin
21304,Kathryn Bell
21305,Kathryn Bennett
21306,Kathryn Brown
21307,Kathryn Carlson
21308,Kathryn Carter
21309,Kathryn Castro
21310,Kathryn Clements
21311,Kathryn Cole
21312,Kathryn Conway
21313,Kathryn Cook
21314,Kathryn Davidson
21315,Kathryn Davis
21316,Kathryn Duarte
21317,Kathryn Edwards
21318,Kathryn Ellis
21319,Kathryn Evans
21320,Kathryn Flowers
21321,Kathryn Ford
21322,Kathryn Fowler
21323,Kathryn Fox
21324,Kathryn Franklin
21325,Kathryn Galloway
21326,Kathryn Garcia
21327,Kathryn Garza
21328,Kathryn Graham
21329,Kathryn Guerra
21330,Kathryn Hanna
21331,Kathryn Harris
21332,Kathryn Harrison
21333,Kathryn Harvey
21334,Kathryn Hayes
21335,Kathryn Hays
21336,Kathryn Henderson
21337,Kathryn Henson
21338,Kathryn Hicks
21339,Kathryn Humphrey
21340,Kathryn Hunter
21341,Kathryn Jackson
21342,Kathryn Jimenez
21343,Kathryn Jones
21344,Kathryn Kennedy
21345,Kathryn Kent
21346,Kathryn Lamb
21347,Kathryn Leon
21348,Kathryn Little
21349,Kathryn Lopez
21350,Kathryn Martinez
21351,Kathryn Mckee
21352,Kathryn Miles
21353,Kathryn Mitchell
21354,Kathryn Moody
21355,Kathryn Moore
21356,Kathryn Moran
21357,Kathryn Morris
21358,Kathryn Nash
21359,Kathryn Nguyen
21360,Kathryn Ochoa
21361,Kathryn Osborne
21362,Kathryn Owens
21363,Kathryn Parker
21364,Kathryn Perez
21365,Kathryn Perkins
21366,Kathryn Porter
21367,Kathryn Powell
21368,Kathryn Riley
21369,Kathryn Rojas Phd
21370,Kathryn Ross
21371,Kathryn Russell
21372,Kathryn Shaw
21373,Kathryn Shields
21374,Kathryn Simpson
21375,Kathryn Sloan
21376,Kathryn Smith
21377,Kathryn Smith Dds
21378,Kathryn Stein
21379,Kathryn Stephens
21380,Kathryn Stewart
21381,Kathryn Sweeney
21382,Kathryn Tate
21383,Kathryn Thomas
21384,Kathryn Thompson
21385,Kathryn Tran
21386,Kathryn Trevino
21387,Kathryn Trujillo
21388,Kathryn Turner
21389,Kathryn Wagner
21390,Kathryn Wallace
21391,Kathryn White
21392,Kathryn Williams
21393,Kathryn Wong
21394,Kathryn Wright
21395,Kathryn Yang
21396,Kathryn Young
21397,Kathy Adams
21398,Kathy Allen
21399,Kathy Andrews
21400,Kathy Baird
21401,Kathy Ballard
21402,Kathy Bartlett
21403,Kathy Black
21404,Kathy Bradshaw
21405,Kathy Brown
21406,Kathy Buckley
21407,Kathy Callahan
21408,Kathy Carrillo
21409,Kathy Castro
21410,Kathy Crawford
21411,Kathy Davis
21412,Kathy Diaz
21413,Kathy Douglas
21414,Kathy Freeman
21415,Kathy Gibson
21416,Kathy Gonzalez Phd
21417,Kathy Green
21418,Kathy Harper
21419,Kathy Heath
21420,Kathy Hunt
21421,Kathy James
21422,Kathy Johnson
21423,Kathy Jones
21424,Kathy King
21425,Kathy Kirby
21426,Kathy Mclaughlin
21427,Kathy Mcpherson
21428,Kathy Melton
21429,Kathy Mitchell
21430,Kathy Montgomery
21431,Kathy Murray
21432,Kathy Nielsen
21433,Kathy Norris
21434,Kathy Osborne
21435,Kathy Palmer
21436,Kathy Parrish
21437,Kathy Pierce
21438,Kathy Rios
21439,Kathy Ritter
21440,Kathy Rivera
21441,Kathy Rogers
21442,Kathy Romero
21443,Kathy Ruiz
21444,Kathy Scott
21445,Kathy Shelton
21446,Kathy Simon
21447,Kathy Smith
21448,Kathy Sutton
21449,Kathy Thompson
21450,Kathy Tucker
21451,Kathy Vargas
21452,Kathy Walters
21453,Kathy Ware
21454,Kathy Warren
21455,Kathy Williams
21456,Kathy Young
21457,Katie Anderson
21458,Katie Andrews
21459,Katie Avila
21460,Katie Baker Dvm
21461,Katie Bennett
21462,Katie Bowen
21463,Katie Boyd
21464,Katie Boyle
21465,Katie Brooks
21466,Katie Brown
21467,Katie Burgess
21468,Katie Campbell
21469,Katie Carey
21470,Katie Carney
21471,Katie Clay
21472,Katie Cook
21473,Katie Cruz
21474,Katie Davidson
21475,Katie Davis
21476,Katie Dillon
21477,Katie Dorsey
21478,Katie Ellis
21479,Katie Ellison
21480,Katie Fitzpatrick
21481,Katie Fletcher
21482,Katie Foster
21483,Katie Garza
21484,Katie Gill
21485,Katie Gomez
21486,Katie Gray
21487,Katie Hall
21488,Katie Hansen
21489,Katie Hart
21490,Katie Haynes
21491,Katie Hernandez
21492,Katie Herring
21493,Katie Hopkins
21494,Katie Howe
21495,Katie Hughes
21496,Katie Jones
21497,Katie Keith
21498,Katie King
21499,Katie Lee
21500,Katie Leon
21501,Katie Lucas
21502,Katie Martinez
21503,Katie Mcconnell
21504,Katie Mckee
21505,Katie Oliver
21506,Katie Parker
21507,Katie Pierce
21508,Katie Pittman
21509,Katie Prince
21510,Katie Ramirez
21511,Katie Reid
21512,Katie Roberts
21513,Katie Ryan
21514,Katie Shannon
21515,Katie Short
21516,Katie Silva
21517,Katie Sloan
21518,Katie Smith
21519,Katie Summers
21520,Katie Terry
21521,Katie Thompson
21522,Katie Wall
21523,Katie Ward
21524,Katie West
21525,Katie Williams
21526,Katrina Allen
21527,Katrina Barnes
21528,Katrina Barton
21529,Katrina Bryant
21530,Katrina Chandler
21531,Katrina Clay
21532,Katrina Cochran
21533,Katrina Collins
21534,Katrina Cruz
21535,Katrina Davila
21536,Katrina Dominguez
21537,Katrina Ellis
21538,Katrina Fleming
21539,Katrina Fuentes
21540,Katrina Gallegos
21541,Katrina Gibson
21542,Katrina Jensen
21543,Katrina Johnson
21544,Katrina Lee
21545,Katrina Lopez
21546,Katrina Lowe
21547,Katrina Luna
21548,Katrina Martin
21549,Katrina Martinez
21550,Katrina Mcdaniel
21551,Katrina Miles
21552,Katrina Miller
21553,Katrina Moreno
21554,Katrina Morse
21555,Katrina Mueller
21556,Katrina Munoz
21557,Katrina Nguyen
21558,Katrina Nicholson
21559,Katrina Ortiz
21560,Katrina Osborne
21561,Katrina Owens
21562,Katrina Perkins
21563,Katrina Reed
21564,Katrina Reid
21565,Katrina Rogers
21566,Katrina Sharp
21567,Katrina Ware
21568,Katrina Webster
21569,Katrina Williams
21570,Katrina Wilson
21571,Katrina Wise
21572,Katrina Young
21573,Kayla Abbott
21574,Kayla Acosta
21575,Kayla Aguilar
21576,Kayla Armstrong
21577,Kayla Ayers
21578,Kayla Boyer
21579,Kayla Bradley
21580,Kayla Bridges
21581,Kayla Brown
21582,Kayla Calderon
21583,Kayla Chambers
21584,Kayla Christian Md
21585,Kayla Clark
21586,Kayla Cook
21587,Kayla Curtis Dds
21588,Kayla Davis
21589,Kayla Dean
21590,Kayla Dillon
21591,Kayla Edwards
21592,Kayla Farmer
21593,Kayla Ferguson
21594,Kayla Fleming
21595,Kayla Garcia
21596,Kayla Garrett
21597,Kayla Gay
21598,Kayla Gentry
21599,Kayla Gonzalez
21600,Kayla Graves
21601,Kayla Gray
21602,Kayla Griffin
21603,Kayla Gutierrez
21604,Kayla Harper
21605,Kayla Hawkins
21606,Kayla Hill
21607,Kayla Hudson
21608,Kayla Huff
21609,Kayla Irwin
21610,Kayla Jensen
21611,Kayla Johns
21612,Kayla Jones
21613,Kayla King
21614,Kayla Lawrence
21615,Kayla Leblanc
21616,Kayla Levine
21617,Kayla Long
21618,Kayla Manning
21619,Kayla Martinez
21620,Kayla Mccall
21621,Kayla Mcintyre
21622,Kayla Mckinney
21623,Kayla Meadows
21624,Kayla Meza
21625,Kayla Miller
21626,Kayla Mooney
21627,Kayla Moore
21628,Kayla Murphy
21629,Kayla Oliver
21630,Kayla Ortiz
21631,Kayla Parks
21632,Kayla Paul
21633,Kayla Payne
21634,Kayla Pearson
21635,Kayla Peterson
21636,Kayla Phillips
21637,Kayla Powell
21638,Kayla Powers
21639,Kayla Ramirez
21640,Kayla Ramos
21641,Kayla Reyes
21642,Kayla Richards
21643,Kayla Ritter
21644,Kayla Robles
21645,Kayla Rodgers
21646,Kayla Romero
21647,Kayla Rosales
21648,Kayla Ross
21649,Kayla Russo
21650,Kayla Schmidt
21651,Kayla Schneider
21652,Kayla Schroeder
21653,Kayla Shaffer
21654,Kayla Sharp
21655,Kayla Shepherd
21656,Kayla Simpson
21657,Kayla Smith
21658,Kayla Stanley
21659,Kayla Sutton
21660,Kayla Thompson
21661,Kayla Thornton
21662,Kayla Torres
21663,Kayla Turner
21664,Kayla Valdez
21665,Kayla Vargas
21666,Kayla Vasquez
21667,Kayla Villegas
21668,Kayla Walker
21669,Kayla Walsh
21670,Kayla Wells
21671,Kayla Werner
21672,Kayla White Phd
21673,Kayla Wolf
21674,Kayla Wood
21675,Kayla Yates
21676,Kaylee Glenn
21677,Kaylee Gonzalez
21678,Kaylee Hampton
21679,Kaylee Hansen
21680,Kaylee Holden
21681,Kaylee Hunter
21682,Kaylee King
21683,Kaylee Miller
21684,Kaylee Russell
21685,Kaylee Smith
21686,Kaylee Valenzuela
21687,Kaylee Vasquez
21688,Keith Allen
21689,Keith Anderson
21690,Keith Arnold
21691,Keith Austin
21692,Keith Avila
21693,Keith Barajas
21694,Keith Barry
21695,Keith Bates
21696,Keith Bennett
21697,Keith Bird Md
21698,Keith Bishop
21699,Keith Brown
21700,Keith Cameron
21701,Keith Cantu
21702,Keith Carroll
21703,Keith Carter
21704,Keith Cervantes
21705,Keith Chaney
21706,Keith Conley
21707,Keith Contreras
21708,Keith Curry
21709,Keith Douglas
21710,Keith Ellison
21711,Keith Estrada
21712,Keith Evans
21713,Keith Farmer
21714,Keith Fischer
21715,Keith Freeman Md
21716,Keith Gallagher
21717,Keith Gonzalez
21718,Keith Green
21719,Keith Grimes
21720,Keith Gutierrez
21721,Keith Hansen
21722,Keith Hart
21723,Keith Henry
21724,Keith Hernandez
21725,Keith Hicks
21726,Keith Jefferson
21727,Keith Jenkins
21728,Keith Johnson
21729,Keith Jordan
21730,Keith King
21731,Keith Lamb
21732,Keith Lara
21733,Keith Larson
21734,Keith Lloyd
21735,Keith Luna
21736,Keith Maddox
21737,Keith Mason
21738,Keith Mcdonald
21739,Keith Mcgrath
21740,Keith Medina
21741,Keith Melton
21742,Keith Meyer
21743,Keith Miller
21744,Keith Mills
21745,Keith Mitchell
21746,Keith Moody
21747,Keith Moore
21748,Keith Nelson
21749,Keith Newton
21750,Keith Nunez
21751,Keith Olson
21752,Keith Ortiz
21753,Keith Patel
21754,Keith Patton
21755,Keith Ramos
21756,Keith Raymond
21757,Keith Robinson
21758,Keith Rodriguez
21759,Keith Rowe
21760,Keith Russo
21761,Keith Sanchez
21762,Keith Santana
21763,Keith Savage
21764,Keith Sexton
21765,Keith Silva
21766,Keith Smith
21767,Keith Snyder
21768,Keith Thompson
21769,Keith Vasquez
21770,Keith Wade
21771,Keith Wagner
21772,Keith Wallace
21773,Keith Warren
21774,Keith Watson
21775,Keith West
21776,Keith Wilson
21777,Keith Young
21778,Kelli Brandt
21779,Kelli Burns
21780,Kelli Frye
21781,Kelli Gomez
21782,Kelli Gutierrez
21783,Kelli Hart
21784,Kelli Horton
21785,Kelli Jimenez
21786,Kelli Jordan
21787,Kelli Koch
21788,Kelli Larson
21789,Kelli Lucas
21790,Kelli Martin
21791,Kelli Mckee
21792,Kelli Mcknight
21793,Kelli Montgomery
21794,Kelli Norton
21795,Kelli Rogers
21796,Kelli Rojas
21797,Kelli Schmitt
21798,Kelli Schultz
21799,Kelli Washington
21800,Kelli Wells
21801,Kelli White
21802,Kelli Williamson
21803,Kellie Bautista
21804,Kellie Bush
21805,Kellie Butler
21806,Kellie Lewis
21807,Kellie Phillips
21808,Kelly Aguirre
21809,Kelly Alexander
21810,Kelly Allen
21811,Kelly Anderson
21812,Kelly Arias
21813,Kelly Avila
21814,Kelly Bailey
21815,Kelly Baldwin
21816,Kelly Barnett
21817,Kelly Bell
21818,Kelly Bennett
21819,Kelly Blevins
21820,Kelly Brewer
21821,Kelly Brown
21822,Kelly Carr
21823,Kelly Carter
21824,Kelly Chang
21825,Kelly Chapman
21826,Kelly Choi
21827,Kelly Church
21828,Kelly Clark
21829,Kelly Clay
21830,Kelly Cobb
21831,Kelly Cole
21832,Kelly Colon
21833,Kelly Contreras
21834,Kelly Cowan
21835,Kelly Crawford
21836,Kelly Cruz
21837,Kelly Curtis
21838,Kelly Daniels
21839,Kelly Davis
21840,Kelly Douglas
21841,Kelly Downs
21842,Kelly Duncan
21843,Kelly Edwards
21844,Kelly Esparza
21845,Kelly Espinoza
21846,Kelly Evans
21847,Kelly Fernandez
21848,Kelly Ford
21849,Kelly Fowler
21850,Kelly Frank
21851,Kelly Freeman
21852,Kelly Garcia
21853,Kelly Gardner
21854,Kelly Garrison
21855,Kelly Garza
21856,Kelly Gentry
21857,Kelly George
21858,Kelly Gilbert
21859,Kelly Gonzales
21860,Kelly Gonzalez
21861,Kelly Green
21862,Kelly Greer
21863,Kelly Grimes
21864,Kelly Hall
21865,Kelly Hanna
21866,Kelly Harmon
21867,Kelly Harris
21868,Kelly Harrison
21869,Kelly Hawkins
21870,Kelly Henderson
21871,Kelly Henson
21872,Kelly Hill
21873,Kelly Hines
21874,Kelly Holmes
21875,Kelly Hopkins
21876,Kelly Howard
21877,Kelly Howell
21878,Kelly Hubbard
21879,Kelly Hudson
21880,Kelly Hunter
21881,Kelly Irwin
21882,Kelly Jackson
21883,Kelly James
21884,Kelly Jenkins
21885,Kelly Johnson
21886,Kelly Jones
21887,Kelly Jordan
21888,Kelly Juarez
21889,Kelly Kaiser
21890,Kelly King
21891,Kelly Lane
21892,Kelly Lawrence
21893,Kelly Lee Md
21894,Kelly Leonard
21895,Kelly Lewis
21896,Kelly Lindsey
21897,Kelly Long
21898,Kelly Lopez
21899,Kelly Love
21900,Kelly Mann
21901,Kelly Marks
21902,Kelly Martin
21903,Kelly Martinez
21904,Kelly Mason
21905,Kelly Mathews
21906,Kelly Mccall
21907,Kelly Mcdaniel
21908,Kelly Mckinney
21909,Kelly Medina
21910,Kelly Melton
21911,Kelly Meyers
21912,Kelly Miller
21913,Kelly Mitchell
21914,Kelly Moore
21915,Kelly Morales
21916,Kelly Moran
21917,Kelly Munoz
21918,Kelly Murphy
21919,Kelly Myers
21920,Kelly Neal
21921,Kelly Nelson
21922,Kelly Nguyen
21923,Kelly Oconnell
21924,Kelly Oliver
21925,Kelly Olson
21926,Kelly Oneal
21927,Kelly Orozco
21928,Kelly Ortiz
21929,Kelly Owens
21930,Kelly Page
21931,Kelly Palmer
21932,Kelly Parrish
21933,Kelly Perez
21934,Kelly Peters
21935,Kelly Peterson
21936,Kelly Ramos
21937,Kelly Rios
21938,Kelly Rivera
21939,Kelly Roberts
21940,Kelly Robinson
21941,Kelly Rodriguez
21942,Kelly Romero
21943,Kelly Russell
21944,Kelly Sanchez
21945,Kelly Sanders
21946,Kelly Santiago
21947,Kelly Santos
21948,Kelly Sawyer
21949,Kelly Shelton
21950,Kelly Simmons
21951,Kelly Simon
21952,Kelly Smith
21953,Kelly Snyder
21954,Kelly Solomon
21955,Kelly Spencer
21956,Kelly Stevens
21957,Kelly Sullivan
21958,Kelly Tapia
21959,Kelly Taylor
21960,Kelly Terrell
21961,Kelly Thompson
21962,Kelly Townsend
21963,Kelly Tucker
21964,Kelly Turner
21965,Kelly Vang
21966,Kelly Velasquez
21967,Kelly Walker
21968,Kelly Walls
21969,Kelly Walsh
21970,Kelly Warren
21971,Kelly Waters
21972,Kelly Watson
21973,Kelly Weiss
21974,Kelly White
21975,Kelly Williams
21976,Kelly Willis
21977,Kelly Wilson
21978,Kelly Wolf
21979,Kelly Wright
21980,Kelly Young
21981,Kelsey Armstrong
21982,Kelsey Baker
21983,Kelsey Barrera
21984,Kelsey Caldwell
21985,Kelsey Carroll
21986,Kelsey Chen
21987,Kelsey Cook
21988,Kelsey Cross
21989,Kelsey Curry
21990,Kelsey Davidson
21991,Kelsey Davis
21992,Kelsey Dunn
21993,Kelsey Edwards
21994,Kelsey Escobar
21995,Kelsey Farmer
21996,Kelsey Farrell
21997,Kelsey Fischer
21998,Kelsey Fitzgerald
21999,Kelsey Friedman
22000,Kelsey Gray
22001,Kelsey Hansen
22002,Kelsey Harris
22003,Kelsey Heath
22004,Kelsey Howell
22005,Kelsey Jacobson
22006,Kelsey Jones
22007,Kelsey Logan
22008,Kelsey Mcguire
22009,Kelsey Miller
22010,Kelsey Moore
22011,Kelsey Nichols
22012,Kelsey Owen
22013,Kelsey Peters
22014,Kelsey Pitts
22015,Kelsey Powell
22016,Kelsey Richardson
22017,Kelsey Riddle
22018,Kelsey Salas
22019,Kelsey Schneider
22020,Kelsey Simpson
22021,Kelsey Smith
22022,Kelsey Soto
22023,Kelsey Sullivan
22024,Kelsey Taylor
22025,Kelsey Turner
22026,Kelsey Valdez
22027,Kelsey Whitehead
22028,Kelsey Wong
22029,Kelsey Woods
22030,Kendra Baker
22031,Kendra Beard
22032,Kendra Booth
22033,Kendra Chung
22034,Kendra Cook
22035,Kendra Craig
22036,Kendra Fields
22037,Kendra Franklin
22038,Kendra Gentry
22039,Kendra Graves
22040,Kendra Howard
22041,Kendra Hughes
22042,Kendra Jones
22043,Kendra Lynn
22044,Kendra Mack
22045,Kendra Martin
22046,Kendra Miller
22047,Kendra Mills
22048,Kendra Moore
22049,Kendra Pierce
22050,Kendra Ponce
22051,Kendra Rivera Md
22052,Kendra Robbins
22053,Kendra Silva
22054,Kendra Smith
22055,Kendra Velazquez
22056,Kendra Wilson
22057,Kenneth Adams
22058,Kenneth Aguilar
22059,Kenneth Alexander
22060,Kenneth Ali
22061,Kenneth Allen
22062,Kenneth Anderson
22063,Kenneth Ashley
22064,Kenneth Avila
22065,Kenneth Bailey
22066,Kenneth Baker
22067,Kenneth Baldwin
22068,Kenneth Barker
22069,Kenneth Barrett
22070,Kenneth Beck
22071,Kenneth Bell
22072,Kenneth Beltran
22073,Kenneth Blackwell
22074,Kenneth Bowen
22075,Kenneth Bradley
22076,Kenneth Brock
22077,Kenneth Brown
22078,Kenneth Brown Md
22079,Kenneth Burgess
22080,Kenneth Burke
22081,Kenneth Burton
22082,Kenneth Butler
22083,Kenneth Cannon
22084,Kenneth Carroll
22085,Kenneth Castillo
22086,Kenneth Castro
22087,Kenneth Chandler
22088,Kenneth Chen
22089,Kenneth Cole
22090,Kenneth Coleman
22091,Kenneth Copeland
22092,Kenneth Cross
22093,Kenneth Daniel
22094,Kenneth Davis
22095,Kenneth Dawson
22096,Kenneth Dougherty
22097,Kenneth Douglas
22098,Kenneth Duarte
22099,Kenneth Duffy
22100,Kenneth Dunn
22101,Kenneth Edwards
22102,Kenneth Fields
22103,Kenneth Fitzpatrick
22104,Kenneth Fletcher
22105,Kenneth Ford
22106,Kenneth Freeman
22107,Kenneth Fry
22108,Kenneth Gaines
22109,Kenneth Galloway
22110,Kenneth Garcia
22111,Kenneth Garrett
22112,Kenneth Garza
22113,Kenneth Glass
22114,Kenneth Gomez
22115,Kenneth Graves
22116,Kenneth Gray
22117,Kenneth Green
22118,Kenneth Gutierrez
22119,Kenneth Hall
22120,Kenneth Hampton
22121,Kenneth Harper
22122,Kenneth Harrell
22123,Kenneth Harvey
22124,Kenneth Hernandez
22125,Kenneth Higgins
22126,Kenneth Hines
22127,Kenneth Holloway
22128,Kenneth Horton
22129,Kenneth Hudson
22130,Kenneth Hughes
22131,Kenneth Jackson
22132,Kenneth Jacobs
22133,Kenneth Jacobson
22134,Kenneth James
22135,Kenneth James Md
22136,Kenneth Jennings
22137,Kenneth Johnson
22138,Kenneth Jones
22139,Kenneth Joyce
22140,Kenneth Kaufman
22141,Kenneth Keith
22142,Kenneth Kelley
22143,Kenneth King
22144,Kenneth Lawson
22145,Kenneth Leach
22146,Kenneth Lee
22147,Kenneth Leonard
22148,Kenneth Lewis
22149,Kenneth Lloyd
22150,Kenneth Logan
22151,Kenneth Lynch
22152,Kenneth Martin
22153,Kenneth Martinez
22154,Kenneth Mcdaniel
22155,Kenneth Mcintosh
22156,Kenneth Mejia
22157,Kenneth Melton
22158,Kenneth Miller
22159,Kenneth Miranda
22160,Kenneth Mitchell
22161,Kenneth Moore
22162,Kenneth Myers
22163,Kenneth Nash
22164,Kenneth Nelson
22165,Kenneth Nguyen
22166,Kenneth Nichols
22167,Kenneth Nolan
22168,Kenneth Nunez
22169,Kenneth Obrien
22170,Kenneth Ortiz
22171,Kenneth Parker
22172,Kenneth Patel
22173,Kenneth Ponce
22174,Kenneth Porter
22175,Kenneth Price
22176,Kenneth Pugh
22177,Kenneth Reed
22178,Kenneth Reyes
22179,Kenneth Reynolds
22180,Kenneth Richard
22181,Kenneth Richardson
22182,Kenneth Rivas
22183,Kenneth Robbins
22184,Kenneth Roberts
22185,Kenneth Robinson
22186,Kenneth Rodgers Dds
22187,Kenneth Rodriguez
22188,Kenneth Roman
22189,Kenneth Romero
22190,Kenneth Rowland
22191,Kenneth Ryan
22192,Kenneth Sanchez
22193,Kenneth Sanders
22194,Kenneth Shea
22195,Kenneth Shepard
22196,Kenneth Simmons
22197,Kenneth Simpson
22198,Kenneth Smith
22199,Kenneth Sparks
22200,Kenneth Stein
22201,Kenneth Sweeney
22202,Kenneth Taylor
22203,Kenneth Thompson
22204,Kenneth Tran
22205,Kenneth Turner
22206,Kenneth Underwood
22207,Kenneth Vargas
22208,Kenneth Vega
22209,Kenneth Wagner
22210,Kenneth Walker
22211,Kenneth Walls
22212,Kenneth Ward
22213,Kenneth Watson
22214,Kenneth West
22215,Kenneth White
22216,Kenneth Williams
22217,Kenneth Wilson
22218,Kenneth Wright
22219,Kenneth Young
22220,Kent Black
22221,Kent Blackburn
22222,Kent Burns
22223,Kent Clark
22224,Kent Houston
22225,Kent Krause
22226,Kent Mathis
22227,Kent Randolph
22228,Kerri Alexander
22229,Kerri Brock
22230,Kerri Freeman
22231,Kerri Howell
22232,Kerri Larson
22233,Kerri Rodriguez
22234,Kerri Santiago
22235,Kerri Villanueva
22236,Kerri White
22237,Kerri Willis Dvm
22238,Kerri Wright
22239,Kerry Carey
22240,Kerry Johnson
22241,Kerry Mcfarland
22242,Kerry Mckenzie
22243,Kerry Mcknight
22244,Kerry Mendoza
22245,Kerry Miller
22246,Kerry Reyes
22247,Kerry Tapia
22248,Kerry Villegas
22249,Kevin Adams
22250,Kevin Alexander
22251,Kevin Alexander Md
22252,Kevin Allen
22253,Kevin Alvarado
22254,Kevin Alvarez
22255,Kevin Andersen
22256,Kevin Anderson
22257,Kevin Andrews
22258,Kevin Armstrong
22259,Kevin Atkins
22260,Kevin Ayala
22261,Kevin Baird
22262,Kevin Ballard
22263,Kevin Beck
22264,Kevin Berg
22265,Kevin Bishop
22266,Kevin Booth
22267,Kevin Brennan
22268,Kevin Brown
22269,Kevin Bryant
22270,Kevin Bullock
22271,Kevin Burke
22272,Kevin Bush
22273,Kevin Butler
22274,Kevin Calhoun
22275,Kevin Carlson
22276,Kevin Carson
22277,Kevin Castillo
22278,Kevin Chambers Iii
22279,Kevin Chan
22280,Kevin Chandler
22281,Kevin Choi
22282,Kevin Clark
22283,Kevin Cline
22284,Kevin Cohen
22285,Kevin Cole
22286,Kevin Collins
22287,Kevin Conley
22288,Kevin Conner
22289,Kevin Contreras
22290,Kevin Cooke
22291,Kevin Craig
22292,Kevin Crawford
22293,Kevin Cruz
22294,Kevin Cummings
22295,Kevin Daniels
22296,Kevin Davis
22297,Kevin Dean
22298,Kevin Deleon
22299,Kevin Delgado
22300,Kevin Dixon
22301,Kevin Dodson
22302,Kevin Dorsey
22303,Kevin Duran
22304,Kevin Ellis
22305,Kevin Ellison
22306,Kevin Erickson
22307,Kevin Evans
22308,Kevin Farrell
22309,Kevin Ferguson
22310,Kevin Fernandez
22311,Kevin Fields
22312,Kevin Figueroa Md
22313,Kevin Fisher
22314,Kevin Flores
22315,Kevin Foster
22316,Kevin Fox
22317,Kevin Franklin
22318,Kevin Friedman
22319,Kevin Garcia
22320,Kevin Gentry
22321,Kevin Gill
22322,Kevin Gillespie
22323,Kevin Glover
22324,Kevin Gonzalez
22325,Kevin Gordon
22326,Kevin Graham
22327,Kevin Gray
22328,Kevin Green
22329,Kevin Greene
22330,Kevin Griffin Dds
22331,Kevin Gutierrez
22332,Kevin Hall
22333,Kevin Hampton
22334,Kevin Hansen
22335,Kevin Harris
22336,Kevin Hart
22337,Kevin Hendricks
22338,Kevin Hernandez
22339,Kevin Herrera
22340,Kevin Hill
22341,Kevin Howell
22342,Kevin Hudson
22343,Kevin Huffman
22344,Kevin Hughes
22345,Kevin Hunt
22346,Kevin Hunter
22347,Kevin Hurley
22348,Kevin Jackson
22349,Kevin James
22350,Kevin Jefferson
22351,Kevin Jenkins
22352,Kevin Johnson
22353,Kevin Jones
22354,Kevin Kane
22355,Kevin Keller
22356,Kevin Kelley
22357,Kevin Kelly
22358,Kevin Kemp
22359,Kevin Kennedy
22360,Kevin Kidd
22361,Kevin King
22362,Kevin Kirk
22363,Kevin Klein
22364,Kevin Knapp
22365,Kevin Knox
22366,Kevin Lara
22367,Kevin Leblanc
22368,Kevin Leon
22369,Kevin Leonard
22370,Kevin Lindsey
22371,Kevin Little
22372,Kevin Lopez
22373,Kevin Lynch
22374,Kevin Macdonald
22375,Kevin Mack
22376,Kevin Maldonado
22377,Kevin Malone
22378,Kevin Manning
22379,Kevin Marshall
22380,Kevin Martin
22381,Kevin Massey
22382,Kevin Matthews
22383,Kevin Mcclain
22384,Kevin Mcclure
22385,Kevin Mccormick
22386,Kevin Mcdonald
22387,Kevin Mclean
22388,Kevin Meyer
22389,Kevin Miller
22390,Kevin Mills
22391,Kevin Mitchell
22392,Kevin Monroe
22393,Kevin Montes
22394,Kevin Montgomery
22395,Kevin Moody
22396,Kevin Moore
22397,Kevin Moreno
22398,Kevin Moss
22399,Kevin Munoz
22400,Kevin Murphy
22401,Kevin Murray
22402,Kevin Nash
22403,Kevin Neal
22404,Kevin Nguyen
22405,Kevin Nichols
22406,Kevin Nicholson
22407,Kevin Oconnell
22408,Kevin Oconnor
22409,Kevin Odom
22410,Kevin Oliver
22411,Kevin Ortiz
22412,Kevin Owens
22413,Kevin Pacheco
22414,Kevin Parks
22415,Kevin Patel
22416,Kevin Patterson
22417,Kevin Paul
22418,Kevin Payne
22419,Kevin Perez
22420,Kevin Perry
22421,Kevin Peters
22422,Kevin Peterson
22423,Kevin Petty
22424,Kevin Pham
22425,Kevin Pierce
22426,Kevin Poole
22427,Kevin Pope
22428,Kevin Powell
22429,Kevin Pratt
22430,Kevin Quinn
22431,Kevin Ramirez
22432,Kevin Ramos
22433,Kevin Randall
22434,Kevin Rasmussen
22435,Kevin Richmond
22436,Kevin Rios
22437,Kevin Rivera
22438,Kevin Roberts
22439,Kevin Rodriguez
22440,Kevin Rogers
22441,Kevin Rose
22442,Kevin Ross
22443,Kevin Rubio
22444,Kevin Ruiz
22445,Kevin Salinas
22446,Kevin Sanford
22447,Kevin Santos
22448,Kevin Scott
22449,Kevin Shaw
22450,Kevin Sherman
22451,Kevin Silva
22452,Kevin Simmons
22453,Kevin Simon
22454,Kevin Sims
22455,Kevin Singh Dds
22456,Kevin Smith
22457,Kevin Snow
22458,Kevin Snyder
22459,Kevin Soto
22460,Kevin Sparks
22461,Kevin Stewart
22462,Kevin Strickland
22463,Kevin Taylor
22464,Kevin Terrell
22465,Kevin Thomas
22466,Kevin Thompson
22467,Kevin Tucker
22468,Kevin Turner
22469,Kevin Valdez
22470,Kevin Vaughn
22471,Kevin Wade
22472,Kevin Walker
22473,Kevin Walton
22474,Kevin Ward
22475,Kevin Watson
22476,Kevin Watts
22477,Kevin Webb
22478,Kevin Wells
22479,Kevin West
22480,Kevin Wheeler
22481,Kevin White
22482,Kevin Wiggins
22483,Kevin Williams
22484,Kevin Williamson
22485,Kevin Willis
22486,Kevin Wilson
22487,Kevin Wilson Dvm
22488,Kevin Wise
22489,Kevin Wolf
22490,Kevin Wood
22491,Kevin Woods
22492,Kevin Wu
22493,Kevin Young
22494,Kevin Zavala
22495,Kevin Zimmerman
22496,Kiara Barajas
22497,Kiara Dougherty
22498,Kiara Garcia
22499,Kiara Hayes
22500,Kiara Hernandez
22501,Kiara House
22502,Kiara Johnson
22503,Kiara Lane
22504,Kiara Nelson
22505,Kiara Pierce
22506,Kiara Shelton
22507,Kiara Tanner
22508,Kiara Turner
22509,Kiara Vance
22510,Kim Adams
22511,Kim Alvarez
22512,Kim Anthony
22513,Kim Ballard
22514,Kim Banks
22515,Kim Barnes
22516,Kim Bell
22517,Kim Benton
22518,Kim Blair
22519,Kim Booth
22520,Kim Brown
22521,Kim Burton
22522,Kim Carpenter
22523,Kim Castillo
22524,Kim Chase
22525,Kim Clark
22526,Kim Daniels
22527,Kim Davis
22528,Kim Dean
22529,Kim Downs
22530,Kim Duke
22531,Kim Dunn
22532,Kim Floyd
22533,Kim Fox
22534,Kim Galvan
22535,Kim Gillespie
22536,Kim Gonzalez
22537,Kim Gray
22538,Kim Green
22539,Kim Guerrero
22540,Kim Heath
22541,Kim Henderson
22542,Kim Hendricks
22543,Kim Holt
22544,Kim Hudson
22545,Kim James
22546,Kim Jennings
22547,Kim Kane
22548,Kim Lamb
22549,Kim Larson
22550,Kim Lee
22551,Kim Leonard
22552,Kim Livingston
22553,Kim Mann
22554,Kim Martin
22555,Kim Mcfarland
22556,Kim Miller
22557,Kim Mitchell
22558,Kim Montoya
22559,Kim Patel
22560,Kim Quinn
22561,Kim Rangel
22562,Kim Rodriguez
22563,Kim Rogers
22564,Kim Romero
22565,Kim Russell
22566,Kim Sanchez
22567,Kim Sandoval Dds
22568,Kim Smith
22569,Kim Sparks
22570,Kim Stark
22571,Kim Stein
22572,Kim Stewart
22573,Kim Stewart Md
22574,Kim Taylor
22575,Kim Turner
22576,Kim Wade
22577,Kim Wilson
22578,Kim Wood
22579,Kim Woodard
22580,Kim Zuniga
22581,Kimberly Adams
22582,Kimberly Adams Dvm
22583,Kimberly Allen
22584,Kimberly Anderson
22585,Kimberly Andrews
22586,Kimberly Arias
22587,Kimberly Bailey
22588,Kimberly Baldwin
22589,Kimberly Ballard
22590,Kimberly Banks
22591,Kimberly Bender Dds
22592,Kimberly Bernard
22593,Kimberly Black
22594,Kimberly Blair
22595,Kimberly Blankenship
22596,Kimberly Blevins
22597,Kimberly Bowers
22598,Kimberly Bowman
22599,Kimberly Boyd
22600,Kimberly Boyer
22601,Kimberly Brewer
22602,Kimberly Brown
22603,Kimberly Bryan
22604,Kimberly Burns Dvm
22605,Kimberly Burton
22606,Kimberly Bush
22607,Kimberly Butler
22608,Kimberly Calhoun
22609,Kimberly Campbell
22610,Kimberly Cardenas
22611,Kimberly Carlson
22612,Kimberly Carroll
22613,Kimberly Carter
22614,Kimberly Castaneda
22615,Kimberly Chapman
22616,Kimberly Chavez
22617,Kimberly Chen
22618,Kimberly Clark
22619,Kimberly Coffey
22620,Kimberly Cole
22621,Kimberly Conley
22622,Kimberly Conner
22623,Kimberly Contreras
22624,Kimberly Cook
22625,Kimberly Cooper
22626,Kimberly Copeland
22627,Kimberly Costa
22628,Kimberly Cox
22629,Kimberly Cross
22630,Kimberly Cummings
22631,Kimberly Cunningham
22632,Kimberly Curry
22633,Kimberly Daniels
22634,Kimberly Davis
22635,Kimberly Decker
22636,Kimberly Diaz
22637,Kimberly Dickerson
22638,Kimberly Dominguez
22639,Kimberly Donaldson
22640,Kimberly Dyer
22641,Kimberly Edwards
22642,Kimberly Edwards Dds
22643,Kimberly Elliott
22644,Kimberly Erickson
22645,Kimberly Esparza
22646,Kimberly Estrada
22647,Kimberly Evans
22648,Kimberly Finley
22649,Kimberly Fischer
22650,Kimberly Fisher
22651,Kimberly Flores
22652,Kimberly Floyd
22653,Kimberly Flynn
22654,Kimberly Ford
22655,Kimberly Foster
22656,Kimberly Freeman
22657,Kimberly French
22658,Kimberly Fuller
22659,Kimberly Gallegos
22660,Kimberly Garcia
22661,Kimberly Garza
22662,Kimberly Gates
22663,Kimberly Gibson
22664,Kimberly Glover
22665,Kimberly Gomez
22666,Kimberly Gonzales
22667,Kimberly Gonzales Md
22668,Kimberly Gonzalez
22669,Kimberly Gordon
22670,Kimberly Graham
22671,Kimberly Green
22672,Kimberly Gregory
22673,Kimberly Hall
22674,Kimberly Hamilton
22675,Kimberly Hammond
22676,Kimberly Hampton
22677,Kimberly Hansen
22678,Kimberly Harrison
22679,Kimberly Hawkins
22680,Kimberly Hayden
22681,Kimberly Heath
22682,Kimberly Henderson
22683,Kimberly Henry
22684,Kimberly Hernandez
22685,Kimberly Herrera
22686,Kimberly Herring Md
22687,Kimberly Higgins
22688,Kimberly Ho
22689,Kimberly Hoffman
22690,Kimberly Holder
22691,Kimberly Holmes
22692,Kimberly Houston Dvm
22693,Kimberly Howard
22694,Kimberly Hubbard
22695,Kimberly Hudson
22696,Kimberly Jackson
22697,Kimberly James Md
22698,Kimberly Jennings
22699,Kimberly Jensen
22700,Kimberly Johnson
22701,Kimberly Johnston
22702,Kimberly Jones
22703,Kimberly Juarez
22704,Kimberly Juarez Dds
22705,Kimberly Kelley
22706,Kimberly Kelley Dds
22707,Kimberly Key
22708,Kimberly Kim
22709,Kimberly King
22710,Kimberly Kirk
22711,Kimberly Krause
22712,Kimberly Lambert
22713,Kimberly Lane Dvm
22714,Kimberly Lee
22715,Kimberly Leonard
22716,Kimberly Lewis
22717,Kimberly Love
22718,Kimberly Lucas
22719,Kimberly Lynch
22720,Kimberly Macias
22721,Kimberly Mack
22722,Kimberly Maldonado
22723,Kimberly Malone
22724,Kimberly Marshall
22725,Kimberly Martin
22726,Kimberly Martinez
22727,Kimberly Mason
22728,Kimberly Mathews
22729,Kimberly Matthews
22730,Kimberly May
22731,Kimberly Maynard
22732,Kimberly Mccall
22733,Kimberly Mcclure
22734,Kimberly Mccoy
22735,Kimberly Mcdonald
22736,Kimberly Mcfarland
22737,Kimberly Mcintyre
22738,Kimberly Mendez
22739,Kimberly Meyers
22740,Kimberly Miller
22741,Kimberly Mills
22742,Kimberly Miranda
22743,Kimberly Mitchell
22744,Kimberly Molina
22745,Kimberly Montgomery
22746,Kimberly Moore
22747,Kimberly Morales
22748,Kimberly Morris
22749,Kimberly Morse
22750,Kimberly Murphy
22751,Kimberly Nelson
22752,Kimberly Nguyen
22753,Kimberly Nichols
22754,Kimberly Nielsen
22755,Kimberly Norris
22756,Kimberly Nunez
22757,Kimberly Obrien
22758,Kimberly Oliver
22759,Kimberly Orozco
22760,Kimberly Parker
22761,Kimberly Parrish
22762,Kimberly Parsons
22763,Kimberly Patton
22764,Kimberly Paul
22765,Kimberly Pearson
22766,Kimberly Perez Md
22767,Kimberly Perkins
22768,Kimberly Peters
22769,Kimberly Petersen
22770,Kimberly Phillips
22771,Kimberly Pierce
22772,Kimberly Poole
22773,Kimberly Potter
22774,Kimberly Powers
22775,Kimberly Quinn
22776,Kimberly Ramirez
22777,Kimberly Ramos
22778,Kimberly Reed Md
22779,Kimberly Reese
22780,Kimberly Reid
22781,Kimberly Reynolds
22782,Kimberly Rice
22783,Kimberly Richardson
22784,Kimberly Richmond
22785,Kimberly Ritter
22786,Kimberly Robinson
22787,Kimberly Rocha
22788,Kimberly Rodriguez
22789,Kimberly Rodriguez Dvm
22790,Kimberly Rogers
22791,Kimberly Rojas
22792,Kimberly Romero
22793,Kimberly Rosario
22794,Kimberly Ross
22795,Kimberly Rowland
22796,Kimberly Rubio
22797,Kimberly Rush
22798,Kimberly Ryan
22799,Kimberly Sanchez
22800,Kimberly Sanders
22801,Kimberly Sandoval Md
22802,Kimberly Santiago
22803,Kimberly Santos
22804,Kimberly Savage
22805,Kimberly Schmidt
22806,Kimberly Schmitt
22807,Kimberly Scott
22808,Kimberly Shaw
22809,Kimberly Silva
22810,Kimberly Simmons
22811,Kimberly Sims
22812,Kimberly Smith
22813,Kimberly Snyder
22814,Kimberly Soto
22815,Kimberly Spencer
22816,Kimberly Stevenson
22817,Kimberly Stewart
22818,Kimberly Sutton
22819,Kimberly Taylor
22820,Kimberly Terrell
22821,Kimberly Thomas
22822,Kimberly Townsend
22823,Kimberly Tran
22824,Kimberly Tucker
22825,Kimberly Tyler
22826,Kimberly Vargas
22827,Kimberly Vaughn
22828,Kimberly Velazquez
22829,Kimberly Ward
22830,Kimberly Warner
22831,Kimberly Warren
22832,Kimberly Waters
22833,Kimberly Weaver
22834,Kimberly West
22835,Kimberly White
22836,Kimberly Williams
22837,Kimberly Williamson
22838,Kimberly Wilson
22839,Kimberly Woodward
22840,Kimberly Wright
22841,Kimberly Yoder
22842,Kimberly York
22843,Kimberly Young
22844,Kimberly Zhang
22845,Kimberly Zimmerman
22846,Kirk Campbell
22847,Kirk Garrett
22848,Kirk Johnson
22849,Kirk Lee
22850,Kirk Martinez
22851,Kirk Miller
22852,Kirk Newman
22853,Kirk Olson
22854,Kirk Rich Ii
22855,Kirk Wade Md
22856,Kirk Wheeler
22857,Kirk White
22858,Kirk Wright
22859,Kirsten Beasley
22860,Kirsten Chapman
22861,Kirsten Hurley
22862,Kirsten Mcintyre
22863,Kirsten Morris
22864,Kirsten Morse
22865,Kirsten Nunez
22866,Krista Allen
22867,Krista Bowen
22868,Krista Brown
22869,Krista Gibbs
22870,Krista Griffin
22871,Krista Hall
22872,Krista Hartman
22873,Krista Hess
22874,Krista Johnson
22875,Krista Johnston
22876,Krista Jones
22877,Krista Kennedy
22878,Krista Lopez
22879,Krista Martinez
22880,Krista Mills
22881,Krista Moore
22882,Krista Owens
22883,Krista Perez
22884,Krista Peterson
22885,Krista Pittman
22886,Krista Porter
22887,Krista Price
22888,Krista Rollins
22889,Krista Sanchez
22890,Krista Schneider
22891,Krista Singleton
22892,Krista Smith
22893,Krista Sullivan
22894,Krista Taylor
22895,Krista Thomas
22896,Krista Walsh
22897,Krista Warner
22898,Kristen Aguirre
22899,Kristen Andersen
22900,Kristen Anderson
22901,Kristen Arnold
22902,Kristen Baker
22903,Kristen Baldwin
22904,Kristen Barrera
22905,Kristen Bartlett
22906,Kristen Bautista
22907,Kristen Boyer
22908,Kristen Brewer
22909,Kristen Brown
22910,Kristen Burgess
22911,Kristen Butler
22912,Kristen Carroll
22913,Kristen Carter
22914,Kristen Chambers
22915,Kristen Cooper
22916,Kristen Costa
22917,Kristen Davidson
22918,Kristen Davis
22919,Kristen Deleon
22920,Kristen Doyle
22921,Kristen Dudley
22922,Kristen Elliott
22923,Kristen English
22924,Kristen Fischer
22925,Kristen Ford
22926,Kristen Franklin
22927,Kristen Garcia
22928,Kristen Gardner
22929,Kristen Gomez
22930,Kristen Green
22931,Kristen Griffith Phd
22932,Kristen Hancock
22933,Kristen Hansen
22934,Kristen Harper
22935,Kristen Hickman
22936,Kristen Hicks
22937,Kristen Hill
22938,Kristen Hines
22939,Kristen Holmes
22940,Kristen Hubbard
22941,Kristen Hunter
22942,Kristen Jackson
22943,Kristen Jimenez
22944,Kristen Johnson
22945,Kristen Jones
22946,Kristen Kelly
22947,Kristen Kennedy
22948,Kristen Kim
22949,Kristen King
22950,Kristen Kramer
22951,Kristen Lopez
22952,Kristen Lowe
22953,Kristen Martinez
22954,Kristen Mata
22955,Kristen Mcguire
22956,Kristen Mcpherson
22957,Kristen Medina
22958,Kristen Mendoza
22959,Kristen Mercer
22960,Kristen Morales
22961,Kristen Moran
22962,Kristen Olson
22963,Kristen Palmer
22964,Kristen Payne
22965,Kristen Perry
22966,Kristen Peterson
22967,Kristen Phillips
22968,Kristen Raymond
22969,Kristen Richardson
22970,Kristen Rivas
22971,Kristen Rivera
22972,Kristen Roberts
22973,Kristen Rogers
22974,Kristen Rosales
22975,Kristen Rose
22976,Kristen Russell
22977,Kristen Sanchez
22978,Kristen Santos
22979,Kristen Shaw
22980,Kristen Shea
22981,Kristen Sims
22982,Kristen Smith
22983,Kristen Snyder
22984,Kristen Summers
22985,Kristen Tate
22986,Kristen Taylor
22987,Kristen Thomas
22988,Kristen Thompson
22989,Kristen Thornton
22990,Kristen Todd
22991,Kristen Torres
22992,Kristen Vazquez
22993,Kristen Wilkins
22994,Kristen Williams
22995,Kristen Wilson
22996,Kristen Wood
22997,Kristen Woods
22998,Kristi Boyd
22999,Kristi Brown
23000,Kristi Carey
23001,Kristi Carson
23002,Kristi Colon
23003,Kristi Davis
23004,Kristi Forbes
23005,Kristi Fry
23006,Kristi Heath
23007,Kristi Hodges
23008,Kristi Horton
23009,Kristi Jackson
23010,Kristi Johnson
23011,Kristi Jones
23012,Kristi Martin
23013,Kristi Obrien
23014,Kristi Ortiz
23015,Kristi Pacheco
23016,Kristi Riley
23017,Kristi Russell
23018,Kristi Sandoval
23019,Kristi Schmidt
23020,Kristi Schultz
23021,Kristi Smith
23022,Kristi Vasquez
23023,Kristi Ward
23024,Kristi Watkins
23025,Kristi White
23026,Kristi Wiggins
23027,Kristi Wilson
23028,Kristie Allen
23029,Kristie Burgess
23030,Kristie Evans Dvm
23031,Kristie Knight
23032,Kristie Lee
23033,Kristie Morgan
23034,Kristie Murphy
23035,Kristie Roberts
23036,Kristie Solis
23037,Kristie Thomas
23038,Kristie Thompson
23039,Kristie Velasquez
23040,Kristin Anderson
23041,Kristin Bates
23042,Kristin Best
23043,Kristin Blankenship
23044,Kristin Brown
23045,Kristin Brown Md
23046,Kristin Bryant
23047,Kristin Cain
23048,Kristin Carrillo
23049,Kristin Carter
23050,Kristin Chan
23051,Kristin Christian
23052,Kristin Clark
23053,Kristin Cook
23054,Kristin Decker
23055,Kristin Downs
23056,Kristin Fischer
23057,Kristin Fox
23058,Kristin Frazier
23059,Kristin Freeman
23060,Kristin Gilbert
23061,Kristin Gross
23062,Kristin Guzman
23063,Kristin Hartman
23064,Kristin Hernandez
23065,Kristin Hill
23066,Kristin Hobbs
23067,Kristin Hodge
23068,Kristin Hughes
23069,Kristin Jennings
23070,Kristin Johnson
23071,Kristin Juarez
23072,Kristin Keller
23073,Kristin King
23074,Kristin Koch
23075,Kristin Lamb
23076,Kristin Lambert
23077,Kristin Lee
23078,Kristin Livingston
23079,Kristin Lopez
23080,Kristin Luna
23081,Kristin Lynch
23082,Kristin Marks
23083,Kristin Marshall
23084,Kristin Martinez
23085,Kristin Mason
23086,Kristin May
23087,Kristin Maynard
23088,Kristin Mccoy
23089,Kristin Miller
23090,Kristin Murray
23091,Kristin Myers
23092,Kristin Nelson
23093,Kristin Ochoa
23094,Kristin Odom
23095,Kristin Olson
23096,Kristin Peterson
23097,Kristin Pittman
23098,Kristin Porter
23099,Kristin Ray
23100,Kristin Richardson
23101,Kristin Rojas
23102,Kristin Ross
23103,Kristin Rowe
23104,Kristin Salinas
23105,Kristin Schmitt
23106,Kristin Soto
23107,Kristin Sullivan
23108,Kristin Tanner
23109,Kristin Thompson
23110,Kristin Turner
23111,Kristin Valdez
23112,Kristin Vaughn
23113,Kristin Vincent
23114,Kristin Weaver
23115,Kristin Weber
23116,Kristin Wilkerson
23117,Kristin Wilson
23118,Kristin Wood
23119,Kristin Wright
23120,Kristin Wu
23121,Kristin Wyatt
23122,Kristin Zimmerman
23123,Kristina Aguilar
23124,Kristina Alvarez
23125,Kristina Anderson
23126,Kristina Baldwin
23127,Kristina Benjamin
23128,Kristina Bentley
23129,Kristina Cervantes
23130,Kristina Clarke
23131,Kristina Collins
23132,Kristina Cook
23133,Kristina Foster
23134,Kristina Frazier
23135,Kristina Gomez
23136,Kristina Gray
23137,Kristina Hanna
23138,Kristina Hanson
23139,Kristina Jimenez
23140,Kristina Johnson
23141,Kristina Joyce
23142,Kristina Lawrence
23143,Kristina Macdonald Md
23144,Kristina Maldonado
23145,Kristina Martin
23146,Kristina Martinez
23147,Kristina Mcmahon
23148,Kristina Mendez Md
23149,Kristina Montoya
23150,Kristina Moon
23151,Kristina Moore
23152,Kristina Munoz
23153,Kristina Patterson
23154,Kristina Reyes
23155,Kristina Rice
23156,Kristina Robinson
23157,Kristina Roman
23158,Kristina Ross
23159,Kristina Sheppard
23160,Kristina Simpson
23161,Kristina Sutton
23162,Kristina Terrell
23163,Kristina Thomas
23164,Kristina Thornton
23165,Kristina Torres
23166,Kristina Watts
23167,Kristina White
23168,Kristina Williams
23169,Kristina Wilson
23170,Kristina Wolfe
23171,Kristina Wood
23172,Kristine Benjamin
23173,Kristine Brandt
23174,Kristine Browning
23175,Kristine Buchanan
23176,Kristine Campbell
23177,Kristine Cook
23178,Kristine Cox
23179,Kristine Crawford
23180,Kristine Dickson
23181,Kristine Harrington
23182,Kristine Haynes
23183,Kristine Jackson
23184,Kristine Knight
23185,Kristine Lozano
23186,Kristine Mcpherson
23187,Kristine Mitchell
23188,Kristine Patel
23189,Kristine Pena
23190,Kristine Perez
23191,Kristine Sims
23192,Kristine Stevens
23193,Kristine Stuart
23194,Kristine Taylor
23195,Kristine Terry Dvm
23196,Kristine Thompson
23197,Kristopher Cole
23198,Kristopher Gibson
23199,Kristopher Henderson
23200,Kristopher Jordan
23201,Kristopher Marshall
23202,Kristopher Mcdonald
23203,Kristopher Murphy
23204,Kristopher Phelps
23205,Kristopher Rosales
23206,Kristopher Salazar
23207,Kristopher Williams
23208,Kristy Alexander
23209,Kristy Anderson
23210,Kristy Ayala
23211,Kristy Baker
23212,Kristy Brown
23213,Kristy Contreras
23214,Kristy Fernandez
23215,Kristy Hartman
23216,Kristy Huffman
23217,Kristy Jefferson
23218,Kristy Jones
23219,Kristy King
23220,Kristy Lowe
23221,Kristy Murphy
23222,Kristy Newman
23223,Kristy Nichols
23224,Kristy Phillips
23225,Kristy Robinson
23226,Kristy Ross
23227,Kristy Taylor
23228,Kristy Waters
23229,Kristy White
23230,Krystal Barnett
23231,Krystal Barrett
23232,Krystal Bowman
23233,Krystal Brown
23234,Krystal Cunningham
23235,Krystal Daniels
23236,Krystal Dixon
23237,Krystal Dougherty
23238,Krystal Eaton
23239,Krystal Evans
23240,Krystal Fields
23241,Krystal Fox
23242,Krystal Garcia
23243,Krystal Ho
23244,Krystal Hoover
23245,Krystal Jackson
23246,Krystal Johnson
23247,Krystal Jones
23248,Krystal Larsen
23249,Krystal Lindsey
23250,Krystal Perez
23251,Krystal Perkins
23252,Krystal Potts
23253,Krystal Price
23254,Krystal Reyes
23255,Krystal Rios
23256,Krystal Scott
23257,Krystal Tran
23258,Krystal Valentine
23259,Krystal Ward
23260,Krystal Watson
23261,Krystal Wilson
23262,Kurt Blair
23263,Kurt Elliott
23264,Kurt Flowers
23265,Kurt Hamilton
23266,Kurt Henson
23267,Kurt Jones
23268,Kurt Kidd
23269,Kurt Liu
23270,Kurt Meyers
23271,Kurt Moore
23272,Kurt Mullins
23273,Kurt Navarro
23274,Kurt Petty
23275,Kurt Richardson
23276,Kurt Sanchez
23277,Kurt Scott
23278,Kurt Smith
23279,Kurt Thompson
23280,Kurt Vega
23281,Kurt Webster
23282,Kyle Alexander
23283,Kyle Allen
23284,Kyle Alvarado
23285,Kyle Anderson
23286,Kyle Anderson Dds
23287,Kyle Arnold
23288,Kyle Baker
23289,Kyle Becker
23290,Kyle Berry
23291,Kyle Blackwell
23292,Kyle Brock
23293,Kyle Brown
23294,Kyle Campbell
23295,Kyle Carter
23296,Kyle Castro
23297,Kyle Chavez
23298,Kyle Clark
23299,Kyle Coleman
23300,Kyle Cook
23301,Kyle Cox
23302,Kyle Cuevas
23303,Kyle Curtis
23304,Kyle Douglas
23305,Kyle Duncan
23306,Kyle Escobar
23307,Kyle Evans
23308,Kyle Fisher
23309,Kyle Foley
23310,Kyle Fowler
23311,Kyle Franco
23312,Kyle Garcia
23313,Kyle Garza
23314,Kyle Goodman
23315,Kyle Graham
23316,Kyle Gray
23317,Kyle Hancock
23318,Kyle Harper
23319,Kyle Herman
23320,Kyle Hernandez
23321,Kyle Hill
23322,Kyle Hines
23323,Kyle Hopkins
23324,Kyle Horne
23325,Kyle Hunt
23326,Kyle Hunter
23327,Kyle Jackson
23328,Kyle Johnson
23329,Kyle Johnston
23330,Kyle Jones
23331,Kyle Jordan
23332,Kyle Keller
23333,Kyle Kelly
23334,Kyle Kemp
23335,Kyle Kim
23336,Kyle Lamb
23337,Kyle Lawrence
23338,Kyle Lee
23339,Kyle Lewis
23340,Kyle Lin
23341,Kyle Lopez
23342,Kyle Lucas
23343,Kyle Lynch
23344,Kyle Martin
23345,Kyle Martinez
23346,Kyle Mathis
23347,Kyle Mcclain
23348,Kyle Mcdowell
23349,Kyle Mcneil
23350,Kyle Melton
23351,Kyle Mills
23352,Kyle Mitchell Jr.
23353,Kyle Montes
23354,Kyle Morgan
23355,Kyle Morris
23356,Kyle Mueller
23357,Kyle Mullins
23358,Kyle Nelson
23359,Kyle Ortega Dds
23360,Kyle Parker
23361,Kyle Patterson
23362,Kyle Perez
23363,Kyle Porter
23364,Kyle Preston
23365,Kyle Reyes
23366,Kyle Rivera
23367,Kyle Roberson
23368,Kyle Robinson
23369,Kyle Rodriguez
23370,Kyle Rogers
23371,Kyle Ross
23372,Kyle Roth
23373,Kyle Russell
23374,Kyle Sanchez
23375,Kyle Sandoval
23376,Kyle Shea
23377,Kyle Silva
23378,Kyle Sims
23379,Kyle Smith
23380,Kyle Sosa
23381,Kyle Stephenson
23382,Kyle Stewart
23383,Kyle Sullivan
23384,Kyle Thomas
23385,Kyle Trevino
23386,Kyle Valdez
23387,Kyle Velazquez
23388,Kyle Wagner
23389,Kyle Walker
23390,Kyle Ward
23391,Kyle White
23392,Kyle Williams Md
23393,Kyle Wilson
23394,Kyle Wood
23395,Kyle Wright
23396,Kyle Young
23397,Kylie Benson
23398,Kylie Gonzalez
23399,Kylie Grimes
23400,Kylie Hensley
23401,Kylie Hernandez
23402,Kylie Lara
23403,Kylie Noble
23404,Kylie Reyes
23405,Kylie Smith Dds
23406,Kylie Taylor
23407,Kylie Thompson
23408,Lacey Barker
23409,Lacey Duran
23410,Lacey Elliott
23411,Lacey Hunter
23412,Lacey Larsen
23413,Lacey Nelson
23414,Lacey Robertson
23415,Lacey Russell
23416,Lacey Smith
23417,Lacey Vega
23418,Lance Ali
23419,Lance Allen
23420,Lance Bennett
23421,Lance Benson
23422,Lance Boyer
23423,Lance Carr
23424,Lance Cole
23425,Lance Cook
23426,Lance Davis
23427,Lance Freeman
23428,Lance Garcia
23429,Lance Good
23430,Lance Grant
23431,Lance Johnson
23432,Lance Lozano
23433,Lance Martinez
23434,Lance Mcclain
23435,Lance Mcdonald
23436,Lance Mitchell
23437,Lance Myers
23438,Lance Pratt
23439,Lance Reynolds
23440,Lance Rhodes
23441,Lance Ruiz
23442,Lance Snyder
23443,Lance Torres
23444,Lance Whitaker
23445,Larry Alexander
23446,Larry Allen
23447,Larry Andrews
23448,Larry Austin
23449,Larry Barron
23450,Larry Beltran
23451,Larry Benson
23452,Larry Boyd
23453,Larry Bradley
23454,Larry Brewer
23455,Larry Buckley
23456,Larry Bush
23457,Larry Cain
23458,Larry Castillo
23459,Larry Coleman
23460,Larry Collier
23461,Larry Collins
23462,Larry Cortez
23463,Larry Costa
23464,Larry Davidson
23465,Larry Diaz
23466,Larry Fletcher
23467,Larry Freeman
23468,Larry French
23469,Larry Gentry
23470,Larry Gomez
23471,Larry Guzman
23472,Larry Harris
23473,Larry Hernandez
23474,Larry Holland
23475,Larry Hughes
23476,Larry Jackson
23477,Larry Johnson
23478,Larry King
23479,Larry Lawrence
23480,Larry Lopez
23481,Larry Marquez
23482,Larry Mayer
23483,Larry Mayo
23484,Larry Mcbride
23485,Larry Mckinney
23486,Larry Medina
23487,Larry Mendez
23488,Larry Miller
23489,Larry Moore
23490,Larry Nelson
23491,Larry Nguyen
23492,Larry Ortiz
23493,Larry Page
23494,Larry Parker
23495,Larry Perry
23496,Larry Reed
23497,Larry Reid
23498,Larry Rhodes
23499,Larry Rios
23500,Larry Roberts
23501,Larry Rose
23502,Larry Scott
23503,Larry Sherman
23504,Larry Simpson
23505,Larry Smith
23506,Larry Smith Jr.
23507,Larry Stewart
23508,Larry Thornton
23509,Larry Turner
23510,Larry Velez
23511,Larry Wagner
23512,Larry Walker
23513,Larry Ward
23514,Larry Wells
23515,Larry Whitaker
23516,Larry White
23517,Larry Williams
23518,Larry Wright
23519,Latasha Andrews
23520,Latasha Bell
23521,Latasha Brown
23522,Latasha Doyle
23523,Latasha Hayes
23524,Latasha Juarez
23525,Latasha Lester
23526,Latasha Santos
23527,Latasha Shannon
23528,Latasha Solis
23529,Latasha Wiggins
23530,Latoya Bailey
23531,Latoya Barker
23532,Latoya Blanchard
23533,Latoya Butler
23534,Latoya Chase
23535,Latoya Cooper
23536,Latoya Dorsey
23537,Latoya Hampton
23538,Latoya Hughes
23539,Latoya Jimenez
23540,Latoya Jones
23541,Latoya Ortega
23542,Latoya Peterson
23543,Latoya Reyes
23544,Latoya Smith
23545,Latoya Sullivan
23546,Latoya White
23547,Laura Acevedo
23548,Laura Adams
23549,Laura Allen
23550,Laura Alvarez
23551,Laura Baker
23552,Laura Ball
23553,Laura Ballard
23554,Laura Barrett
23555,Laura Bauer
23556,Laura Beck
23557,Laura Berry
23558,Laura Best
23559,Laura Booth
23560,Laura Branch
23561,Laura Brown
23562,Laura Bruce
23563,Laura Bryan
23564,Laura Bryant
23565,Laura Burton
23566,Laura Butler
23567,Laura Campbell
23568,Laura Cantu
23569,Laura Carter
23570,Laura Chandler
23571,Laura Chavez
23572,Laura Christensen
23573,Laura Clark
23574,Laura Cobb
23575,Laura Cole
23576,Laura Collier
23577,Laura Compton
23578,Laura Conrad
23579,Laura Cook
23580,Laura Copeland
23581,Laura Cortez
23582,Laura Costa
23583,Laura Cummings
23584,Laura Curtis
23585,Laura Dalton
23586,Laura Davidson
23587,Laura Davis
23588,Laura Day
23589,Laura Decker
23590,Laura Dunlap
23591,Laura Dunn
23592,Laura Duran
23593,Laura Erickson
23594,Laura Evans
23595,Laura Everett
23596,Laura Farmer
23597,Laura Farrell
23598,Laura Fernandez
23599,Laura Fleming
23600,Laura Fletcher
23601,Laura Flowers
23602,Laura Frost
23603,Laura Garcia
23604,Laura Garza
23605,Laura Gibson
23606,Laura Gonzales
23607,Laura Gonzalez
23608,Laura Graham
23609,Laura Gray
23610,Laura Green
23611,Laura Gregory
23612,Laura Griffin
23613,Laura Griffith
23614,Laura Gross
23615,Laura Guerra
23616,Laura Gutierrez
23617,Laura Hall
23618,Laura Haney
23619,Laura Harmon
23620,Laura Harris
23621,Laura Harrison
23622,Laura Herrera
23623,Laura Higgins
23624,Laura Hill
23625,Laura Hodges
23626,Laura Hoffman
23627,Laura Holden
23628,Laura Holder
23629,Laura Holland
23630,Laura Hopkins
23631,Laura Horton
23632,Laura Howell
23633,Laura Huffman
23634,Laura Hunt
23635,Laura Jenkins
23636,Laura Jimenez
23637,Laura Johnson
23638,Laura Jones
23639,Laura Kane
23640,Laura Kelly
23641,Laura Kerr
23642,Laura Khan
23643,Laura Lara
23644,Laura Lawrence
23645,Laura Lawson
23646,Laura Le
23647,Laura Lee
23648,Laura Levine
23649,Laura Lewis
23650,Laura Luna
23651,Laura Lyons
23652,Laura Madden
23653,Laura Maldonado
23654,Laura Marsh
23655,Laura Marshall
23656,Laura Martin
23657,Laura Martinez
23658,Laura Mcbride
23659,Laura Mccall
23660,Laura Melendez
23661,Laura Miller
23662,Laura Moore
23663,Laura Moreno
23664,Laura Morrow
23665,Laura Mullen
23666,Laura Murillo
23667,Laura Murphy
23668,Laura Murphy Dds
23669,Laura Myers
23670,Laura Norris
23671,Laura Odonnell
23672,Laura Oliver
23673,Laura Parker
23674,Laura Patterson
23675,Laura Pena
23676,Laura Perez
23677,Laura Peterson
23678,Laura Pierce
23679,Laura Pollard
23680,Laura Porter
23681,Laura Powers
23682,Laura Price
23683,Laura Rangel
23684,Laura Reed
23685,Laura Reese
23686,Laura Reilly
23687,Laura Rivera
23688,Laura Roberts
23689,Laura Robinson
23690,Laura Rodriguez
23691,Laura Rogers
23692,Laura Russell
23693,Laura Russo
23694,Laura Salas
23695,Laura Sawyer
23696,Laura Schaefer
23697,Laura Scott
23698,Laura Sharp
23699,Laura Shaw
23700,Laura Sherman
23701,Laura Shields
23702,Laura Simmons
23703,Laura Smith
23704,Laura Snow
23705,Laura Snyder
23706,Laura Solis
23707,Laura Stevens
23708,Laura Stevenson
23709,Laura Stewart
23710,Laura Stout
23711,Laura Sweeney
23712,Laura Taylor
23713,Laura Tran
23714,Laura Turner
23715,Laura Valdez Dds
23716,Laura Vaughn
23717,Laura Velazquez
23718,Laura Velez
23719,Laura Villa
23720,Laura Villarreal
23721,Laura Wade
23722,Laura Walker
23723,Laura Wallace
23724,Laura Walsh Md
23725,Laura Walter
23726,Laura Washington
23727,Laura Waters
23728,Laura Watkins
23729,Laura Webb
23730,Laura Wells
23731,Laura Wheeler
23732,Laura Wilkerson
23733,Laura Wilkinson
23734,Laura Williams
23735,Laura Wilson
23736,Laura York
23737,Laura Zimmerman
23738,Lauren Aguilar
23739,Lauren Anderson
23740,Lauren Andrade
23741,Lauren Bailey
23742,Lauren Bates
23743,Lauren Bell
23744,Lauren Bird
23745,Lauren Booth
23746,Lauren Bowen
23747,Lauren Bowman
23748,Lauren Bradley
23749,Lauren Brandt
23750,Lauren Brown
23751,Lauren Buchanan
23752,Lauren Callahan
23753,Lauren Cameron
23754,Lauren Campbell
23755,Lauren Cantrell
23756,Lauren Carlson
23757,Lauren Carpenter
23758,Lauren Carroll
23759,Lauren Chan
23760,Lauren Chandler
23761,Lauren Clark
23762,Lauren Cohen
23763,Lauren Collins
23764,Lauren Cook
23765,Lauren Dalton
23766,Lauren Davenport
23767,Lauren Davidson
23768,Lauren Dawson
23769,Lauren Diaz
23770,Lauren Dixon
23771,Lauren Ellis
23772,Lauren Fernandez
23773,Lauren Floyd
23774,Lauren Ford
23775,Lauren Foster
23776,Lauren Freeman
23777,Lauren French
23778,Lauren Frey
23779,Lauren Frost
23780,Lauren Fry
23781,Lauren Gallagher
23782,Lauren Garcia
23783,Lauren Garrett
23784,Lauren Garza
23785,Lauren Gonzalez
23786,Lauren Greene
23787,Lauren Guerrero
23788,Lauren Guzman
23789,Lauren Hahn
23790,Lauren Hall
23791,Lauren Hall Dds
23792,Lauren Hansen
23793,Lauren Harmon
23794,Lauren Harris
23795,Lauren Hartman
23796,Lauren Hayes
23797,Lauren Henderson
23798,Lauren Hernandez
23799,Lauren Hines
23800,Lauren Hogan
23801,Lauren Howard
23802,Lauren Hunter
23803,Lauren Jackson
23804,Lauren Jones
23805,Lauren Jordan
23806,Lauren Kane
23807,Lauren Keith
23808,Lauren Kelly
23809,Lauren Klein
23810,Lauren Lamb
23811,Lauren Lee
23812,Lauren Lewis
23813,Lauren Little
23814,Lauren Liu
23815,Lauren Lowe
23816,Lauren Lynn
23817,Lauren Marshall
23818,Lauren Martin
23819,Lauren Martinez
23820,Lauren Mcmillan
23821,Lauren Mendoza
23822,Lauren Miller
23823,Lauren Mitchell
23824,Lauren Montgomery
23825,Lauren Morgan
23826,Lauren Nixon
23827,Lauren Nolan
23828,Lauren Obrien
23829,Lauren Ochoa
23830,Lauren Oconnor
23831,Lauren Oneill
23832,Lauren Page
23833,Lauren Parker
23834,Lauren Perez
23835,Lauren Powers
23836,Lauren Reed
23837,Lauren Reid
23838,Lauren Rivera
23839,Lauren Rodriguez
23840,Lauren Salas
23841,Lauren Sanchez
23842,Lauren Santos
23843,Lauren Schmidt
23844,Lauren Scott
23845,Lauren Shepard
23846,Lauren Simmons
23847,Lauren Smith
23848,Lauren Spears
23849,Lauren Stanley
23850,Lauren Steele
23851,Lauren Stevens
23852,Lauren Stewart
23853,Lauren Sullivan
23854,Lauren Summers
23855,Lauren Tate
23856,Lauren Thomas
23857,Lauren Tucker
23858,Lauren Turner
23859,Lauren Vargas
23860,Lauren Walker
23861,Lauren Ward
23862,Lauren Washington
23863,Lauren Watson
23864,Lauren Wells
23865,Lauren White
23866,Lauren Wilkinson
23867,Lauren Williams
23868,Lauren Willis
23869,Lauren Wilson
23870,Lauren Wright
23871,Lauren Young
23872,Laurie Baker
23873,Laurie Bradley
23874,Laurie Brewer
23875,Laurie Cabrera
23876,Laurie Day
23877,Laurie Dougherty
23878,Laurie Elliott
23879,Laurie Gates
23880,Laurie Gibson
23881,Laurie Hernandez
23882,Laurie Holland
23883,Laurie Jensen
23884,Laurie Johnson
23885,Laurie Jones
23886,Laurie Jordan
23887,Laurie King
23888,Laurie Lawson
23889,Laurie Leblanc
23890,Laurie Lewis
23891,Laurie Mayo
23892,Laurie Mcdaniel
23893,Laurie Mckenzie
23894,Laurie Mcneil
23895,Laurie Mercer
23896,Laurie Montoya
23897,Laurie Morgan
23898,Laurie Morris
23899,Laurie Murphy
23900,Laurie Owens
23901,Laurie Rogers
23902,Laurie Sanders
23903,Laurie Smith
23904,Laurie Thompson
23905,Laurie Valdez
23906,Laurie Vaughan
23907,Laurie Villanueva
23908,Laurie Warren
23909,Laurie Woods
23910,Laurie Yu Md
23911,Lawrence Anderson
23912,Lawrence Brown
23913,Lawrence Chase
23914,Lawrence Coleman
23915,Lawrence Costa
23916,Lawrence Crawford
23917,Lawrence Cross
23918,Lawrence Galloway
23919,Lawrence Garcia
23920,Lawrence Gilbert
23921,Lawrence Gonzalez
23922,Lawrence Grant
23923,Lawrence Green
23924,Lawrence Hernandez
23925,Lawrence Holmes
23926,Lawrence Hopkins
23927,Lawrence Huang
23928,Lawrence James
23929,Lawrence Larsen
23930,Lawrence Lewis
23931,Lawrence Little
23932,Lawrence Mahoney
23933,Lawrence May
23934,Lawrence Mercer
23935,Lawrence Phillips
23936,Lawrence Ray
23937,Lawrence Rogers
23938,Lawrence Spence
23939,Lawrence Sullivan
23940,Lawrence Thomas
23941,Lawrence Villarreal
23942,Lawrence Watts
23943,Lawrence White
23944,Leah Alvarado
23945,Leah Avila
23946,Leah Bailey
23947,Leah Bridges
23948,Leah Campbell
23949,Leah Campbell Md
23950,Leah Chang
23951,Leah Cruz
23952,Leah Dickerson
23953,Leah Doyle
23954,Leah Gaines
23955,Leah Gillespie
23956,Leah Gregory
23957,Leah Guerra
23958,Leah Hahn
23959,Leah Haley
23960,Leah Hancock
23961,Leah Henderson
23962,Leah Jones
23963,Leah King
23964,Leah Knight Md
23965,Leah Lin
23966,Leah Mathews
23967,Leah Mcbride
23968,Leah Mills
23969,Leah Montgomery
23970,Leah Moore
23971,Leah Murphy
23972,Leah Ochoa
23973,Leah Reed
23974,Leah Shaw
23975,Leah Simmons
23976,Leah Smith
23977,Leah Stephenson
23978,Leah Vasquez
23979,Leah West
23980,Leah Wolf
23981,Lee Adams
23982,Lee Allen
23983,Lee Archer
23984,Lee Barajas
23985,Lee Beck
23986,Lee Castillo
23987,Lee Castro
23988,Lee Chapman
23989,Lee Colon
23990,Lee Conrad
23991,Lee Cooper
23992,Lee Davis
23993,Lee Diaz
23994,Lee Fields
23995,Lee Garcia
23996,Lee Glover
23997,Lee Gonzalez
23998,Lee Graham
23999,Lee Hodge
24000,Lee Ingram
24001,Lee Johnson
24002,Lee Love
24003,Lee Mack
24004,Lee Martinez
24005,Lee Meyers
24006,Lee Miller
24007,Lee Porter
24008,Lee Richard
24009,Lee Riley
24010,Lee Robinson
24011,Lee Santiago
24012,Lee Scott
24013,Lee Simmons
24014,Lee Smith
24015,Lee Stein
24016,Lee Walters
24017,Lee Williams
24018,Leon Brown
24019,Leon Castro Dds
24020,Leon Gates
24021,Leon Gomez
24022,Leon Hall
24023,Leon Holt
24024,Leon Hughes
24025,Leon Kennedy
24026,Leon Mitchell
24027,Leon Pollard
24028,Leonard Alvarez
24029,Leonard Barnes
24030,Leonard Bryant
24031,Leonard Chen
24032,Leonard Davis
24033,Leonard Edwards
24034,Leonard Gillespie
24035,Leonard Hall
24036,Leonard Hunt
24037,Leonard Jackson
24038,Leonard Johnson
24039,Leonard Malone
24040,Leonard Marshall
24041,Leonard Mccann
24042,Leonard Rush
24043,Leonard Smith
24044,Leonard Stephens
24045,Leonard Sullivan
24046,Leonard Swanson
24047,Leonard Thornton
24048,Leonard Washington
24049,Leroy Burns
24050,Leroy Cunningham Md
24051,Leroy Evans
24052,Leroy Holmes
24053,Leroy Long
24054,Leroy Meyer
24055,Leroy Miller
24056,Leroy Sanchez
24057,Leroy Steele
24058,Leroy Stephens
24059,Leroy Velasquez
24060,Leslie Adams
24061,Leslie Allison
24062,Leslie Armstrong
24063,Leslie Bailey
24064,Leslie Barber
24065,Leslie Barr
24066,Leslie Bell
24067,Leslie Bowman
24068,Leslie Brooks
24069,Leslie Brown
24070,Leslie Butler
24071,Leslie Byrd
24072,Leslie Cantrell
24073,Leslie Chavez
24074,Leslie Cook
24075,Leslie Cross
24076,Leslie Davenport
24077,Leslie Davies
24078,Leslie Diaz
24079,Leslie Dixon
24080,Leslie Edwards
24081,Leslie Estrada
24082,Leslie Flynn
24083,Leslie Ford
24084,Leslie Fox
24085,Leslie Freeman
24086,Leslie French
24087,Leslie Garcia
24088,Leslie Gomez
24089,Leslie Gonzales
24090,Leslie Gonzalez
24091,Leslie Grant
24092,Leslie Griffin
24093,Leslie Guerra
24094,Leslie Guerrero
24095,Leslie Hall
24096,Leslie Hardin
24097,Leslie Harrell
24098,Leslie Hayes
24099,Leslie Hernandez
24100,Leslie Hines
24101,Leslie Johnson
24102,Leslie Jones
24103,Leslie Kennedy
24104,Leslie Lewis
24105,Leslie Long
24106,Leslie Lowe
24107,Leslie Lyons
24108,Leslie Madden
24109,Leslie Martinez
24110,Leslie Mcconnell
24111,Leslie Mckee
24112,Leslie Miller
24113,Leslie Mitchell
24114,Leslie Moore
24115,Leslie Moore Md
24116,Leslie Moran
24117,Leslie Murray
24118,Leslie Ortiz
24119,Leslie Pearson
24120,Leslie Perez
24121,Leslie Powers
24122,Leslie Raymond
24123,Leslie Riley
24124,Leslie Rivera
24125,Leslie Roberson
24126,Leslie Robinson
24127,Leslie Rose Md
24128,Leslie Ross
24129,Leslie Sawyer
24130,Leslie Schwartz
24131,Leslie Shannon
24132,Leslie Smith
24133,Leslie Stephens
24134,Leslie Sullivan
24135,Leslie Swanson
24136,Leslie Tate
24137,Leslie Valdez
24138,Leslie Walls
24139,Leslie Walsh
24140,Leslie Warner
24141,Leslie Watson
24142,Leslie White
24143,Leslie Williams
24144,Leslie Wilson
24145,Leslie Wright
24146,Levi Hutchinson
24147,Levi Johnson
24148,Levi Thompson
24149,Linda Adams
24150,Linda Alvarado
24151,Linda Alvarez
24152,Linda Anderson
24153,Linda Andrade
24154,Linda Atkins
24155,Linda Barr
24156,Linda Barrera
24157,Linda Bartlett
24158,Linda Bernard
24159,Linda Blevins
24160,Linda Bond
24161,Linda Brady
24162,Linda Brennan
24163,Linda Brown
24164,Linda Bryant
24165,Linda Buckley Md
24166,Linda Butler
24167,Linda Caldwell
24168,Linda Campbell
24169,Linda Carlson
24170,Linda Carr
24171,Linda Carroll
24172,Linda Carter
24173,Linda Castillo
24174,Linda Charles
24175,Linda Chen
24176,Linda Davis
24177,Linda Diaz
24178,Linda Duncan
24179,Linda Espinoza
24180,Linda Evans
24181,Linda Fisher
24182,Linda Flores
24183,Linda Foster
24184,Linda Garrett
24185,Linda Gilbert
24186,Linda Grant
24187,Linda Guerrero
24188,Linda Hall
24189,Linda Harris
24190,Linda Harvey
24191,Linda Haynes
24192,Linda Henry
24193,Linda Hernandez
24194,Linda Hicks
24195,Linda Hill
24196,Linda Hodges
24197,Linda Hoffman
24198,Linda Horne
24199,Linda Houston
24200,Linda Howell
24201,Linda Hubbard
24202,Linda Huff
24203,Linda Huynh
24204,Linda Irwin
24205,Linda Jackson
24206,Linda Jefferson
24207,Linda Jimenez
24208,Linda Johnson
24209,Linda Johnston
24210,Linda Jones
24211,Linda Jordan
24212,Linda Kelley
24213,Linda Kent
24214,Linda Kline
24215,Linda Kramer
24216,Linda Krause
24217,Linda Lane
24218,Linda Lee
24219,Linda Levine
24220,Linda Lopez
24221,Linda Lutz
24222,Linda Macdonald
24223,Linda Mahoney
24224,Linda Marshall
24225,Linda Maxwell
24226,Linda Mcdonald
24227,Linda Mcintyre
24228,Linda Mendez
24229,Linda Miller
24230,Linda Montoya
24231,Linda Moore
24232,Linda Morrison
24233,Linda Moyer
24234,Linda Myers
24235,Linda Nelson
24236,Linda Nguyen
24237,Linda Novak
24238,Linda Owen
24239,Linda Parker
24240,Linda Parrish
24241,Linda Patrick
24242,Linda Peterson
24243,Linda Pineda
24244,Linda Rios
24245,Linda Rivas
24246,Linda Roberts
24247,Linda Robinson
24248,Linda Robles
24249,Linda Rodgers
24250,Linda Rodriguez
24251,Linda Rogers
24252,Linda Roy
24253,Linda Sanchez
24254,Linda Sanders
24255,Linda Santana
24256,Linda Schneider
24257,Linda Sexton
24258,Linda Shields
24259,Linda Smith
24260,Linda Snyder
24261,Linda Soto
24262,Linda Sparks
24263,Linda Stephens
24264,Linda Strickland
24265,Linda Taylor
24266,Linda Thomas
24267,Linda Thompson
24268,Linda Torres
24269,Linda Valdez
24270,Linda Villa
24271,Linda Wade
24272,Linda Walker
24273,Linda Walton
24274,Linda Watts
24275,Linda Weber
24276,Linda West
24277,Linda Wilkinson
24278,Linda Williams
24279,Linda Wilson
24280,Linda Woods
24281,Linda Yates
24282,Linda Young
24283,Lindsay Adkins
24284,Lindsay Allen
24285,Lindsay Arias Md
24286,Lindsay Baker
24287,Lindsay Blanchard
24288,Lindsay Briggs
24289,Lindsay Brock
24290,Lindsay Brown
24291,Lindsay Cantu
24292,Lindsay Carr
24293,Lindsay Castaneda
24294,Lindsay Cruz
24295,Lindsay Curry
24296,Lindsay Davis
24297,Lindsay Deleon
24298,Lindsay Drake
24299,Lindsay Duran
24300,Lindsay Farley
24301,Lindsay Floyd
24302,Lindsay Foster
24303,Lindsay Franklin
24304,Lindsay Hood
24305,Lindsay House
24306,Lindsay Hubbard
24307,Lindsay Hughes
24308,Lindsay Jordan
24309,Lindsay Lester
24310,Lindsay Miller
24311,Lindsay Moore
24312,Lindsay Newman
24313,Lindsay Obrien
24314,Lindsay Park
24315,Lindsay Payne
24316,Lindsay Phillips
24317,Lindsay Pierce
24318,Lindsay Ramirez
24319,Lindsay Roberts
24320,Lindsay Robertson
24321,Lindsay Robinson
24322,Lindsay Rodriguez
24323,Lindsay Rosario
24324,Lindsay Schmitt
24325,Lindsay Singleton
24326,Lindsay Smith
24327,Lindsay Thompson
24328,Lindsay Vance
24329,Lindsay Wade
24330,Lindsay Welch
24331,Lindsay Williams
24332,Lindsay Wong
24333,Lindsay Wright
24334,Lindsey Aguirre
24335,Lindsey Anderson
24336,Lindsey Arias
24337,Lindsey Barnett
24338,Lindsey Barrett
24339,Lindsey Bradley
24340,Lindsey Brady
24341,Lindsey Burns
24342,Lindsey Cain
24343,Lindsey Callahan
24344,Lindsey Chan
24345,Lindsey Collins
24346,Lindsey Cooke
24347,Lindsey Cooper Md
24348,Lindsey Craig
24349,Lindsey Dennis
24350,Lindsey Foster
24351,Lindsey Garcia
24352,Lindsey Gardner
24353,Lindsey Gonzales
24354,Lindsey Gregory
24355,Lindsey Hale Dds
24356,Lindsey Hill
24357,Lindsey Jackson
24358,Lindsey Jenkins
24359,Lindsey Johnson
24360,Lindsey Jones
24361,Lindsey Kelly
24362,Lindsey Lang
24363,Lindsey Leblanc
24364,Lindsey Lee
24365,Lindsey Mckinney
24366,Lindsey Miller
24367,Lindsey Morales
24368,Lindsey Morrison
24369,Lindsey Mosley
24370,Lindsey Ochoa
24371,Lindsey Ortiz
24372,Lindsey Perez
24373,Lindsey Perry
24374,Lindsey Ray
24375,Lindsey Robbins
24376,Lindsey Rose
24377,Lindsey Ruiz
24378,Lindsey Salazar
24379,Lindsey Sanders
24380,Lindsey Shields
24381,Lindsey Smith
24382,Lindsey Stewart
24383,Lindsey Taylor
24384,Lindsey Thomas
24385,Lindsey Torres
24386,Lindsey Trujillo
24387,Lindsey Turner
24388,Lindsey West
24389,Lindsey Williams
24390,Lisa Adams
24391,Lisa Adkins
24392,Lisa Aguirre
24393,Lisa Ali
24394,Lisa Allen
24395,Lisa Allen Md
24396,Lisa Alvarez
24397,Lisa Anderson
24398,Lisa Andrade Md
24399,Lisa Archer
24400,Lisa Arnold
24401,Lisa Arroyo
24402,Lisa Atkinson
24403,Lisa Ayers
24404,Lisa Bailey
24405,Lisa Ball
24406,Lisa Banks
24407,Lisa Barnett
24408,Lisa Bates
24409,Lisa Beck
24410,Lisa Bell
24411,Lisa Benitez
24412,Lisa Benson
24413,Lisa Blackburn
24414,Lisa Blake
24415,Lisa Bond
24416,Lisa Brooks
24417,Lisa Brown
24418,Lisa Browning
24419,Lisa Bruce
24420,Lisa Burns
24421,Lisa Burton
24422,Lisa Butler
24423,Lisa Campbell
24424,Lisa Carlson
24425,Lisa Carpenter
24426,Lisa Carr
24427,Lisa Carrillo
24428,Lisa Carter
24429,Lisa Castillo
24430,Lisa Castro
24431,Lisa Cervantes
24432,Lisa Chavez
24433,Lisa Clark
24434,Lisa Clark Dds
24435,Lisa Cohen
24436,Lisa Collins
24437,Lisa Colon
24438,Lisa Cook
24439,Lisa Cowan
24440,Lisa Cox
24441,Lisa Crawford
24442,Lisa Cross
24443,Lisa Dalton
24444,Lisa Daniels
24445,Lisa Davenport
24446,Lisa Davis
24447,Lisa Day
24448,Lisa Dean
24449,Lisa Delacruz
24450,Lisa Deleon
24451,Lisa Dickson
24452,Lisa Dixon
24453,Lisa Dodson
24454,Lisa Dominguez
24455,Lisa Donaldson
24456,Lisa Dorsey
24457,Lisa Drake
24458,Lisa Duffy
24459,Lisa Dunn
24460,Lisa Edwards
24461,Lisa Ellis
24462,Lisa Erickson
24463,Lisa Esparza
24464,Lisa Fields
24465,Lisa Fisher
24466,Lisa Flores
24467,Lisa Ford
24468,Lisa Foster
24469,Lisa Fowler
24470,Lisa Fox
24471,Lisa Francis
24472,Lisa Franklin
24473,Lisa Frazier
24474,Lisa Garcia
24475,Lisa Garrett
24476,Lisa Gibbs
24477,Lisa Gibson
24478,Lisa Gill
24479,Lisa Gomez
24480,Lisa Gonzales
24481,Lisa Gonzalez
24482,Lisa Goodwin
24483,Lisa Graham
24484,Lisa Grant
24485,Lisa Graves
24486,Lisa Greene
24487,Lisa Greene Dvm
24488,Lisa Greer
24489,Lisa Griffin
24490,Lisa Griffin Md
24491,Lisa Grimes
24492,Lisa Guerra
24493,Lisa Guzman
24494,Lisa Hamilton
24495,Lisa Hammond
24496,Lisa Haney
24497,Lisa Hansen
24498,Lisa Hardy
24499,Lisa Harmon
24500,Lisa Harris
24501,Lisa Hart
24502,Lisa Harvey
24503,Lisa Hayes
24504,Lisa Haynes
24505,Lisa Hays Md
24506,Lisa Henderson
24507,Lisa Herman
24508,Lisa Hernandez
24509,Lisa Herrera
24510,Lisa Hess
24511,Lisa Hicks
24512,Lisa Hill
24513,Lisa Hoffman
24514,Lisa Hogan
24515,Lisa Holmes
24516,Lisa Horn
24517,Lisa Horne
24518,Lisa Houston
24519,Lisa Howard
24520,Lisa Howell
24521,Lisa Huffman
24522,Lisa Hughes
24523,Lisa Hunt
24524,Lisa Hunter
24525,Lisa Hurst
24526,Lisa Ibarra
24527,Lisa Ingram
24528,Lisa Irwin
24529,Lisa Jackson
24530,Lisa Jacobson
24531,Lisa James
24532,Lisa James Md
24533,Lisa Jenkins
24534,Lisa Johnson
24535,Lisa Jones
24536,Lisa Jordan
24537,Lisa Joseph
24538,Lisa Joyce
24539,Lisa Keith
24540,Lisa Kelley
24541,Lisa Kelly
24542,Lisa Khan
24543,Lisa Kim
24544,Lisa King
24545,Lisa Kramer
24546,Lisa Lam
24547,Lisa Lamb
24548,Lisa Lambert
24549,Lisa Lara
24550,Lisa Larson
24551,Lisa Lawson
24552,Lisa Le
24553,Lisa Leblanc
24554,Lisa Lee
24555,Lisa Lewis
24556,Lisa Lindsey
24557,Lisa Little
24558,Lisa Logan
24559,Lisa Long
24560,Lisa Lopez
24561,Lisa Love
24562,Lisa Lynch
24563,Lisa Manning
24564,Lisa Marquez
24565,Lisa Marshall
24566,Lisa Martin
24567,Lisa Martinez
24568,Lisa Mathews
24569,Lisa Mayo
24570,Lisa Mcbride
24571,Lisa Mccann
24572,Lisa Mccoy
24573,Lisa Mcgee
24574,Lisa Mckay
24575,Lisa Mcknight
24576,Lisa Mclaughlin
24577,Lisa Mcpherson
24578,Lisa Mercado
24579,Lisa Meyer
24580,Lisa Meza
24581,Lisa Miller
24582,Lisa Mills
24583,Lisa Moore
24584,Lisa Moore Dvm
24585,Lisa Moreno Phd
24586,Lisa Morris
24587,Lisa Morrison
24588,Lisa Morse
24589,Lisa Murphy
24590,Lisa Nelson
24591,Lisa Nguyen
24592,Lisa Nichols
24593,Lisa Nolan
24594,Lisa Norris
24595,Lisa Nunez
24596,Lisa Obrien
24597,Lisa Olson
24598,Lisa Orozco
24599,Lisa Owens
24600,Lisa Pacheco
24601,Lisa Padilla
24602,Lisa Palmer
24603,Lisa Parker
24604,Lisa Parks
24605,Lisa Parsons
24606,Lisa Payne
24607,Lisa Pearson
24608,Lisa Pennington
24609,Lisa Perez
24610,Lisa Perez Dds
24611,Lisa Perry
24612,Lisa Peters
24613,Lisa Peterson
24614,Lisa Phillips
24615,Lisa Pierce
24616,Lisa Porter
24617,Lisa Pratt
24618,Lisa Price
24619,Lisa Ramirez
24620,Lisa Ray
24621,Lisa Reese
24622,Lisa Reid
24623,Lisa Reyes
24624,Lisa Rice
24625,Lisa Richard
24626,Lisa Ritter
24627,Lisa Rivera
24628,Lisa Rivers
24629,Lisa Robertson
24630,Lisa Robinson
24631,Lisa Robinson Md
24632,Lisa Rodriguez
24633,Lisa Rose
24634,Lisa Ross
24635,Lisa Roth
24636,Lisa Ruiz
24637,Lisa Russell
24638,Lisa Ryan
24639,Lisa Sanchez
24640,Lisa Sanford
24641,Lisa Schneider
24642,Lisa Schroeder
24643,Lisa Schroeder Dvm
24644,Lisa Schultz
24645,Lisa Scott
24646,Lisa Sharp
24647,Lisa Shaw
24648,Lisa Shelton
24649,Lisa Simmons
24650,Lisa Simon
24651,Lisa Small
24652,Lisa Smith
24653,Lisa Snow
24654,Lisa Spencer
24655,Lisa Stephenson
24656,Lisa Stewart
24657,Lisa Sullivan
24658,Lisa Sullivan Dvm
24659,Lisa Tate
24660,Lisa Taylor
24661,Lisa Thomas
24662,Lisa Thompson
24663,Lisa Torres
24664,Lisa Tran
24665,Lisa Turner
24666,Lisa Vang
24667,Lisa Vasquez
24668,Lisa Vazquez
24669,Lisa Velazquez
24670,Lisa Wagner
24671,Lisa Walker
24672,Lisa Wallace
24673,Lisa Waller
24674,Lisa Walter
24675,Lisa Warren
24676,Lisa Watson
24677,Lisa Weaver
24678,Lisa Webb
24679,Lisa Weber
24680,Lisa Weiss
24681,Lisa West
24682,Lisa Wheeler
24683,Lisa White
24684,Lisa Wilkerson
24685,Lisa Williams
24686,Lisa Wilson
24687,Lisa Winters
24688,Lisa Wood
24689,Lisa Woods
24690,Lisa Young
24691,Logan Bailey
24692,Logan Buchanan
24693,Logan Cabrera
24694,Logan Castillo
24695,Logan Davidson
24696,Logan Davis
24697,Logan Day
24698,Logan Greene
24699,Logan Guzman
24700,Logan Harris
24701,Logan Hill
24702,Logan Irwin
24703,Logan Jackson
24704,Logan Johnson
24705,Logan Kaiser
24706,Logan King
24707,Logan Long
24708,Logan Lucero
24709,Logan Ortega
24710,Logan Ortiz
24711,Logan Powell
24712,Logan Ross
24713,Logan Ruiz
24714,Logan Smith
24715,Logan Stewart
24716,Logan Thomas
24717,Logan White
24718,Logan Wise
24719,Lonnie Anderson
24720,Lonnie Baldwin
24721,Lonnie Bradshaw
24722,Lonnie Duncan
24723,Lonnie Espinoza
24724,Lonnie Garcia
24725,Lonnie Morgan
24726,Lonnie Murray
24727,Lonnie Patton
24728,Lonnie Reyes
24729,Lonnie Washington
24730,Lonnie White
24731,Loretta Alvarez
24732,Loretta Burns
24733,Loretta Davis
24734,Loretta Guzman
24735,Loretta Johnson
24736,Loretta Ochoa
24737,Loretta Sexton
24738,Loretta Sosa
24739,Loretta Villanueva
24740,Lori Allen
24741,Lori Andrade
24742,Lori Andrews
24743,Lori Avery
24744,Lori Baker
24745,Lori Barrett
24746,Lori Bean
24747,Lori Becker
24748,Lori Benitez
24749,Lori Bernard
24750,Lori Black
24751,Lori Brock
24752,Lori Brown
24753,Lori Bruce
24754,Lori Bryan
24755,Lori Bullock
24756,Lori Campbell
24757,Lori Chapman
24758,Lori Chen
24759,Lori Cherry
24760,Lori Christensen
24761,Lori Christian
24762,Lori Clark
24763,Lori Collier
24764,Lori Cook
24765,Lori Crane
24766,Lori Crawford
24767,Lori Cruz
24768,Lori Diaz
24769,Lori Dunn
24770,Lori Ellis
24771,Lori Espinoza
24772,Lori Evans
24773,Lori Fields
24774,Lori Flynn
24775,Lori Ford
24776,Lori Foster
24777,Lori Franco
24778,Lori Franklin
24779,Lori Frye
24780,Lori Garcia
24781,Lori George
24782,Lori Gordon
24783,Lori Gray
24784,Lori Guerrero
24785,Lori Harris
24786,Lori Hendrix
24787,Lori Hogan
24788,Lori Holder
24789,Lori Hughes
24790,Lori Jackson
24791,Lori Jensen
24792,Lori Johnson
24793,Lori Jones
24794,Lori Keith
24795,Lori Kelley
24796,Lori Key
24797,Lori King
24798,Lori Lawson
24799,Lori Leach
24800,Lori Lewis
24801,Lori Lynch
24802,Lori Mack
24803,Lori Mahoney
24804,Lori Marshall
24805,Lori Martinez
24806,Lori Matthews
24807,Lori Maxwell
24808,Lori Mccormick
24809,Lori Mcguire
24810,Lori Mendoza
24811,Lori Meyer
24812,Lori Miller
24813,Lori Miranda Md
24814,Lori Mosley
24815,Lori Moyer
24816,Lori Munoz
24817,Lori Nelson
24818,Lori Nichols
24819,Lori Norton
24820,Lori Novak
24821,Lori Parker
24822,Lori Parrish
24823,Lori Paul
24824,Lori Perez
24825,Lori Perry
24826,Lori Ramos
24827,Lori Rasmussen
24828,Lori Ray
24829,Lori Reed
24830,Lori Rice
24831,Lori Richardson
24832,Lori Riley
24833,Lori Rivas
24834,Lori Roberts
24835,Lori Rodriguez
24836,Lori Russell
24837,Lori Russo
24838,Lori Sanchez
24839,Lori Sandoval
24840,Lori Schmidt
24841,Lori Schneider
24842,Lori Scott
24843,Lori Shaffer
24844,Lori Sims
24845,Lori Smith
24846,Lori Stanley
24847,Lori Travis
24848,Lori Turner
24849,Lori Wagner
24850,Lori Watson
24851,Lori Watts
24852,Lori West
24853,Lori White
24854,Lori Wilkinson
24855,Lori Williams
24856,Lori Wilson
24857,Lori Wolf
24858,Lori York
24859,Lorraine Bryant
24860,Lorraine Garrett
24861,Lorraine Patterson
24862,Lorraine Powers
24863,Lorraine Randolph
24864,Lorraine Reed
24865,Lorraine Rivera
24866,Lorraine Scott
24867,Lorraine Stevenson
24868,Lorraine Stewart
24869,Lorraine Taylor
24870,Lorraine Wright
24871,Louis Adams
24872,Louis Bell
24873,Louis Brown
24874,Louis Franklin
24875,Louis Hampton
24876,Louis Harris
24877,Louis Hinton
24878,Louis Johnston
24879,Louis King
24880,Louis Kramer
24881,Louis Livingston
24882,Louis Martinez
24883,Louis Mccormick
24884,Louis Mejia
24885,Louis Middleton
24886,Louis Nichols
24887,Louis Obrien
24888,Louis Orr
24889,Louis Ortiz
24890,Louis Padilla
24891,Louis Parks
24892,Louis Price
24893,Louis Roberts
24894,Louis Scott
24895,Louis Scott Ii
24896,Louis Skinner
24897,Louis Thomas
24898,Louis Torres
24899,Louis Tran
24900,Louis Ward
24901,Louis Washington
24902,Louis Wilson
24903,Louis Winters
24904,Louis Young
24905,Lucas Andrade
24906,Lucas Arroyo
24907,Lucas Cole
24908,Lucas Davis
24909,Lucas Grant
24910,Lucas Hardy
24911,Lucas Johnson
24912,Lucas Leach
24913,Lucas Lewis
24914,Lucas Martin
24915,Lucas Martinez
24916,Lucas Martinez Md
24917,Lucas Mcdonald
24918,Lucas Montgomery
24919,Lucas Moore
24920,Lucas Morgan
24921,Lucas Price
24922,Lucas Rodriguez
24923,Lucas Smith
24924,Lucas Stevens
24925,Lucas Thompson
24926,Lucas Torres
24927,Lucas Walker
24928,Lucas Williams
24929,Lucas Woods
24930,Luis Allen
24931,Luis Anderson
24932,Luis Baldwin
24933,Luis Bates
24934,Luis Brewer
24935,Luis Bright
24936,Luis Burns
24937,Luis Castillo
24938,Luis Clark
24939,Luis Cook
24940,Luis Cortez
24941,Luis Cross
24942,Luis Cunningham
24943,Luis Deleon
24944,Luis Elliott
24945,Luis Franklin
24946,Luis Gomez
24947,Luis Gordon
24948,Luis Gray
24949,Luis Hale
24950,Luis Hamilton
24951,Luis Hess
24952,Luis Hopkins
24953,Luis Jacobs
24954,Luis Jensen
24955,Luis Johnson
24956,Luis Koch
24957,Luis Lawrence
24958,Luis Malone
24959,Luis Martin
24960,Luis Mathews
24961,Luis Mcclain
24962,Luis Morgan
24963,Luis Murray
24964,Luis Nguyen
24965,Luis Nichols
24966,Luis Ortiz
24967,Luis Pacheco
24968,Luis Payne
24969,Luis Pierce
24970,Luis Randolph
24971,Luis Rhodes
24972,Luis Rivera
24973,Luis Ryan
24974,Luis Savage
24975,Luis Simpson
24976,Luis Sparks
24977,Luis Stevens
24978,Luis Taylor
24979,Luis Tran
24980,Luis Valenzuela
24981,Luis Weaver
24982,Luis Webb
24983,Luis Weber
24984,Luis West
24985,Luis Williams
24986,Luis Wilson
24987,Luis Zamora
24988,Luke Ayers
24989,Luke Barrera
24990,Luke Blair
24991,Luke Cohen
24992,Luke Coleman
24993,Luke Cruz
24994,Luke Davenport
24995,Luke Ford
24996,Luke Garcia
24997,Luke Goodman
24998,Luke Graham
24999,Luke Jefferson
25000,Luke Jones
25001,Luke Lewis
25002,Luke Mason
25003,Luke Miller
25004,Luke Molina
25005,Luke Nunez
25006,Luke Patterson
25007,Luke Peters
25008,Luke Ramos
25009,Luke Riley
25010,Luke Rogers
25011,Luke Sanchez
25012,Luke Santiago
25013,Luke Schultz
25014,Luke Snow
25015,Luke Wilkins Dds
25016,Luke Williams
25017,Luke York
25018,Lydia Cook
25019,Lydia Gallegos
25020,Lydia Herring
25021,Lydia Lopez
25022,Lydia Mitchell
25023,Lydia Petersen
25024,Lydia Scott
25025,Lydia Taylor
25026,Lynn Alvarado
25027,Lynn Benson
25028,Lynn Campbell
25029,Lynn Davis
25030,Lynn Dunn
25031,Lynn Garcia Dvm
25032,Lynn Gardner
25033,Lynn Green
25034,Lynn Gross
25035,Lynn Guerrero
25036,Lynn Horton
25037,Lynn Hunter
25038,Lynn Hutchinson
25039,Lynn Jackson
25040,Lynn Keith
25041,Lynn Keller Md
25042,Lynn Kennedy
25043,Lynn King
25044,Lynn Malone
25045,Lynn Martin
25046,Lynn Miller
25047,Lynn Morgan
25048,Lynn Olson
25049,Lynn Powers
25050,Lynn Reyes
25051,Lynn Rodriguez
25052,Lynn Sanchez Dvm
25053,Lynn Schultz
25054,Lynn Stewart
25055,Lynn Suarez
25056,Lynn Torres
25057,Lynn Tran
25058,Lynn Wells
25059,Lynn Williams
25060,Lynn York
25061,Lynn Young
25062,Mackenzie Davis
25063,Mackenzie Deleon
25064,Mackenzie Dunn
25065,Mackenzie Glover
25066,Mackenzie Graham
25067,Mackenzie Hammond
25068,Mackenzie Hicks
25069,Mackenzie Lane
25070,Mackenzie Lee
25071,Mackenzie Mcknight
25072,Mackenzie Moore
25073,Mackenzie Parker
25074,Mackenzie Phillips
25075,Mackenzie Rodriguez
25076,Mackenzie Sloan
25077,Mackenzie West
25078,Madeline Blevins
25079,Madeline Chandler
25080,Madeline David
25081,Madeline Fleming
25082,Madeline Gonzalez
25083,Madeline Graham
25084,Madeline Harrington
25085,Madeline Harvey
25086,Madeline Henson
25087,Madeline Lawrence
25088,Madeline Lee
25089,Madeline Lewis
25090,Madeline Lopez
25091,Madeline Miller
25092,Madeline Pace
25093,Madeline Perez
25094,Madeline Pratt
25095,Madeline Ramirez
25096,Madeline Rivera
25097,Madeline Robinson
25098,Madeline Rodriguez
25099,Madeline Short
25100,Madeline Snow
25101,Madeline Taylor
25102,Madeline Wheeler
25103,Madison Adams
25104,Madison Barker
25105,Madison Campos
25106,Madison Carpenter
25107,Madison Castillo
25108,Madison Chavez
25109,Madison Cordova
25110,Madison Daugherty
25111,Madison Davis
25112,Madison Dudley
25113,Madison Fernandez
25114,Madison Flores
25115,Madison Foster
25116,Madison Hansen
25117,Madison Harris
25118,Madison Hernandez
25119,Madison Johnson
25120,Madison Jones
25121,Madison Juarez
25122,Madison Lewis
25123,Madison May
25124,Madison Mayer
25125,Madison Nelson
25126,Madison Olson Dds
25127,Madison Park
25128,Madison Phillips
25129,Madison Reed
25130,Madison Reese
25131,Madison Rich
25132,Madison Robbins
25133,Madison Robinson
25134,Madison Rodriguez
25135,Madison Shaw
25136,Madison Stephens
25137,Madison Taylor
25138,Madison Thomas
25139,Madison Warren
25140,Madison Welch
25141,Madison Wilkinson
25142,Madison Williams
25143,Madison Wilson
25144,Madison Wright
25145,Makayla Adams
25146,Makayla Bryant
25147,Makayla Campbell
25148,Makayla Harris
25149,Makayla Martinez
25150,Makayla Mccarty
25151,Makayla Mcdonald
25152,Makayla Morgan
25153,Makayla Morrow
25154,Makayla Petty
25155,Makayla Reyes
25156,Malik Goodwin
25157,Malik Gordon
25158,Malik Hill
25159,Malik Jackson
25160,Malik Miller
25161,Malik Reyes
25162,Mallory Barry
25163,Mallory Bell
25164,Mallory Flores
25165,Mallory Foley
25166,Mallory Freeman
25167,Mallory Hernandez
25168,Mallory Hoffman
25169,Mallory Jones
25170,Mallory Lowery
25171,Mallory Montgomery
25172,Mallory Moreno
25173,Mallory Nelson
25174,Mallory Phelps
25175,Mallory Richardson
25176,Mallory Rivera
25177,Mallory Robertson
25178,Mallory Rodriguez
25179,Mallory Rogers
25180,Mallory Rush
25181,Mallory Scott
25182,Mallory Smith
25183,Mallory Wells
25184,Mandy Cook
25185,Mandy Green
25186,Mandy Hill
25187,Mandy Ibarra
25188,Mandy Padilla
25189,Mandy Scott
25190,Mandy Wood
25191,Manuel Baldwin
25192,Manuel Bates
25193,Manuel Bradshaw
25194,Manuel Brown
25195,Manuel Castillo
25196,Manuel Davis
25197,Manuel Duarte
25198,Manuel Fritz
25199,Manuel Gonzales
25200,Manuel Gordon
25201,Manuel Hamilton
25202,Manuel Hughes
25203,Manuel Jones
25204,Manuel Lopez
25205,Manuel Lucero
25206,Manuel Martinez
25207,Manuel Mcdowell
25208,Manuel Miller
25209,Manuel Moore
25210,Manuel Perry
25211,Manuel Rhodes
25212,Manuel Rojas
25213,Manuel Santos
25214,Manuel Singh
25215,Manuel Smith
25216,Manuel Solis
25217,Manuel Solomon
25218,Manuel Thomas
25219,Manuel Thompson
25220,Manuel Tucker
25221,Manuel Wood
25222,Marc Adams
25223,Marc Beard Dds
25224,Marc Bowman
25225,Marc Briggs
25226,Marc Bright
25227,Marc Carter
25228,Marc Castaneda
25229,Marc Davidson
25230,Marc Dominguez
25231,Marc Dunn
25232,Marc Evans
25233,Marc Ewing
25234,Marc Fisher
25235,Marc Garcia
25236,Marc Hall
25237,Marc Krueger
25238,Marc Lewis
25239,Marc Nguyen Jr.
25240,Marc Reid
25241,Marc Salazar
25242,Marc Sanchez
25243,Marc Smith
25244,Marc Stevens
25245,Marc Stewart
25246,Marc Tucker
25247,Marc Underwood
25248,Marc Wilcox
25249,Marc Williams
25250,Marc Winters
25251,Marcia Bailey
25252,Marcia Barnes
25253,Marcia Braun
25254,Marcia Davis
25255,Marcia Diaz
25256,Marcia Drake
25257,Marcia Lucas
25258,Marcia Martinez
25259,Marcia Mckee
25260,Marcia Moore
25261,Marcia Peterson
25262,Marcia Yoder
25263,Marco Brown
25264,Marco Campbell
25265,Marco Duncan
25266,Marco Griffin
25267,Marco Hill
25268,Marco Kim
25269,Marco Petty
25270,Marcus Abbott
25271,Marcus Anderson
25272,Marcus Beasley
25273,Marcus Blevins
25274,Marcus Booker
25275,Marcus Brandt
25276,Marcus Brewer
25277,Marcus Christian
25278,Marcus Clarke
25279,Marcus Cole
25280,Marcus Davidson
25281,Marcus Dawson
25282,Marcus Diaz
25283,Marcus Dougherty
25284,Marcus Faulkner
25285,Marcus Fowler
25286,Marcus Frank Md
25287,Marcus Gonzales
25288,Marcus Green
25289,Marcus Harmon
25290,Marcus Harris
25291,Marcus Henry
25292,Marcus Hernandez
25293,Marcus House
25294,Marcus Johnson
25295,Marcus Kelly
25296,Marcus Kelly Dds
25297,Marcus Kent
25298,Marcus Le
25299,Marcus Lee
25300,Marcus Lester
25301,Marcus Lewis
25302,Marcus Lopez
25303,Marcus Love
25304,Marcus Martin
25305,Marcus May
25306,Marcus Mejia
25307,Marcus Moore
25308,Marcus Moss
25309,Marcus Perkins
25310,Marcus Ramirez
25311,Marcus Robertson
25312,Marcus Robinson
25313,Marcus Robles
25314,Marcus Rogers
25315,Marcus Roy
25316,Marcus Salas
25317,Marcus Sampson
25318,Marcus Schaefer
25319,Marcus Schmidt
25320,Marcus Sexton
25321,Marcus Shepard
25322,Marcus Silva
25323,Marcus Spencer
25324,Marcus Strong
25325,Marcus Taylor
25326,Marcus Turner
25327,Marcus Vega
25328,Marcus Warren
25329,Marcus Washington
25330,Marcus Webster
25331,Marcus Williams
25332,Marcus Wilson
25333,Margaret Acosta
25334,Margaret Adams
25335,Margaret Aguirre
25336,Margaret Anderson
25337,Margaret Anthony
25338,Margaret Atkins
25339,Margaret Bartlett
25340,Margaret Best
25341,Margaret Blackburn
25342,Margaret Booker
25343,Margaret Boone
25344,Margaret Butler
25345,Margaret Carroll
25346,Margaret Christensen
25347,Margaret Chung
25348,Margaret Coleman
25349,Margaret Collier
25350,Margaret Cox
25351,Margaret Davis
25352,Margaret Dixon
25353,Margaret Downs
25354,Margaret Edwards
25355,Margaret Farrell
25356,Margaret Fisher
25357,Margaret Fox
25358,Margaret Garcia
25359,Margaret Gardner
25360,Margaret Gomez
25361,Margaret Gonzalez
25362,Margaret Graham
25363,Margaret Griffin
25364,Margaret Grimes
25365,Margaret Guerra
25366,Margaret Gutierrez
25367,Margaret Guzman
25368,Margaret Hardin
25369,Margaret Harris
25370,Margaret Henderson
25371,Margaret Hensley Dvm
25372,Margaret Hernandez
25373,Margaret Hood
25374,Margaret Hurley
25375,Margaret Jacobs
25376,Margaret Johnson
25377,Margaret Kaiser
25378,Margaret Lewis
25379,Margaret Lopez
25380,Margaret Love
25381,Margaret Lynch
25382,Margaret Lynn
25383,Margaret Macias
25384,Margaret Marshall
25385,Margaret Martin
25386,Margaret Massey
25387,Margaret Mcintosh
25388,Margaret Medina
25389,Margaret Meyer
25390,Margaret Mitchell
25391,Margaret Murphy
25392,Margaret Navarro
25393,Margaret Obrien
25394,Margaret Odonnell
25395,Margaret Oneal
25396,Margaret Oneill
25397,Margaret Ortiz
25398,Margaret Parks
25399,Margaret Payne
25400,Margaret Perry
25401,Margaret Peterson
25402,Margaret Ramos
25403,Margaret Rice
25404,Margaret Riley
25405,Margaret Rivers
25406,Margaret Robinson
25407,Margaret Rogers
25408,Margaret Sanchez
25409,Margaret Schultz
25410,Margaret Sexton
25411,Margaret Shepard
25412,Margaret Sherman
25413,Margaret Smith
25414,Margaret Stewart
25415,Margaret Taylor
25416,Margaret Tyler
25417,Margaret Walker
25418,Margaret Walsh
25419,Margaret White
25420,Margaret Williams
25421,Margaret Wilson
25422,Margaret Yu
25423,Maria Abbott
25424,Maria Aguilar
25425,Maria Alexander
25426,Maria Allen
25427,Maria Archer
25428,Maria Atkins
25429,Maria Avila
25430,Maria Barnes
25431,Maria Bates
25432,Maria Bauer
25433,Maria Bell
25434,Maria Boyd
25435,Maria Bradford
25436,Maria Brown Phd
25437,Maria Butler
25438,Maria Campbell
25439,Maria Carlson
25440,Maria Carter
25441,Maria Christian
25442,Maria Cobb
25443,Maria Collins
25444,Maria Conley
25445,Maria Conner
25446,Maria Cooper
25447,Maria Costa
25448,Maria Daniels
25449,Maria Davis
25450,Maria Dean
25451,Maria Diaz
25452,Maria Dillon
25453,Maria Dominguez
25454,Maria Dougherty
25455,Maria Edwards
25456,Maria Elliott
25457,Maria Estes
25458,Maria Fernandez
25459,Maria Fletcher
25460,Maria Flowers
25461,Maria Fox
25462,Maria Francis
25463,Maria Frazier
25464,Maria Gaines
25465,Maria Garcia
25466,Maria Gardner
25467,Maria Gomez
25468,Maria Gonzalez
25469,Maria Grant
25470,Maria Gray
25471,Maria Hall
25472,Maria Hammond
25473,Maria Hardin Md
25474,Maria Harper
25475,Maria Hawkins
25476,Maria Hernandez
25477,Maria Hopkins
25478,Maria Huynh
25479,Maria Jackson
25480,Maria Jenkins
25481,Maria Jennings
25482,Maria Johnson
25483,Maria Jones
25484,Maria Kim
25485,Maria Lawrence
25486,Maria Lee
25487,Maria Li
25488,Maria Luna
25489,Maria Lynch
25490,Maria Martin
25491,Maria Martinez
25492,Maria Mason
25493,Maria Mathis
25494,Maria Maynard
25495,Maria Miller
25496,Maria Miranda
25497,Maria Mitchell
25498,Maria Moore
25499,Maria Morales
25500,Maria Morgan
25501,Maria Neal
25502,Maria Nelson Dvm
25503,Maria Newton
25504,Maria Nichols
25505,Maria Norton
25506,Maria Obrien
25507,Maria Parker
25508,Maria Patel
25509,Maria Perez
25510,Maria Peters
25511,Maria Pham
25512,Maria Price
25513,Maria Randall
25514,Maria Reilly
25515,Maria Richards
25516,Maria Ritter
25517,Maria Robinson
25518,Maria Rose
25519,Maria Rubio
25520,Maria Salazar
25521,Maria Sanchez
25522,Maria Sharp
25523,Maria Sheppard
25524,Maria Sims
25525,Maria Smith
25526,Maria Spencer
25527,Maria Summers
25528,Maria Terry
25529,Maria Thomas
25530,Maria Thompson
25531,Maria Torres
25532,Maria Tran
25533,Maria Turner
25534,Maria Vargas
25535,Maria Walker
25536,Maria Wallace
25537,Maria Walters
25538,Maria Warner
25539,Maria Washington
25540,Maria Watkins
25541,Maria Webb
25542,Maria Wells
25543,Maria Wheeler
25544,Maria White
25545,Maria Whitney
25546,Maria Wilson
25547,Mariah Blanchard
25548,Mariah Boyer
25549,Mariah Carey
25550,Mariah Carpenter
25551,Mariah Castro
25552,Mariah Cook
25553,Mariah Davis
25554,Mariah Galvan
25555,Mariah Henry
25556,Mariah James
25557,Mariah Kelley
25558,Mariah Lloyd
25559,Mariah Lyons
25560,Mariah Miller
25561,Mariah Mitchell
25562,Mariah Murphy
25563,Mariah Perez
25564,Mariah Pham
25565,Mariah Rodriguez
25566,Mariah Rush
25567,Mariah Sosa
25568,Mariah Torres
25569,Mariah Turner
25570,Mariah Wall
25571,Mariah Zimmerman
25572,Marie Case
25573,Marie Chandler
25574,Marie Glass
25575,Marie Guerra
25576,Marie Johnson
25577,Marie Lindsey
25578,Marie Marshall
25579,Marie Mason
25580,Marie Mendoza
25581,Marie Moran
25582,Marie Nunez
25583,Marie Parsons
25584,Marie Prince
25585,Marie Reed
25586,Marie Roberson
25587,Marie Robinson
25588,Marie Russell
25589,Marie Sexton
25590,Marie Stuart
25591,Marie Taylor
25592,Marie Vaughn
25593,Marie Woods
25594,Marie Zhang
25595,Marilyn Alvarez
25596,Marilyn Baldwin Dvm
25597,Marilyn Buchanan
25598,Marilyn Chen
25599,Marilyn Ellis
25600,Marilyn Freeman
25601,Marilyn Garcia
25602,Marilyn Harris
25603,Marilyn Hill
25604,Marilyn Jones
25605,Marilyn Kelly
25606,Marilyn Miller
25607,Marilyn Mitchell
25608,Marilyn Peters
25609,Marilyn Poole
25610,Marilyn Porter
25611,Marilyn Simpson
25612,Marilyn Wood
25613,Mario Barr
25614,Mario Beasley
25615,Mario Castro
25616,Mario Coleman
25617,Mario Davies
25618,Mario Dennis
25619,Mario Gonzales
25620,Mario Gonzalez
25621,Mario Goodman
25622,Mario Hart
25623,Mario Hayden
25624,Mario Hicks
25625,Mario Hogan
25626,Mario Jackson
25627,Mario Jones
25628,Mario Lee
25629,Mario Miller
25630,Mario Moore
25631,Mario Morse
25632,Mario Nichols
25633,Mario Norton
25634,Mario Novak
25635,Mario Phillips
25636,Mario Price
25637,Mario Scott
25638,Mario Skinner
25639,Mario Woods
25640,Marisa Aguirre
25641,Marisa Buchanan
25642,Marisa Byrd
25643,Marisa Carpenter
25644,Marisa Cochran
25645,Marisa George
25646,Marisa Grant
25647,Marisa Harris
25648,Marisa Jones
25649,Marisa Lawrence
25650,Marisa Martinez
25651,Marisa Moore
25652,Marisa Rice
25653,Marisa Valenzuela
25654,Marisa Vargas
25655,Marissa Allen
25656,Marissa Austin
25657,Marissa Bailey
25658,Marissa Chandler
25659,Marissa Chapman
25660,Marissa Cox
25661,Marissa Diaz
25662,Marissa Evans
25663,Marissa Garcia
25664,Marissa Gonzales
25665,Marissa Hampton
25666,Marissa Harmon
25667,Marissa Jackson
25668,Marissa Jefferson
25669,Marissa Jensen
25670,Marissa Johnson
25671,Marissa Kim
25672,Marissa Leon
25673,Marissa Martin
25674,Marissa Mason
25675,Marissa Meyers
25676,Marissa Owen
25677,Marissa Palmer
25678,Marissa Powers
25679,Marissa Ryan
25680,Marissa Santana
25681,Marissa Small
25682,Marissa Smith
25683,Marissa Stevenson
25684,Marissa Swanson
25685,Marissa Villarreal
25686,Marissa Walker
25687,Mark Adams
25688,Mark Aguirre
25689,Mark Ali
25690,Mark Allen
25691,Mark Alvarado
25692,Mark Andersen
25693,Mark Anderson
25694,Mark Andrade
25695,Mark Archer
25696,Mark Armstrong
25697,Mark Avila Dds
25698,Mark Baker
25699,Mark Banks
25700,Mark Barajas
25701,Mark Barrera
25702,Mark Bell Jr.
25703,Mark Bishop
25704,Mark Black
25705,Mark Boone
25706,Mark Boyd Dds
25707,Mark Braun
25708,Mark Brown
25709,Mark Browning
25710,Mark Buchanan
25711,Mark Burton
25712,Mark Cabrera
25713,Mark Caldwell
25714,Mark Campbell
25715,Mark Cardenas
25716,Mark Carey
25717,Mark Carr
25718,Mark Carson
25719,Mark Castillo
25720,Mark Castro
25721,Mark Chan
25722,Mark Chapman
25723,Mark Charles
25724,Mark Chen
25725,Mark Clark
25726,Mark Cochran
25727,Mark Coffey
25728,Mark Collier Jr.
25729,Mark Collins
25730,Mark Conley
25731,Mark Contreras
25732,Mark Cook
25733,Mark Cooper
25734,Mark Cortez
25735,Mark Cox
25736,Mark Cuevas
25737,Mark Cunningham
25738,Mark Curry
25739,Mark Curtis
25740,Mark Davenport
25741,Mark Davis
25742,Mark Day
25743,Mark Diaz
25744,Mark Dillon
25745,Mark Dixon
25746,Mark Donaldson
25747,Mark Duncan
25748,Mark Dyer
25749,Mark Edwards
25750,Mark Elliott
25751,Mark Ellis
25752,Mark English
25753,Mark Evans
25754,Mark Ewing
25755,Mark Ferguson
25756,Mark Fisher
25757,Mark Fleming
25758,Mark Fletcher
25759,Mark Flores
25760,Mark Foley
25761,Mark Foster
25762,Mark Francis
25763,Mark Frederick
25764,Mark Fuentes
25765,Mark Gaines
25766,Mark Gallagher
25767,Mark Garcia
25768,Mark Garza
25769,Mark George
25770,Mark Gibson
25771,Mark Gilmore
25772,Mark Glenn
25773,Mark Glover
25774,Mark Golden
25775,Mark Gonzales
25776,Mark Goodman
25777,Mark Gordon
25778,Mark Graham
25779,Mark Greene
25780,Mark Gregory
25781,Mark Griffin
25782,Mark Guzman
25783,Mark Hahn
25784,Mark Hale
25785,Mark Hall
25786,Mark Hamilton
25787,Mark Hanna
25788,Mark Hansen
25789,Mark Harris
25790,Mark Harrison
25791,Mark Hart
25792,Mark Hartman Jr.
25793,Mark Hawkins
25794,Mark Hernandez
25795,Mark Hickman Dvm
25796,Mark Higgins
25797,Mark Hill
25798,Mark Hogan
25799,Mark Holden
25800,Mark Holder
25801,Mark Holland
25802,Mark Hopkins
25803,Mark Horne
25804,Mark Houston
25805,Mark Howard
25806,Mark Huff
25807,Mark Hughes
25808,Mark Hunter
25809,Mark Jackson
25810,Mark Jackson Dds
25811,Mark James
25812,Mark Jenkins
25813,Mark Jensen
25814,Mark Johns
25815,Mark Johnson
25816,Mark Johnston
25817,Mark Jones
25818,Mark Jordan
25819,Mark Keller
25820,Mark Kelly
25821,Mark Kennedy
25822,Mark Kim
25823,Mark King
25824,Mark Knight
25825,Mark Krueger
25826,Mark Lambert
25827,Mark Lane
25828,Mark Larson
25829,Mark Lawson
25830,Mark Le
25831,Mark Leblanc
25832,Mark Lee
25833,Mark Lewis
25834,Mark Lopez
25835,Mark Lowe
25836,Mark Lyons
25837,Mark Mann
25838,Mark Manning
25839,Mark Martin
25840,Mark Martin Dds
25841,Mark Martinez
25842,Mark Mason
25843,Mark Massey
25844,Mark Mathews
25845,Mark Mayer
25846,Mark Maynard
25847,Mark Mccarthy
25848,Mark Mcdonald
25849,Mark Mcfarland
25850,Mark Mcgrath
25851,Mark Mcknight
25852,Mark Mendez
25853,Mark Miller
25854,Mark Miranda
25855,Mark Montes
25856,Mark Moore
25857,Mark Morgan
25858,Mark Morgan Jr.
25859,Mark Morris
25860,Mark Morrow
25861,Mark Mueller
25862,Mark Mullins
25863,Mark Murphy
25864,Mark Murray
25865,Mark Neal
25866,Mark Nelson
25867,Mark Newman
25868,Mark Newton
25869,Mark Nichols Dds
25870,Mark Olsen
25871,Mark Olson
25872,Mark Oneal
25873,Mark Orr
25874,Mark Owens
25875,Mark Pacheco
25876,Mark Padilla
25877,Mark Parker
25878,Mark Parks
25879,Mark Parrish
25880,Mark Patel
25881,Mark Patrick
25882,Mark Paul
25883,Mark Perez
25884,Mark Perry
25885,Mark Pierce
25886,Mark Pittman
25887,Mark Potts
25888,Mark Powell
25889,Mark Price
25890,Mark Pruitt
25891,Mark Ramirez
25892,Mark Ramos
25893,Mark Ray
25894,Mark Reed
25895,Mark Reyes
25896,Mark Robinson
25897,Mark Rodgers
25898,Mark Rodriguez
25899,Mark Rogers
25900,Mark Rosales
25901,Mark Rosario
25902,Mark Rubio
25903,Mark Ruiz
25904,Mark Sanchez
25905,Mark Sanders
25906,Mark Sandoval
25907,Mark Santana
25908,Mark Savage
25909,Mark Schmitt
25910,Mark Sellers
25911,Mark Shea
25912,Mark Shepard
25913,Mark Simmons
25914,Mark Singleton
25915,Mark Smith
25916,Mark Sosa
25917,Mark Stevenson
25918,Mark Stout
25919,Mark Taylor
25920,Mark Terrell
25921,Mark Thomas
25922,Mark Thompson
25923,Mark Todd
25924,Mark Trevino
25925,Mark Tucker
25926,Mark Turner
25927,Mark Vasquez
25928,Mark Vaughan
25929,Mark Vazquez
25930,Mark Vega
25931,Mark Walker
25932,Mark Wallace
25933,Mark Walls
25934,Mark Walsh
25935,Mark Walters
25936,Mark Walton
25937,Mark Watson
25938,Mark Watts
25939,Mark Weber
25940,Mark Wells
25941,Mark West
25942,Mark Wheeler
25943,Mark White
25944,Mark Williams
25945,Mark Williamson
25946,Mark Wise
25947,Mark Wood
25948,Mark Woodard
25949,Mark Woods
25950,Mark Wright
25951,Mark York
25952,Mark Young
25953,Mark Zamora
25954,Martha Anderson
25955,Martha Bailey
25956,Martha Banks
25957,Martha Cardenas
25958,Martha Duarte
25959,Martha Edwards
25960,Martha Ferrell
25961,Martha Gomez
25962,Martha Graham
25963,Martha Harris
25964,Martha Harrison
25965,Martha Haynes
25966,Martha Hill
25967,Martha Howard
25968,Martha James
25969,Martha Johnson
25970,Martha Lee
25971,Martha Mills
25972,Martha Ortiz
25973,Martha Palmer
25974,Martha Potts
25975,Martha Ray
25976,Martha Riddle
25977,Martha Rivera
25978,Martha Roberts
25979,Martha Robinson
25980,Martha Skinner
25981,Martha Smith
25982,Martha Thompson
25983,Martha Walton
25984,Martha Weaver
25985,Martha Wiley
25986,Martin Anderson
25987,Martin Arnold
25988,Martin Baker
25989,Martin Barrett
25990,Martin Bond
25991,Martin Brown
25992,Martin Contreras
25993,Martin Conway
25994,Martin Craig
25995,Martin Cuevas
25996,Martin Daniels
25997,Martin Dominguez
25998,Martin Fields
25999,Martin Herring
26000,Martin Hunter
26001,Martin Lee
26002,Martin Lynch
26003,Martin Moses
26004,Martin Murray
26005,Martin Nguyen
26006,Martin Payne
26007,Martin Rice
26008,Martin Roberson
26009,Martin Saunders
26010,Martin Simon
26011,Martin Smith
26012,Martin Sutton
26013,Martin Thornton
26014,Martin Torres
26015,Martin Tran
26016,Martin Ward
26017,Martin Wilson
26018,Martin Young
26019,Marvin Allen
26020,Marvin Alvarado
26021,Marvin Atkinson
26022,Marvin Butler
26023,Marvin Davis
26024,Marvin Delacruz
26025,Marvin Farley
26026,Marvin Franklin
26027,Marvin Guerrero
26028,Marvin Harris
26029,Marvin Hartman
26030,Marvin Howell
26031,Marvin Krueger Jr.
26032,Marvin Lynch
26033,Marvin Nelson
26034,Marvin Owen
26035,Marvin Rogers
26036,Marvin Sanchez
26037,Marvin Smith
26038,Marvin Wagner
26039,Marvin Wolfe
26040,Mary Ali
26041,Mary Allen
26042,Mary Allison
26043,Mary Alvarado
26044,Mary Alvarez
26045,Mary Anderson
26046,Mary Archer
26047,Mary Arias
26048,Mary Armstrong
26049,Mary Arnold
26050,Mary Ayers
26051,Mary Baker
26052,Mary Ball
26053,Mary Banks
26054,Mary Barnes
26055,Mary Bartlett
26056,Mary Bates
26057,Mary Bautista
26058,Mary Beck
26059,Mary Becker
26060,Mary Bell
26061,Mary Benjamin
26062,Mary Berry
26063,Mary Black
26064,Mary Blankenship
26065,Mary Bond
26066,Mary Boyer
26067,Mary Brady
26068,Mary Branch
26069,Mary Brewer
26070,Mary Bridges
26071,Mary Brock
26072,Mary Brown
26073,Mary Buchanan
26074,Mary Bullock
26075,Mary Burch
26076,Mary Burke
26077,Mary Burton
26078,Mary Butler
26079,Mary Calderon
26080,Mary Campbell
26081,Mary Carter
26082,Mary Christian
26083,Mary Clark
26084,Mary Clarke
26085,Mary Clayton
26086,Mary Cobb
26087,Mary Cochran
26088,Mary Coleman
26089,Mary Combs
26090,Mary Cook
26091,Mary Cooper
26092,Mary Cordova
26093,Mary Cox
26094,Mary Cruz
26095,Mary Dalton
26096,Mary Daniel Dds
26097,Mary Davenport
26098,Mary David
26099,Mary Davis
26100,Mary Day
26101,Mary Dean
26102,Mary Dennis
26103,Mary Dixon
26104,Mary Drake
26105,Mary Duffy
26106,Mary Duran
26107,Mary Edwards
26108,Mary Ellis
26109,Mary Ellison
26110,Mary Escobar
26111,Mary Evans
26112,Mary Ewing
26113,Mary Farrell
26114,Mary Fernandez
26115,Mary Fisher
26116,Mary Fletcher
26117,Mary Franco
26118,Mary Gallagher
26119,Mary Gallagher Md
26120,Mary Garcia
26121,Mary Garza
26122,Mary George
26123,Mary Gilbert
26124,Mary Gonzales
26125,Mary Gordon
26126,Mary Graham
26127,Mary Grant
26128,Mary Green
26129,Mary Greer
26130,Mary Gregory
26131,Mary Griffith
26132,Mary Guerrero
26133,Mary Gutierrez
26134,Mary Guzman
26135,Mary Hall
26136,Mary Hamilton
26137,Mary Harper
26138,Mary Harris
26139,Mary Hart
26140,Mary Harvey
26141,Mary Hayes
26142,Mary Henry
26143,Mary Hernandez
26144,Mary Herrera
26145,Mary Hoffman
26146,Mary Hood
26147,Mary Hooper
26148,Mary Hopkins
26149,Mary Horn
26150,Mary Howe
26151,Mary Howell Md
26152,Mary Huber
26153,Mary Hudson
26154,Mary Huffman
26155,Mary Hunt
26156,Mary Hutchinson
26157,Mary Jackson
26158,Mary Jacobs
26159,Mary James
26160,Mary Jefferson
26161,Mary Johnson
26162,Mary Jones
26163,Mary Kaiser
26164,Mary Kelly
26165,Mary Kerr
26166,Mary Kidd
26167,Mary Kim
26168,Mary King
26169,Mary Kirby
26170,Mary Knight
26171,Mary Lam
26172,Mary Lane
26173,Mary Lee
26174,Mary Lewis
26175,Mary Liu
26176,Mary Logan
26177,Mary Lopez
26178,Mary Lowe
26179,Mary Lyons
26180,Mary Maldonado
26181,Mary Manning
26182,Mary Marshall
26183,Mary Martinez
26184,Mary Mason
26185,Mary Mathis
26186,Mary Matthews
26187,Mary May
26188,Mary Mcdaniel
26189,Mary Mcguire
26190,Mary Mckay
26191,Mary Mckee
26192,Mary Mckinney
26193,Mary Mcmahon
26194,Mary Medina
26195,Mary Mendez
26196,Mary Miller
26197,Mary Montoya
26198,Mary Moore
26199,Mary Moreno
26200,Mary Morgan
26201,Mary Morris
26202,Mary Morrison
26203,Mary Morse
26204,Mary Morton
26205,Mary Moss
26206,Mary Moyer
26207,Mary Murphy
26208,Mary Nixon
26209,Mary Obrien
26210,Mary Oliver
26211,Mary Oneal
26212,Mary Ortiz
26213,Mary Palmer
26214,Mary Parker
26215,Mary Payne
26216,Mary Perez
26217,Mary Perry
26218,Mary Phelps
26219,Mary Powell
26220,Mary Powers
26221,Mary Ramirez
26222,Mary Ramos
26223,Mary Ramsey
26224,Mary Randall
26225,Mary Rasmussen
26226,Mary Reed
26227,Mary Reilly
26228,Mary Reyes
26229,Mary Rice
26230,Mary Richard
26231,Mary Richards
26232,Mary Richardson
26233,Mary Riley
26234,Mary Robbins
26235,Mary Robinson
26236,Mary Rodgers
26237,Mary Roman
26238,Mary Rosales
26239,Mary Rose
26240,Mary Russell
26241,Mary Sanchez
26242,Mary Sandoval
26243,Mary Santos
26244,Mary Sawyer
26245,Mary Schmidt
26246,Mary Schwartz
26247,Mary Scott
26248,Mary Sexton
26249,Mary Sharp
26250,Mary Sheppard
26251,Mary Short
26252,Mary Simmons
26253,Mary Smith
26254,Mary Spencer
26255,Mary Stein
26256,Mary Stevens Dds
26257,Mary Stewart
26258,Mary Strickland
26259,Mary Sutton
26260,Mary Thompson
26261,Mary Torres
26262,Mary Trevino
26263,Mary Turner
26264,Mary Underwood
26265,Mary Valentine
26266,Mary Vargas
26267,Mary Vargas Md
26268,Mary Vaughn
26269,Mary Villa
26270,Mary Villanueva
26271,Mary Walker
26272,Mary Ware
26273,Mary Warner
26274,Mary Warren
26275,Mary Washington
26276,Mary Watkins
26277,Mary Watts
26278,Mary Webster
26279,Mary Weiss
26280,Mary Wheeler
26281,Mary White
26282,Mary Whitehead
26283,Mary Williams
26284,Mary Williams Md
26285,Mary Williamson
26286,Mary Wilson
26287,Mary Wood
26288,Mary Woods
26289,Mary Yang
26290,Mary Yoder
26291,Mary Zimmerman
26292,Mason Bell
26293,Mason Fernandez
26294,Mason Fuller
26295,Mason Larson
26296,Mason Melendez
26297,Mason Moore
26298,Mason Nelson
26299,Mason Potter
26300,Mason Santana
26301,Mason Soto
26302,Mason Thompson
26303,Mason Turner
26304,Mason Whitaker
26305,Mason White
26306,Mathew Blackburn
26307,Mathew Carter
26308,Mathew Espinoza
26309,Mathew Fleming
26310,Mathew Frank
26311,Mathew Hampton
26312,Mathew Jefferson
26313,Mathew Nguyen
26314,Mathew Nunez
26315,Mathew Ortiz
26316,Mathew Phillips
26317,Mathew Rogers
26318,Mathew Ross
26319,Mathew Schmidt
26320,Mathew White
26321,Mathew Williams
26322,Matthew Adams
26323,Matthew Adkins
26324,Matthew Aguirre
26325,Matthew Alexander
26326,Matthew Allen
26327,Matthew Alvarez
26328,Matthew Andersen
26329,Matthew Anderson
26330,Matthew Andrade
26331,Matthew Armstrong
26332,Matthew Arnold
26333,Matthew Austin
26334,Matthew Avila
26335,Matthew Bailey
26336,Matthew Baker
26337,Matthew Baldwin
26338,Matthew Barajas
26339,Matthew Barker
26340,Matthew Barnes
26341,Matthew Barnett
26342,Matthew Barr
26343,Matthew Barrett
26344,Matthew Bauer
26345,Matthew Baxter
26346,Matthew Bell
26347,Matthew Bennett
26348,Matthew Bernard
26349,Matthew Black
26350,Matthew Blackburn
26351,Matthew Blake
26352,Matthew Bowers
26353,Matthew Bradshaw
26354,Matthew Brewer
26355,Matthew Brown
26356,Matthew Buchanan
26357,Matthew Buckley
26358,Matthew Burke
26359,Matthew Burns
26360,Matthew Butler
26361,Matthew Cabrera
26362,Matthew Calderon
26363,Matthew Caldwell
26364,Matthew Calhoun
26365,Matthew Camacho
26366,Matthew Cameron Phd
26367,Matthew Campbell
26368,Matthew Carroll
26369,Matthew Carter
26370,Matthew Castillo
26371,Matthew Chase
26372,Matthew Chen
26373,Matthew Clark
26374,Matthew Clarke
26375,Matthew Clay
26376,Matthew Cole
26377,Matthew Collins
26378,Matthew Conley
26379,Matthew Cook
26380,Matthew Cooper
26381,Matthew Copeland
26382,Matthew Crawford
26383,Matthew Cruz
26384,Matthew Davis
26385,Matthew Dawson
26386,Matthew Dean
26387,Matthew Donaldson
26388,Matthew Dougherty
26389,Matthew Doyle
26390,Matthew Duarte
26391,Matthew Duffy
26392,Matthew Duncan
26393,Matthew Dunlap
26394,Matthew Duran
26395,Matthew Edwards
26396,Matthew Evans
26397,Matthew Farmer
26398,Matthew Ferguson
26399,Matthew Figueroa
26400,Matthew Fletcher
26401,Matthew Flores
26402,Matthew Flynn
26403,Matthew Foster
26404,Matthew Fox
26405,Matthew Franklin
26406,Matthew Frost
26407,Matthew Fuentes
26408,Matthew Fuller
26409,Matthew Gamble
26410,Matthew Garcia
26411,Matthew Gardner
26412,Matthew Gibson
26413,Matthew Gibson Dvm
26414,Matthew Gilbert
26415,Matthew Glover
26416,Matthew Golden
26417,Matthew Gomez
26418,Matthew Gonzales
26419,Matthew Gonzalez
26420,Matthew Goodman
26421,Matthew Gray
26422,Matthew Greer
26423,Matthew Griffin
26424,Matthew Gutierrez
26425,Matthew Guzman
26426,Matthew Hall
26427,Matthew Hanson
26428,Matthew Harmon
26429,Matthew Harris
26430,Matthew Harrison
26431,Matthew Hartman
26432,Matthew Harvey
26433,Matthew Hawkins
26434,Matthew Hayes
26435,Matthew Heath
26436,Matthew Henderson
26437,Matthew Hendricks
26438,Matthew Henry
26439,Matthew Hernandez
26440,Matthew Hickman
26441,Matthew Hicks
26442,Matthew Hill
26443,Matthew Hobbs
26444,Matthew Hogan
26445,Matthew Holland Md
26446,Matthew Hopkins
26447,Matthew Horton
26448,Matthew Howard
26449,Matthew Howe
26450,Matthew Huerta
26451,Matthew Humphrey
26452,Matthew Hunter
26453,Matthew Hutchinson
26454,Matthew Jackson
26455,Matthew Jennings
26456,Matthew Jensen
26457,Matthew Jimenez
26458,Matthew Johnson
26459,Matthew Jones
26460,Matthew Kaiser
26461,Matthew Kane
26462,Matthew Kelley
26463,Matthew Kelly
26464,Matthew Kennedy
26465,Matthew Kirby
26466,Matthew Klein
26467,Matthew Knox
26468,Matthew Koch
26469,Matthew Krueger
26470,Matthew Lang
26471,Matthew Leach
26472,Matthew Lee
26473,Matthew Leon
26474,Matthew Lewis
26475,Matthew Lindsey
26476,Matthew Little
26477,Matthew Liu
26478,Matthew Logan
26479,Matthew Long
26480,Matthew Lopez
26481,Matthew Lopez Md
26482,Matthew Lozano
26483,Matthew Lutz
26484,Matthew Lynch
26485,Matthew Madden
26486,Matthew Mann
26487,Matthew Manning
26488,Matthew Marshall
26489,Matthew Martin
26490,Matthew Martinez
26491,Matthew Mason
26492,Matthew Matthews
26493,Matthew Maxwell
26494,Matthew Maynard
26495,Matthew Mayo
26496,Matthew Mccormick
26497,Matthew Mccoy
26498,Matthew Mcdonald
26499,Matthew Mcguire
26500,Matthew Mcmillan Dds
26501,Matthew Medina
26502,Matthew Mejia
26503,Matthew Mendoza
26504,Matthew Miller
26505,Matthew Mills
26506,Matthew Mitchell
26507,Matthew Moore
26508,Matthew Mora
26509,Matthew Morales
26510,Matthew Moreno
26511,Matthew Morris
26512,Matthew Mosley
26513,Matthew Mueller
26514,Matthew Mullins
26515,Matthew Murphy
26516,Matthew Murray
26517,Matthew Myers
26518,Matthew Nelson
26519,Matthew Newman
26520,Matthew Newton
26521,Matthew Nguyen
26522,Matthew Norman
26523,Matthew Oconnor
26524,Matthew Orozco
26525,Matthew Ortega Md
26526,Matthew Palmer
26527,Matthew Parker
26528,Matthew Pennington
26529,Matthew Perez
26530,Matthew Perkins
26531,Matthew Pierce
26532,Matthew Pittman
26533,Matthew Potter
26534,Matthew Price
26535,Matthew Pruitt
26536,Matthew Pugh
26537,Matthew Ramirez
26538,Matthew Ramos
26539,Matthew Ray
26540,Matthew Reed
26541,Matthew Reid
26542,Matthew Reyes
26543,Matthew Reynolds Md
26544,Matthew Rice
26545,Matthew Richmond
26546,Matthew Rios
26547,Matthew Rivas
26548,Matthew Rivera
26549,Matthew Rivers
26550,Matthew Roach
26551,Matthew Robbins
26552,Matthew Roberts
26553,Matthew Robinson
26554,Matthew Rodriguez
26555,Matthew Rogers
26556,Matthew Rojas
26557,Matthew Roman
26558,Matthew Romero
26559,Matthew Rose
26560,Matthew Roth
26561,Matthew Roy
26562,Matthew Ruiz
26563,Matthew Russell
26564,Matthew Ryan
26565,Matthew Sampson
26566,Matthew Sanchez
26567,Matthew Sanford
26568,Matthew Schmidt
26569,Matthew Schultz
26570,Matthew Scott
26571,Matthew Sellers
26572,Matthew Shaffer
26573,Matthew Shannon
26574,Matthew Sherman
26575,Matthew Silva
26576,Matthew Simpson
26577,Matthew Smith
26578,Matthew Snow
26579,Matthew Snyder
26580,Matthew Spencer
26581,Matthew Steele
26582,Matthew Stein
26583,Matthew Stewart
26584,Matthew Stokes
26585,Matthew Sullivan
26586,Matthew Sutton
26587,Matthew Taylor
26588,Matthew Thomas
26589,Matthew Thompson
26590,Matthew Torres
26591,Matthew Townsend
26592,Matthew Tran
26593,Matthew Trujillo
26594,Matthew Turner
26595,Matthew Valdez
26596,Matthew Valentine
26597,Matthew Vincent
26598,Matthew Wade
26599,Matthew Walker
26600,Matthew Wallace
26601,Matthew Walsh
26602,Matthew Walters
26603,Matthew Ward
26604,Matthew Warren
26605,Matthew Waters
26606,Matthew Watson
26607,Matthew Webb
26608,Matthew Wells
26609,Matthew Werner
26610,Matthew West
26611,Matthew Whitaker
26612,Matthew White
26613,Matthew Williams
26614,Matthew Willis
26615,Matthew Wilson
26616,Matthew Woodard
26617,Matthew Yang
26618,Matthew Yoder
26619,Matthew Young
26620,Maureen Barker
26621,Maureen Carter
26622,Maureen Cooley
26623,Maureen Dickerson
26624,Maureen Elliott
26625,Maureen Escobar
26626,Maureen Ferguson
26627,Maureen Harvey
26628,Maureen Hawkins
26629,Maureen Hill
26630,Maureen Jones
26631,Maureen Juarez
26632,Maureen Kim
26633,Maureen Lopez
26634,Maureen Mccoy
26635,Maureen Mcknight
26636,Maureen Newman
26637,Maureen Perez
26638,Maureen Richardson
26639,Maureen Roberson
26640,Maureen Salazar
26641,Maureen Small
26642,Maureen Smith
26643,Maureen Torres
26644,Maureen Wilson
26645,Maureen Young
26646,Maurice Benjamin
26647,Maurice Blake Jr.
26648,Maurice Brown
26649,Maurice Clements
26650,Maurice Cox
26651,Maurice Crosby
26652,Maurice Davis
26653,Maurice Dillon
26654,Maurice Dunn
26655,Maurice Ewing
26656,Maurice Haley
26657,Maurice Howard
26658,Maurice Humphrey
26659,Maurice Landry
26660,Maurice Martin
26661,Maurice Mcdowell
26662,Maurice Ramos
26663,Maurice Smith
26664,Maurice Travis
26665,Maurice Walker
26666,Maurice Wilson
26667,Max Carr
26668,Max Cole
26669,Max Lewis
26670,Max Smith
26671,Max Tucker
26672,Maxwell Andrews
26673,Maxwell Berg
26674,Maxwell Hernandez
26675,Maxwell Long
26676,Maxwell Ramos
26677,Maxwell Rogers
26678,Maxwell Scott
26679,Mckenzie Dougherty
26680,Mckenzie Good
26681,Mckenzie Hardy
26682,Mckenzie Norman
26683,Mckenzie Simmons
26684,Mckenzie Trujillo
26685,Mckenzie Vega
26686,Mckenzie Wallace
26687,Mckenzie Williams
26688,Meagan Anderson
26689,Meagan Brown
26690,Meagan Donovan
26691,Meagan Edwards
26692,Meagan Farrell
26693,Meagan Green
26694,Meagan Hall
26695,Meagan Hernandez
26696,Meagan Jordan
26697,Meagan Lewis
26698,Meagan Monroe
26699,Meagan Nguyen
26700,Meagan Quinn
26701,Meagan Ramirez
26702,Meagan Rodriguez
26703,Meagan Wood
26704,Meagan York
26705,Meagan Zhang
26706,Megan Acevedo
26707,Megan Adams
26708,Megan Allen
26709,Megan Bailey
26710,Megan Banks
26711,Megan Barker
26712,Megan Bass
26713,Megan Becker
26714,Megan Bennett
26715,Megan Booth
26716,Megan Bradley
26717,Megan Branch
26718,Megan Bridges
26719,Megan Brown
26720,Megan Carter
26721,Megan Castaneda
26722,Megan Chapman
26723,Megan Clayton
26724,Megan Cohen
26725,Megan Collier
26726,Megan Contreras
26727,Megan Cross
26728,Megan Cruz
26729,Megan Daniel
26730,Megan Davis
26731,Megan Diaz
26732,Megan Dixon
26733,Megan Dominguez
26734,Megan Donovan
26735,Megan Edwards
26736,Megan Edwards Md
26737,Megan Elliott
26738,Megan Fernandez
26739,Megan Fisher
26740,Megan Flores
26741,Megan Foster
26742,Megan Gamble
26743,Megan Garcia
26744,Megan Gardner
26745,Megan Gill
26746,Megan Gomez
26747,Megan Grant
26748,Megan Gregory
26749,Megan Guzman
26750,Megan Haas
26751,Megan Hahn
26752,Megan Hall
26753,Megan Harding
26754,Megan Harrison
26755,Megan Hayden
26756,Megan Hayes
26757,Megan Henson
26758,Megan Hernandez
26759,Megan Hickman
26760,Megan Hicks
26761,Megan Hill
26762,Megan House
26763,Megan Howard
26764,Megan Huerta
26765,Megan Ibarra
26766,Megan Jackson
26767,Megan Johns
26768,Megan Johnson
26769,Megan Jones
26770,Megan Kaufman
26771,Megan Keith
26772,Megan Kennedy
26773,Megan Kim
26774,Megan King
26775,Megan Landry
26776,Megan Lee
26777,Megan Lyons
26778,Megan Malone
26779,Megan Mann
26780,Megan Manning
26781,Megan Martin
26782,Megan Martinez
26783,Megan Massey
26784,Megan Mccann
26785,Megan Mccarthy
26786,Megan Mccarty
26787,Megan Mcclure
26788,Megan Mckee
26789,Megan Miller
26790,Megan Mitchell
26791,Megan Morales
26792,Megan Morris
26793,Megan Mueller
26794,Megan Murphy
26795,Megan Nguyen
26796,Megan Nichols
26797,Megan Ochoa
26798,Megan Olson
26799,Megan Ortega
26800,Megan Parks
26801,Megan Perry
26802,Megan Peters Md
26803,Megan Ponce Dvm
26804,Megan Ray
26805,Megan Richards
26806,Megan Richardson
26807,Megan Rosales
26808,Megan Rowe
26809,Megan Rush
26810,Megan Sanchez
26811,Megan Sanders
26812,Megan Sandoval
26813,Megan Scott
26814,Megan Sharp Md
26815,Megan Shaw
26816,Megan Sherman
26817,Megan Shields
26818,Megan Simon
26819,Megan Smith
26820,Megan Solis
26821,Megan Spencer
26822,Megan Stanley
26823,Megan Strickland
26824,Megan Sutton
26825,Megan Swanson
26826,Megan Taylor
26827,Megan Thomas
26828,Megan Thompson
26829,Megan Valdez
26830,Megan Vasquez Md
26831,Megan Villanueva
26832,Megan Villegas
26833,Megan Walker
26834,Megan Wall
26835,Megan Walsh
26836,Megan Ward
26837,Megan Washington
26838,Megan Webb
26839,Megan Wells
26840,Megan White
26841,Megan Wiggins
26842,Megan Wilcox
26843,Megan Williams
26844,Megan Wilson
26845,Megan Wood
26846,Megan Wood Dds
26847,Megan Wright
26848,Megan Zimmerman
26849,Meghan Anderson
26850,Meghan Bailey
26851,Meghan Baxter
26852,Meghan Coffey
26853,Meghan Cox
26854,Meghan Doyle
26855,Meghan Esparza
26856,Meghan Espinoza Dds
26857,Meghan Ford
26858,Meghan Grant
26859,Meghan Hall
26860,Meghan Hardin
26861,Meghan Harris
26862,Meghan Herman
26863,Meghan Huber
26864,Meghan James
26865,Meghan Jennings
26866,Meghan Keller
26867,Meghan Lane
26868,Meghan Lawrence
26869,Meghan Lin
26870,Meghan Mcbride
26871,Meghan Mccullough
26872,Meghan Mcdonald
26873,Meghan Meyer
26874,Meghan Mills
26875,Meghan Mitchell
26876,Meghan Nolan
26877,Meghan Prince
26878,Meghan Rasmussen
26879,Meghan Richard
26880,Meghan Richardson
26881,Meghan Rocha
26882,Meghan Salazar
26883,Meghan Scott
26884,Meghan Stephens
26885,Meghan Thomas
26886,Meghan Walton
26887,Meghan Ward
26888,Meghan Weaver
26889,Meghan Williams
26890,Melanie Adams
26891,Melanie Adkins
26892,Melanie Aguilar
26893,Melanie Aguirre
26894,Melanie Allen
26895,Melanie Anderson
26896,Melanie Banks
26897,Melanie Benton
26898,Melanie Blake
26899,Melanie Bowen
26900,Melanie Brown
26901,Melanie Butler
26902,Melanie Castro
26903,Melanie Charles
26904,Melanie Christian
26905,Melanie Cook
26906,Melanie Dunn
26907,Melanie Edwards
26908,Melanie Figueroa
26909,Melanie Fisher
26910,Melanie Fox
26911,Melanie Garza
26912,Melanie George
26913,Melanie Gomez
26914,Melanie Grant
26915,Melanie Hansen
26916,Melanie Hanson
26917,Melanie Henry
26918,Melanie Henry Md
26919,Melanie Higgins
26920,Melanie Hill
26921,Melanie Houston
26922,Melanie Hunter
26923,Melanie Johnson
26924,Melanie Johnson Dvm
26925,Melanie Jones
26926,Melanie Kane
26927,Melanie Knox
26928,Melanie Lee
26929,Melanie Lloyd
26930,Melanie Love
26931,Melanie Lyons
26932,Melanie Martin
26933,Melanie Mccarthy
26934,Melanie Mendoza
26935,Melanie Mercado
26936,Melanie Meyer
26937,Melanie Morrow
26938,Melanie Nicholson
26939,Melanie Norton
26940,Melanie Oconnor
26941,Melanie Orozco
26942,Melanie Orr
26943,Melanie Ortiz
26944,Melanie Palmer
26945,Melanie Payne
26946,Melanie Perez
26947,Melanie Ramirez
26948,Melanie Rhodes
26949,Melanie Rice
26950,Melanie Rivers
26951,Melanie Robbins
26952,Melanie Robertson
26953,Melanie Robinson
26954,Melanie Scott
26955,Melanie Shaffer
26956,Melanie Shaw Dvm
26957,Melanie Smith Dvm
26958,Melanie Steele
26959,Melanie Stevens
26960,Melanie Stewart
26961,Melanie Strickland
26962,Melanie Valentine
26963,Melanie Vargas
26964,Melanie Walker
26965,Melanie Watson
26966,Melanie Webb
26967,Melanie Williams
26968,Melanie Wilson
26969,Melanie Woods
26970,Melanie Wright
26971,Melanie Yates
26972,Melinda Baker
26973,Melinda Bennett
26974,Melinda Bishop
26975,Melinda Brown
26976,Melinda Buck
26977,Melinda Buckley
26978,Melinda Christian
26979,Melinda Collins
26980,Melinda Frazier
26981,Melinda Gibson
26982,Melinda Gross
26983,Melinda Haley
26984,Melinda Hamilton
26985,Melinda Harris
26986,Melinda Jenkins
26987,Melinda Johnson
26988,Melinda King
26989,Melinda Larsen
26990,Melinda Long
26991,Melinda Lopez
26992,Melinda Lynch
26993,Melinda Martin
26994,Melinda Mccall
26995,Melinda Mccarthy
26996,Melinda Mccoy
26997,Melinda Miller
26998,Melinda Monroe
26999,Melinda Moore
27000,Melinda Morales
27001,Melinda Morse
27002,Melinda Norris
27003,Melinda Patel
27004,Melinda Rivera
27005,Melinda Robertson
27006,Melinda Rodriguez
27007,Melinda Rogers
27008,Melinda Smith
27009,Melinda Snyder
27010,Melinda Solomon
27011,Melinda Sosa
27012,Melinda Spencer
27013,Melinda Stevens
27014,Melinda Thornton
27015,Melinda Trevino Dvm
27016,Melinda Valencia
27017,Melinda Vaughan
27018,Melinda Walls
27019,Melinda Willis
27020,Melinda Wright
27021,Melissa Adkins
27022,Melissa Alexander
27023,Melissa Allen
27024,Melissa Alvarado
27025,Melissa Anderson
27026,Melissa Andrews
27027,Melissa Arellano
27028,Melissa Atkins
27029,Melissa Avery
27030,Melissa Ayers Dds
27031,Melissa Bailey
27032,Melissa Baker
27033,Melissa Banks
27034,Melissa Barber
27035,Melissa Barnett
27036,Melissa Becker
27037,Melissa Bell
27038,Melissa Berry
27039,Melissa Black
27040,Melissa Blevins
27041,Melissa Booth
27042,Melissa Bowman
27043,Melissa Boyd
27044,Melissa Brown
27045,Melissa Buck
27046,Melissa Bullock
27047,Melissa Byrd
27048,Melissa Cantrell
27049,Melissa Carson
27050,Melissa Carter
27051,Melissa Castro
27052,Melissa Chaney
27053,Melissa Chapman
27054,Melissa Chavez
27055,Melissa Clark
27056,Melissa Cobb
27057,Melissa Cochran
27058,Melissa Coleman
27059,Melissa Colon
27060,Melissa Cruz
27061,Melissa Cummings
27062,Melissa Cunningham
27063,Melissa Davis
27064,Melissa Decker
27065,Melissa Dennis
27066,Melissa Diaz
27067,Melissa Dixon
27068,Melissa Dodson
27069,Melissa Duarte
27070,Melissa Duffy
27071,Melissa Duke
27072,Melissa Duncan
27073,Melissa Eaton
27074,Melissa Edwards
27075,Melissa Ellis
27076,Melissa Erickson
27077,Melissa Fernandez
27078,Melissa Figueroa
27079,Melissa Fisher
27080,Melissa Floyd
27081,Melissa Ford
27082,Melissa Fritz
27083,Melissa Fuentes
27084,Melissa Fuller
27085,Melissa Gallegos
27086,Melissa Garza
27087,Melissa Gibbs
27088,Melissa Giles
27089,Melissa Gill
27090,Melissa Gonzales
27091,Melissa Gonzalez
27092,Melissa Graham
27093,Melissa Grant
27094,Melissa Green
27095,Melissa Greer
27096,Melissa Griffin
27097,Melissa Gutierrez Dvm
27098,Melissa Guzman
27099,Melissa Hale
27100,Melissa Haley Md
27101,Melissa Hall
27102,Melissa Hansen
27103,Melissa Hanson
27104,Melissa Harding
27105,Melissa Harris
27106,Melissa Harvey
27107,Melissa Hayes
27108,Melissa Haynes
27109,Melissa Hendricks
27110,Melissa Henry
27111,Melissa Herman
27112,Melissa Hernandez
27113,Melissa Higgins
27114,Melissa Ho
27115,Melissa Hodges
27116,Melissa Holland
27117,Melissa Holmes
27118,Melissa Hopkins
27119,Melissa Horne
27120,Melissa Howard
27121,Melissa Howell
27122,Melissa Huffman
27123,Melissa Hughes
27124,Melissa Hunt
27125,Melissa Hutchinson
27126,Melissa Jackson
27127,Melissa Jacobs
27128,Melissa James
27129,Melissa Jensen
27130,Melissa Johnson
27131,Melissa Johnston
27132,Melissa Jones
27133,Melissa Kelley
27134,Melissa Kelly
27135,Melissa Kim
27136,Melissa King
27137,Melissa Lambert
27138,Melissa Lane
27139,Melissa Lang
27140,Melissa Lawrence
27141,Melissa Lawson
27142,Melissa Leach
27143,Melissa Lee
27144,Melissa Levine
27145,Melissa Lewis
27146,Melissa Li
27147,Melissa Little
27148,Melissa Lowe Dds
27149,Melissa Lutz
27150,Melissa Malone
27151,Melissa Marquez
27152,Melissa Martin
27153,Melissa Mathews
27154,Melissa Mayer
27155,Melissa Maynard
27156,Melissa Mccall
27157,Melissa Mcdonald
27158,Melissa Mckay
27159,Melissa Mckee
27160,Melissa Mclean
27161,Melissa Medina
27162,Melissa Mendoza
27163,Melissa Mercado
27164,Melissa Meza
27165,Melissa Miller
27166,Melissa Moore
27167,Melissa Morales
27168,Melissa Moreno
27169,Melissa Morgan
27170,Melissa Morris
27171,Melissa Moyer
27172,Melissa Munoz
27173,Melissa Murphy
27174,Melissa Murray
27175,Melissa Neal
27176,Melissa Nguyen
27177,Melissa Nichols
27178,Melissa Norris
27179,Melissa Oconnor
27180,Melissa Odonnell
27181,Melissa Olson
27182,Melissa Orr
27183,Melissa Ortega
27184,Melissa Owens
27185,Melissa Pacheco
27186,Melissa Palmer
27187,Melissa Parker
27188,Melissa Parsons
27189,Melissa Pearson
27190,Melissa Pena
27191,Melissa Perez
27192,Melissa Peters
27193,Melissa Pope
27194,Melissa Potter
27195,Melissa Powell
27196,Melissa Ramirez
27197,Melissa Ramsey
27198,Melissa Rasmussen
27199,Melissa Raymond
27200,Melissa Reid
27201,Melissa Reyes
27202,Melissa Rice
27203,Melissa Richards
27204,Melissa Riley
27205,Melissa Rivas
27206,Melissa Rivera
27207,Melissa Roberts
27208,Melissa Robertson
27209,Melissa Robinson
27210,Melissa Rodriguez
27211,Melissa Rogers
27212,Melissa Ross
27213,Melissa Roth
27214,Melissa Ruiz
27215,Melissa Russell
27216,Melissa Russo
27217,Melissa Sanchez
27218,Melissa Sanders
27219,Melissa Santiago
27220,Melissa Savage
27221,Melissa Sawyer
27222,Melissa Schultz
27223,Melissa Scott
27224,Melissa Sellers
27225,Melissa Shea
27226,Melissa Shelton
27227,Melissa Shields
27228,Melissa Silva
27229,Melissa Simmons
27230,Melissa Skinner
27231,Melissa Sloan
27232,Melissa Small
27233,Melissa Smith
27234,Melissa Spears
27235,Melissa Spencer
27236,Melissa Stark
27237,Melissa Stephens
27238,Melissa Stevenson
27239,Melissa Summers
27240,Melissa Taylor
27241,Melissa Terry
27242,Melissa Thomas
27243,Melissa Thompson
27244,Melissa Todd
27245,Melissa Travis
27246,Melissa Tucker
27247,Melissa Turner
27248,Melissa Tyler
27249,Melissa Vargas
27250,Melissa Vasquez
27251,Melissa Vaughn
27252,Melissa Vazquez
27253,Melissa Velazquez
27254,Melissa Velez
27255,Melissa Wall
27256,Melissa Wallace
27257,Melissa Ward
27258,Melissa Watson
27259,Melissa Weber
27260,Melissa Weeks
27261,Melissa Wells
27262,Melissa West
27263,Melissa White
27264,Melissa Williams
27265,Melissa Willis
27266,Melissa Wilson
27267,Melissa Wolf
27268,Melissa Wolfe
27269,Melissa Wood
27270,Melissa Wright
27271,Melissa Wu
27272,Melissa Young
27273,Melissa Zhang
27274,Melissa Zuniga
27275,Melody Berger
27276,Melody Calderon
27277,Melody Davila
27278,Melody Davis
27279,Melody Fuller
27280,Melody Jones
27281,Melody Klein
27282,Melody Miller
27283,Melody Montgomery
27284,Melody Morales
27285,Melody Morris
27286,Melody Murillo
27287,Melody Oconnell
27288,Melody Perez
27289,Melody Wilson
27290,Melvin Bowman
27291,Melvin Bradshaw
27292,Melvin Evans
27293,Melvin Franklin
27294,Melvin Hardy
27295,Melvin Harmon
27296,Melvin Higgins
27297,Melvin Knight
27298,Melvin May
27299,Melvin Montgomery
27300,Melvin Peterson
27301,Melvin Reeves
27302,Melvin Richardson
27303,Melvin Walker
27304,Melvin Wright
27305,Mercedes Clark
27306,Mercedes Harris
27307,Mercedes Richards
27308,Mercedes Shepherd
27309,Mercedes Smith
27310,Mercedes Walker
27311,Mercedes Williams
27312,Mercedes Wood
27313,Meredith Blair
27314,Meredith Brown
27315,Meredith Clayton
27316,Meredith Drake
27317,Meredith Flores
27318,Meredith Gibbs
27319,Meredith Gomez
27320,Meredith Harris
27321,Meredith Hubbard
27322,Meredith Humphrey
27323,Meredith Jones
27324,Meredith King
27325,Meredith Lopez
27326,Meredith Mcdonald
27327,Meredith Mejia
27328,Meredith Mendoza
27329,Meredith Smith
27330,Meredith Sullivan
27331,Meredith Vaughn
27332,Meredith Watts
27333,Meredith Williams
27334,Mia Banks
27335,Mia Barajas
27336,Mia Butler
27337,Mia Murray
27338,Mia Rodriguez
27339,Mia Smith
27340,Michael Adams
27341,Michael Adkins
27342,Michael Aguilar
27343,Michael Alexander
27344,Michael Allen
27345,Michael Allison
27346,Michael Alvarado
27347,Michael Alvarado Jr.
27348,Michael Alvarez
27349,Michael Anderson
27350,Michael Anderson Dds
27351,Michael Andrade
27352,Michael Andrews
27353,Michael Anthony
27354,Michael Arellano
27355,Michael Arias
27356,Michael Armstrong
27357,Michael Arnold
27358,Michael Arroyo
27359,Michael Ashley
27360,Michael Atkinson
27361,Michael Austin
27362,Michael Avery
27363,Michael Avila
27364,Michael Ayala
27365,Michael Bailey
27366,Michael Baird
27367,Michael Baker
27368,Michael Ballard
27369,Michael Banks
27370,Michael Barber
27371,Michael Barnes
27372,Michael Barnett
27373,Michael Barrett
27374,Michael Barron
27375,Michael Bartlett
27376,Michael Bass
27377,Michael Bean
27378,Michael Beard
27379,Michael Beck
27380,Michael Becker
27381,Michael Bell
27382,Michael Bell Md
27383,Michael Benitez
27384,Michael Benjamin
27385,Michael Bennett
27386,Michael Benson
27387,Michael Berg
27388,Michael Bernard
27389,Michael Berry
27390,Michael Bird
27391,Michael Black
27392,Michael Blair
27393,Michael Blake
27394,Michael Bond
27395,Michael Booker
27396,Michael Bowen
27397,Michael Bowman
27398,Michael Boyd
27399,Michael Boyer
27400,Michael Bradshaw
27401,Michael Branch
27402,Michael Brennan
27403,Michael Brennan Jr.
27404,Michael Briggs
27405,Michael Bright
27406,Michael Brock
27407,Michael Brooks
27408,Michael Brown
27409,Michael Bryant
27410,Michael Buchanan
27411,Michael Bullock
27412,Michael Burke
27413,Michael Burnett
27414,Michael Burns
27415,Michael Bush
27416,Michael Butler
27417,Michael Cabrera
27418,Michael Cain
27419,Michael Cameron
27420,Michael Campbell
27421,Michael Carlson
27422,Michael Carpenter
27423,Michael Carrillo
27424,Michael Carroll
27425,Michael Carter
27426,Michael Casey
27427,Michael Castillo
27428,Michael Castro
27429,Michael Chandler
27430,Michael Chaney
27431,Michael Chang
27432,Michael Chapman
27433,Michael Cherry
27434,Michael Christensen
27435,Michael Church
27436,Michael Clark
27437,Michael Clarke
27438,Michael Clayton
27439,Michael Cochran
27440,Michael Cohen
27441,Michael Cole
27442,Michael Coleman
27443,Michael Collins
27444,Michael Collins Md
27445,Michael Colon
27446,Michael Combs
27447,Michael Conley
27448,Michael Conrad
27449,Michael Conway
27450,Michael Cook
27451,Michael Cooley
27452,Michael Cooper
27453,Michael Cortez Iii
27454,Michael Cox
27455,Michael Craig
27456,Michael Crawford
27457,Michael Crosby
27458,Michael Cross
27459,Michael Cruz
27460,Michael Cummings
27461,Michael Cunningham
27462,Michael Curry
27463,Michael Daniel
27464,Michael Daniels
27465,Michael Davidson
27466,Michael Davila
27467,Michael Davis
27468,Michael Dawson
27469,Michael Dean
27470,Michael Deleon
27471,Michael Dennis
27472,Michael Diaz
27473,Michael Dickerson
27474,Michael Dillon
27475,Michael Dixon
27476,Michael Dodson Md
27477,Michael Dominguez
27478,Michael Douglas
27479,Michael Downs
27480,Michael Doyle
27481,Michael Duarte
27482,Michael Duffy
27483,Michael Duncan
27484,Michael Dunn
27485,Michael Duran
27486,Michael Durham
27487,Michael Eaton
27488,Michael Edwards
27489,Michael Ellison
27490,Michael English
27491,Michael Espinoza
27492,Michael Estrada
27493,Michael Evans
27494,Michael Everett
27495,Michael Ewing
27496,Michael Ferguson
27497,Michael Fernandez
27498,Michael Ferrell
27499,Michael Fields
27500,Michael Figueroa
27501,Michael Fisher
27502,Michael Fitzgerald
27503,Michael Fleming
27504,Michael Fletcher
27505,Michael Foster
27506,Michael Fox
27507,Michael Francis
27508,Michael Frank
27509,Michael Franklin
27510,Michael Frazier
27511,Michael French
27512,Michael Friedman
27513,Michael Frye
27514,Michael Fuentes
27515,Michael Fuller
27516,Michael Gallegos
27517,Michael Galloway
27518,Michael Garcia
27519,Michael Gardner
27520,Michael Garner
27521,Michael Garza
27522,Michael Gibson
27523,Michael Gilbert
27524,Michael Gill
27525,Michael Gilmore
27526,Michael Glass
27527,Michael Glenn
27528,Michael Glover
27529,Michael Golden
27530,Michael Gomez
27531,Michael Gonzales
27532,Michael Gonzalez
27533,Michael Good
27534,Michael Goodman
27535,Michael Goodwin
27536,Michael Gordon
27537,Michael Graham
27538,Michael Grant
27539,Michael Gray
27540,Michael Green
27541,Michael Greene
27542,Michael Greer
27543,Michael Gregory
27544,Michael Griffin
27545,Michael Griffith
27546,Michael Grimes
27547,Michael Gross
27548,Michael Guzman
27549,Michael Hale
27550,Michael Hall
27551,Michael Hamilton
27552,Michael Hansen
27553,Michael Hanson
27554,Michael Hardy
27555,Michael Harper
27556,Michael Harrington
27557,Michael Harris
27558,Michael Harrison
27559,Michael Hart
27560,Michael Harvey
27561,Michael Hatfield
27562,Michael Hawkins
27563,Michael Hayes
27564,Michael Henderson
27565,Michael Henry
27566,Michael Henson
27567,Michael Herman
27568,Michael Hernandez
27569,Michael Herrera
27570,Michael Hess
27571,Michael Hester
27572,Michael Hickman
27573,Michael Hill
27574,Michael Hodge
27575,Michael Hoffman
27576,Michael Hogan
27577,Michael Holder
27578,Michael Holland
27579,Michael Holmes
27580,Michael Hoover
27581,Michael Horne
27582,Michael Horton
27583,Michael Houston
27584,Michael Howard
27585,Michael Howard Dvm
27586,Michael Hubbard
27587,Michael Huff
27588,Michael Huffman
27589,Michael Hughes
27590,Michael Humphrey
27591,Michael Hunt
27592,Michael Hutchinson
27593,Michael Ingram
27594,Michael Jackson
27595,Michael Jacobs
27596,Michael James
27597,Michael Jenkins
27598,Michael Jennings
27599,Michael Jensen
27600,Michael Jimenez
27601,Michael Johnson
27602,Michael Johnston
27603,Michael Jones
27604,Michael Jordan
27605,Michael Juarez
27606,Michael Kaiser
27607,Michael Keith
27608,Michael Keller
27609,Michael Kelley
27610,Michael Kelly
27611,Michael Kemp
27612,Michael Khan
27613,Michael Kim
27614,Michael King
27615,Michael King Dds
27616,Michael Klein
27617,Michael Knight
27618,Michael Krause
27619,Michael Krueger
27620,Michael Lam
27621,Michael Lamb
27622,Michael Lambert
27623,Michael Lane
27624,Michael Larsen
27625,Michael Larson
27626,Michael Lawrence
27627,Michael Lawson
27628,Michael Le
27629,Michael Leblanc
27630,Michael Lee
27631,Michael Leonard
27632,Michael Levy
27633,Michael Lewis
27634,Michael Lewis Dds
27635,Michael Li
27636,Michael Lin
27637,Michael Lindsey
27638,Michael Little
27639,Michael Livingston
27640,Michael Long
27641,Michael Lopez
27642,Michael Love
27643,Michael Lowe
27644,Michael Lucas
27645,Michael Luna
27646,Michael Lynch
27647,Michael Lyons
27648,Michael Madden
27649,Michael Maddox
27650,Michael Maldonado
27651,Michael Manning
27652,Michael Marks
27653,Michael Marquez
27654,Michael Marsh
27655,Michael Marshall
27656,Michael Martin
27657,Michael Martinez
27658,Michael Mason
27659,Michael Matthews
27660,Michael Maxwell
27661,Michael May
27662,Michael Mayer
27663,Michael Mcbride
27664,Michael Mccann
27665,Michael Mccarthy
27666,Michael Mccarty
27667,Michael Mcclain
27668,Michael Mcconnell
27669,Michael Mccormick
27670,Michael Mccoy
27671,Michael Mcdaniel
27672,Michael Mcdowell
27673,Michael Mcguire
27674,Michael Mcintosh
27675,Michael Mcintyre
27676,Michael Mclaughlin
27677,Michael Mclean
27678,Michael Meadows
27679,Michael Medina
27680,Michael Mejia
27681,Michael Melton
27682,Michael Mendez
27683,Michael Mendoza
27684,Michael Mercer
27685,Michael Meyers
27686,Michael Michael
27687,Michael Middleton
27688,Michael Miles
27689,Michael Miller
27690,Michael Mills
27691,Michael Mitchell
27692,Michael Montoya
27693,Michael Moody
27694,Michael Moon
27695,Michael Mooney
27696,Michael Moore
27697,Michael Mora
27698,Michael Morales
27699,Michael Moreno
27700,Michael Morgan
27701,Michael Morris
27702,Michael Morrison
27703,Michael Morrow
27704,Michael Morse
27705,Michael Morton
27706,Michael Moss
27707,Michael Munoz
27708,Michael Murray
27709,Michael Myers
27710,Michael Navarro
27711,Michael Nelson
27712,Michael Nelson Dds
27713,Michael Newton
27714,Michael Nguyen
27715,Michael Nicholson
27716,Michael Nielsen
27717,Michael Nixon
27718,Michael Nolan
27719,Michael Norris
27720,Michael Obrien
27721,Michael Oconnor
27722,Michael Odonnell
27723,Michael Oliver
27724,Michael Olsen
27725,Michael Olson
27726,Michael Ortega
27727,Michael Ortiz
27728,Michael Owens
27729,Michael Pacheco
27730,Michael Page
27731,Michael Palmer
27732,Michael Park
27733,Michael Parker
27734,Michael Parks
27735,Michael Patel
27736,Michael Patterson
27737,Michael Paul
27738,Michael Payne
27739,Michael Pennington
27740,Michael Perez
27741,Michael Perkins
27742,Michael Perry
27743,Michael Peters
27744,Michael Peterson
27745,Michael Phillips
27746,Michael Pierce
27747,Michael Pittman
27748,Michael Pitts
27749,Michael Poole
27750,Michael Pope
27751,Michael Porter
27752,Michael Powell
27753,Michael Powers
27754,Michael Pratt
27755,Michael Preston
27756,Michael Price
27757,Michael Proctor
27758,Michael Pugh
27759,Michael Ramirez
27760,Michael Ramos
27761,Michael Randall
27762,Michael Randolph
27763,Michael Ray
27764,Michael Reed
27765,Michael Reese
27766,Michael Reeves
27767,Michael Reid
27768,Michael Reilly
27769,Michael Reyes
27770,Michael Reynolds
27771,Michael Reynolds Dvm
27772,Michael Rhodes
27773,Michael Rice
27774,Michael Richards
27775,Michael Richardson
27776,Michael Richmond
27777,Michael Riley
27778,Michael Rios
27779,Michael Rivera
27780,Michael Roach
27781,Michael Robbins
27782,Michael Roberson
27783,Michael Roberson Phd
27784,Michael Roberts
27785,Michael Robertson
27786,Michael Robinson
27787,Michael Rodgers
27788,Michael Rodriguez
27789,Michael Rojas
27790,Michael Rollins
27791,Michael Romero
27792,Michael Rosario
27793,Michael Roth
27794,Michael Rubio
27795,Michael Russell
27796,Michael Salinas
27797,Michael Sanchez
27798,Michael Sanders
27799,Michael Santana
27800,Michael Santos
27801,Michael Saunders
27802,Michael Savage
27803,Michael Schmidt
27804,Michael Schroeder
27805,Michael Schultz
27806,Michael Scott
27807,Michael Serrano
27808,Michael Sexton
27809,Michael Shaffer
27810,Michael Sharp
27811,Michael Shaw
27812,Michael Sherman
27813,Michael Short
27814,Michael Silva
27815,Michael Simmons
27816,Michael Simpson
27817,Michael Sims
27818,Michael Singh
27819,Michael Sloan
27820,Michael Smith
27821,Michael Snow
27822,Michael Solomon
27823,Michael Soto
27824,Michael Spears
27825,Michael Spencer
27826,Michael Stanley
27827,Michael Stark
27828,Michael Steele
27829,Michael Stein
27830,Michael Stephens
27831,Michael Stewart
27832,Michael Stone
27833,Michael Strickland
27834,Michael Sullivan
27835,Michael Summers
27836,Michael Sutton
27837,Michael Swanson
27838,Michael Taylor
27839,Michael Terry
27840,Michael Thomas
27841,Michael Thompson
27842,Michael Thornton
27843,Michael Torres
27844,Michael Townsend
27845,Michael Tran
27846,Michael Tucker
27847,Michael Turner
27848,Michael Tyler
27849,Michael Underwood
27850,Michael Valencia
27851,Michael Valenzuela
27852,Michael Vance Phd
27853,Michael Vang
27854,Michael Vargas
27855,Michael Vasquez
27856,Michael Vazquez
27857,Michael Velasquez
27858,Michael Velazquez Md
27859,Michael Villanueva
27860,Michael Wade
27861,Michael Wagner
27862,Michael Walker
27863,Michael Walsh
27864,Michael Walters
27865,Michael Walton
27866,Michael Ward
27867,Michael Warren
27868,Michael Washington
27869,Michael Watkins
27870,Michael Watson
27871,Michael Webb
27872,Michael Weber
27873,Michael Webster
27874,Michael Welch
27875,Michael Wells
27876,Michael West
27877,Michael Wheeler
27878,Michael Whitaker
27879,Michael White
27880,Michael Wiggins
27881,Michael Wilcox
27882,Michael Wiley
27883,Michael Williams
27884,Michael Willis
27885,Michael Wilson
27886,Michael Wolf
27887,Michael Wood
27888,Michael Wright
27889,Michael Wu
27890,Michael Wyatt
27891,Michael Yang
27892,Michael Yoder
27893,Michael Young
27894,Michael Zavala Jr.
27895,Michael Zimmerman
27896,Michaela Andrews
27897,Michaela Avila
27898,Michaela Barnes
27899,Michaela Benson
27900,Michaela Dalton
27901,Michaela Horton
27902,Michaela Jimenez
27903,Michaela Lewis
27904,Michaela Lindsey
27905,Michaela Miller
27906,Michaela Moore
27907,Michaela Reese
27908,Michaela Torres
27909,Michaela Vargas
27910,Michaela Warren
27911,Michaela West
27912,Micheal Barnett
27913,Micheal Bradley
27914,Micheal Burns
27915,Micheal Chavez
27916,Micheal Cohen
27917,Micheal Coleman
27918,Micheal Crawford
27919,Micheal Foley
27920,Micheal Franklin
27921,Micheal Gibson
27922,Micheal Graham
27923,Micheal Hanson
27924,Micheal Henry
27925,Micheal Jensen
27926,Micheal Mckenzie
27927,Micheal Pace
27928,Micheal Rodriguez
27929,Micheal Saunders
27930,Micheal Scott
27931,Micheal Stokes
27932,Micheal Stone
27933,Micheal Washington
27934,Michele Abbott
27935,Michele Allen
27936,Michele Alvarez
27937,Michele Ashley
27938,Michele Ayala
27939,Michele Barnes
27940,Michele Blake
27941,Michele Boyd
27942,Michele Bradford
27943,Michele Bridges
27944,Michele Buckley
27945,Michele Chang
27946,Michele Chavez
27947,Michele Cordova
27948,Michele Davidson
27949,Michele Dixon
27950,Michele Dunn
27951,Michele Figueroa
27952,Michele Fitzgerald
27953,Michele Flores
27954,Michele Franco
27955,Michele Garcia
27956,Michele Gonzalez
27957,Michele Gray
27958,Michele Green
27959,Michele Griffin
27960,Michele Hammond
27961,Michele Harris
27962,Michele Haynes
27963,Michele Hensley
27964,Michele Hernandez
27965,Michele Holland
27966,Michele Houston
27967,Michele Hunter
27968,Michele Jennings
27969,Michele Johnson
27970,Michele Jones
27971,Michele Jordan
27972,Michele Lam
27973,Michele Lane
27974,Michele Lawrence
27975,Michele Leon
27976,Michele Lewis
27977,Michele Luna
27978,Michele Martinez
27979,Michele Mcdonald
27980,Michele Mcintyre
27981,Michele Miller
27982,Michele Morris
27983,Michele Murphy
27984,Michele Nguyen
27985,Michele Olson
27986,Michele Orozco Md
27987,Michele Park
27988,Michele Patel
27989,Michele Perez
27990,Michele Peters
27991,Michele Peterson
27992,Michele Ramos
27993,Michele Reynolds
27994,Michele Roy
27995,Michele Schwartz
27996,Michele Scott
27997,Michele Serrano
27998,Michele Serrano Dvm
27999,Michele Shaw
28000,Michele Sheppard
28001,Michele Smith
28002,Michele Spencer
28003,Michele Stewart
28004,Michele Terry
28005,Michele Thomas
28006,Michele Thompson
28007,Michele Torres
28008,Michele Walsh
28009,Michele Walter
28010,Michele Ward
28011,Michele Warren
28012,Michele Wright
28013,Michele Young
28014,Michelle Acevedo
28015,Michelle Adams
28016,Michelle Alexander
28017,Michelle Allen
28018,Michelle Anderson
28019,Michelle Arnold
28020,Michelle Atkins
28021,Michelle Avila
28022,Michelle Bailey
28023,Michelle Baker
28024,Michelle Ball
28025,Michelle Barker
28026,Michelle Barnett
28027,Michelle Beck
28028,Michelle Bennett
28029,Michelle Berg
28030,Michelle Blake
28031,Michelle Boyd
28032,Michelle Boyle
28033,Michelle Bradley
28034,Michelle Brady
28035,Michelle Branch
28036,Michelle Brock
28037,Michelle Brooks
28038,Michelle Brown
28039,Michelle Bryan
28040,Michelle Burton
28041,Michelle Bush
28042,Michelle Calderon
28043,Michelle Caldwell
28044,Michelle Cantrell
28045,Michelle Cantu
28046,Michelle Carlson
28047,Michelle Carrillo
28048,Michelle Carter
28049,Michelle Case
28050,Michelle Castillo
28051,Michelle Chambers
28052,Michelle Chandler
28053,Michelle Chavez
28054,Michelle Clark
28055,Michelle Cole
28056,Michelle Collins
28057,Michelle Combs
28058,Michelle Conway
28059,Michelle Cooper
28060,Michelle Cox
28061,Michelle Crawford
28062,Michelle Cruz
28063,Michelle Cummings
28064,Michelle Cummings Dvm
28065,Michelle Dalton
28066,Michelle Davies
28067,Michelle Davis
28068,Michelle Delgado
28069,Michelle Dennis
28070,Michelle Diaz
28071,Michelle Dillon
28072,Michelle Dominguez
28073,Michelle Duffy
28074,Michelle Dunn
28075,Michelle Durham
28076,Michelle Erickson
28077,Michelle Esparza
28078,Michelle Estes
28079,Michelle Evans
28080,Michelle Ferguson
28081,Michelle Fernandez
28082,Michelle Flynn
28083,Michelle Ford
28084,Michelle Ford Dvm
28085,Michelle Foster
28086,Michelle Franco
28087,Michelle Frank
28088,Michelle Freeman
28089,Michelle Frost
28090,Michelle Gallegos
28091,Michelle Garcia
28092,Michelle Gardner
28093,Michelle Garner
28094,Michelle Gates
28095,Michelle Gilbert
28096,Michelle Gonzalez
28097,Michelle Good
28098,Michelle Graves
28099,Michelle Gray
28100,Michelle Greer
28101,Michelle Griffin
28102,Michelle Griffith
28103,Michelle Grimes
28104,Michelle Gutierrez
28105,Michelle Hammond
28106,Michelle Hansen
28107,Michelle Hanson
28108,Michelle Harmon
28109,Michelle Harrison
28110,Michelle Hawkins
28111,Michelle Heath
28112,Michelle Henderson
28113,Michelle Hendrix
28114,Michelle Hernandez
28115,Michelle Hill
28116,Michelle Hoover
28117,Michelle Ingram
28118,Michelle Jackson
28119,Michelle James
28120,Michelle Jennings
28121,Michelle Jensen
28122,Michelle Jimenez
28123,Michelle Johns
28124,Michelle Johnson
28125,Michelle Jones
28126,Michelle Jordan
28127,Michelle Joseph
28128,Michelle Kaiser
28129,Michelle Kaufman
28130,Michelle Kelly
28131,Michelle Kennedy
28132,Michelle Khan
28133,Michelle King
28134,Michelle Klein
28135,Michelle Koch
28136,Michelle Lam
28137,Michelle Leach
28138,Michelle Lee
28139,Michelle Leon
28140,Michelle Lewis
28141,Michelle Little
28142,Michelle Long
28143,Michelle Lopez
28144,Michelle Lynn
28145,Michelle Madden
28146,Michelle Mahoney
28147,Michelle Manning
28148,Michelle Martin
28149,Michelle Martinez
28150,Michelle Mason
28151,Michelle Maynard Dvm
28152,Michelle Mccarty
28153,Michelle Mcclure
28154,Michelle Mccormick
28155,Michelle Mccullough
28156,Michelle Mcdaniel
28157,Michelle Mcdonald
28158,Michelle Mcguire
28159,Michelle Mckee
28160,Michelle Mcknight
28161,Michelle Mcmahon
28162,Michelle Medina
28163,Michelle Melton
28164,Michelle Mendez
28165,Michelle Mendoza
28166,Michelle Meyer
28167,Michelle Michael
28168,Michelle Miles
28169,Michelle Miller
28170,Michelle Mitchell
28171,Michelle Molina
28172,Michelle Monroe
28173,Michelle Moore
28174,Michelle Moreno
28175,Michelle Morgan
28176,Michelle Morris
28177,Michelle Morrison
28178,Michelle Morton
28179,Michelle Moses
28180,Michelle Murphy
28181,Michelle Norman
28182,Michelle Obrien
28183,Michelle Ortega
28184,Michelle Owens
28185,Michelle Palmer
28186,Michelle Park
28187,Michelle Parks
28188,Michelle Patton
28189,Michelle Payne
28190,Michelle Pearson
28191,Michelle Perez
28192,Michelle Peterson
28193,Michelle Pierce
28194,Michelle Pineda
28195,Michelle Potts
28196,Michelle Powell
28197,Michelle Price
28198,Michelle Prince
28199,Michelle Ramirez
28200,Michelle Ramos
28201,Michelle Ramsey
28202,Michelle Rasmussen
28203,Michelle Reed
28204,Michelle Reeves
28205,Michelle Reyes
28206,Michelle Rhodes
28207,Michelle Rice
28208,Michelle Richmond
28209,Michelle Rios
28210,Michelle Roberts
28211,Michelle Robinson
28212,Michelle Rodgers
28213,Michelle Rogers
28214,Michelle Rose
28215,Michelle Ross
28216,Michelle Salas
28217,Michelle Sanchez
28218,Michelle Santiago
28219,Michelle Saunders
28220,Michelle Savage
28221,Michelle Schneider
28222,Michelle Schwartz
28223,Michelle Scott
28224,Michelle Serrano
28225,Michelle Shepard
28226,Michelle Shields
28227,Michelle Simmons
28228,Michelle Simon
28229,Michelle Sloan
28230,Michelle Smith
28231,Michelle Stanley
28232,Michelle Stephens
28233,Michelle Stevenson Dds
28234,Michelle Stokes
28235,Michelle Stone
28236,Michelle Stuart
28237,Michelle Sullivan
28238,Michelle Taylor
28239,Michelle Thomas
28240,Michelle Todd
28241,Michelle Torres
28242,Michelle Tran
28243,Michelle Tucker
28244,Michelle Vang
28245,Michelle Vasquez
28246,Michelle Vaughan
28247,Michelle Velazquez
28248,Michelle Villanueva
28249,Michelle Walker
28250,Michelle Wallace
28251,Michelle Ward
28252,Michelle Warren Dvm
28253,Michelle Watson
28254,Michelle Webb
28255,Michelle Wells
28256,Michelle Werner
28257,Michelle Wheeler
28258,Michelle White
28259,Michelle Williams
28260,Michelle Williams Md
28261,Michelle Williamson
28262,Michelle Wilson
28263,Michelle Wolf
28264,Michelle Wright
28265,Michelle York
28266,Michelle Zavala
28267,Miguel Arroyo
28268,Miguel Atkins
28269,Miguel Banks
28270,Miguel Bradley
28271,Miguel Byrd
28272,Miguel Chavez
28273,Miguel Cooper
28274,Miguel Flores
28275,Miguel Flowers
28276,Miguel Fox
28277,Miguel Green
28278,Miguel Hamilton
28279,Miguel Hendricks
28280,Miguel Holland
28281,Miguel Houston
28282,Miguel Huber
28283,Miguel Johnson
28284,Miguel Jones
28285,Miguel Malone
28286,Miguel Martin
28287,Miguel Meza
28288,Miguel Miles
28289,Miguel Mitchell
28290,Miguel Oliver
28291,Miguel Parker
28292,Miguel Pitts
28293,Miguel Rivera
28294,Miguel Rodriguez
28295,Miguel Russell
28296,Miguel Salinas
28297,Miguel Smith
28298,Miguel West Phd
28299,Mikayla Atkins Md
28300,Mikayla Benson
28301,Mikayla Clark
28302,Mikayla Gonzalez
28303,Mikayla Green
28304,Mikayla Hardin
28305,Mikayla Logan
28306,Mikayla Martinez
28307,Mikayla Santos
28308,Mikayla Walker
28309,Mikayla Warren
28310,Mikayla Wyatt
28311,Mike Andersen
28312,Mike Armstrong
28313,Mike Carter
28314,Mike Collins
28315,Mike Davila
28316,Mike Ferguson
28317,Mike Haney
28318,Mike Hoffman
28319,Mike Howard
28320,Mike Jenkins
28321,Mike Lam
28322,Mike Lindsey
28323,Mike Moore
28324,Mike Oneill
28325,Mike Ramirez
28326,Mike Riley
28327,Mike Shannon
28328,Mike Smith
28329,Mike Snyder
28330,Mike Villarreal
28331,Mike Walker
28332,Mindy Munoz
28333,Mindy Vaughn
28334,Mindy Warren
28335,Mindy Wilson
28336,Miranda Anderson
28337,Miranda Atkins
28338,Miranda Bauer
28339,Miranda Bradshaw
28340,Miranda Brennan
28341,Miranda Burns
28342,Miranda Butler
28343,Miranda Cook
28344,Miranda Dixon
28345,Miranda Fry
28346,Miranda Garcia
28347,Miranda Goodman
28348,Miranda Gray
28349,Miranda Huff
28350,Miranda Hunt
28351,Miranda Logan
28352,Miranda Lopez
28353,Miranda Martin
28354,Miranda Martinez
28355,Miranda Mccormick
28356,Miranda Mcdonald
28357,Miranda Mcdowell
28358,Miranda Mclaughlin
28359,Miranda Moore
28360,Miranda Parsons
28361,Miranda Patel
28362,Miranda Robinson
28363,Miranda Russell
28364,Miranda Singh
28365,Miranda Winters
28366,Miss Alexis Johnson
28367,Miss Alicia Maldonado
28368,Miss Amy Contreras Phd
28369,Miss Amy Martinez
28370,Miss Anna Horton
28371,Miss Audrey Allen
28372,Miss Carmen Carter Md
28373,Miss Carolyn Wong Phd
28374,Miss Christina Hill
28375,Miss Crystal Gonzales
28376,Miss Denise Thompson
28377,Miss Erin Moore
28378,Miss Erin Sanders Dvm
28379,Miss Jacqueline Arnold
28380,Miss Jacqueline Peterson Md
28381,Miss Jennifer Glass Dvm
28382,Miss Jennifer Patterson Dds
28383,Miss Jessica Davis Md
28384,Miss Jessica Hall
28385,Miss Jill Roberts
28386,Miss Jordan Gonzalez
28387,Miss Kelly Joseph
28388,Miss Kimberly Bautista
28389,Miss Kristen Valdez
28390,Miss Lauren Huff
28391,Miss Linda Rodriguez
28392,Miss Lisa Jefferson
28393,Miss Marissa Hernandez Md
28394,Miss Mary Russell
28395,Miss Michaela Davidson
28396,Miss Monica Reilly Phd
28397,Miss Nancy Mcdaniel Dvm
28398,Miss Natalie Herrera Md
28399,Miss Nicole Hernandez Md
28400,Miss Patricia Strickland
28401,Miss Renee Smith
28402,Miss Roberta Mason
28403,Miss Sabrina Hanson
28404,Miss Samantha Garcia
28405,Miss Samantha Johnson
28406,Miss Samantha King
28407,Miss Sandra Tyler Dvm
28408,Miss Sara Garcia
28409,Miss Sharon Martinez
28410,Miss Sheila Gilmore
28411,Miss Tammy Robinson Md
28412,Miss Tracey Ward
28413,Miss Valerie Saunders Md
28414,Miss Victoria Rodriguez
28415,Miss Wanda Dudley
28416,Miss Wendy White
28417,Misty Adams
28418,Misty Allen
28419,Misty Arnold
28420,Misty Arroyo
28421,Misty Austin
28422,Misty Beltran
28423,Misty Bennett
28424,Misty Boone
28425,Misty Briggs
28426,Misty Brown
28427,Misty Carey
28428,Misty Carter
28429,Misty Cowan
28430,Misty Cox
28431,Misty Fowler
28432,Misty Garcia
28433,Misty Gilmore
28434,Misty Good
28435,Misty Hardin
28436,Misty Holland
28437,Misty Hunter
28438,Misty Johnson
28439,Misty Le
28440,Misty Mendez
28441,Misty Nguyen
28442,Misty Patel
28443,Misty Patterson
28444,Misty Perez
28445,Misty Reynolds
28446,Misty Rodriguez
28447,Misty Rogers
28448,Misty Sandoval
28449,Misty Smith
28450,Misty Spencer
28451,Misty Stanley
28452,Misty Thomas
28453,Misty Walker
28454,Misty Williams
28455,Misty Wright
28456,Mitchell Anderson
28457,Mitchell Ayala
28458,Mitchell Baker
28459,Mitchell Beard
28460,Mitchell Bell
28461,Mitchell Berry
28462,Mitchell Bradley
28463,Mitchell Chapman
28464,Mitchell Cohen
28465,Mitchell Daniel
28466,Mitchell Dean
28467,Mitchell Fernandez
28468,Mitchell Franklin
28469,Mitchell Gallagher
28470,Mitchell Gallegos
28471,Mitchell George
28472,Mitchell Guerrero
28473,Mitchell Harris
28474,Mitchell Hinton
28475,Mitchell Holmes
28476,Mitchell Holt
28477,Mitchell James
28478,Mitchell Kerr
28479,Mitchell Leon
28480,Mitchell Li
28481,Mitchell Liu
28482,Mitchell Lopez
28483,Mitchell Lucas
28484,Mitchell Marshall
28485,Mitchell Mcdaniel
28486,Mitchell Mcguire
28487,Mitchell Mitchell
28488,Mitchell Ortiz
28489,Mitchell Ray
28490,Mitchell Schwartz
28491,Mitchell Scott
28492,Mitchell Smith
28493,Mitchell Stewart
28494,Mitchell Thomas
28495,Mitchell Townsend
28496,Mitchell Warner
28497,Mitchell White
28498,Mitchell Woods
28499,Molly Andrade
28500,Molly Bailey Phd
28501,Molly Brown
28502,Molly Burns
28503,Molly Church
28504,Molly Cole
28505,Molly Coleman
28506,Molly Collins
28507,Molly Cooper
28508,Molly Cox
28509,Molly Davis
28510,Molly Dillon
28511,Molly Galvan
28512,Molly Garcia
28513,Molly Gray
28514,Molly Gutierrez
28515,Molly Hansen
28516,Molly Hooper
28517,Molly Ingram
28518,Molly Jones
28519,Molly Kaufman
28520,Molly Larson
28521,Molly Lewis
28522,Molly Lloyd
28523,Molly Lopez
28524,Molly Marquez
28525,Molly Mendez
28526,Molly Meyer
28527,Molly Owens
28528,Molly Page
28529,Molly Pierce
28530,Molly Ramirez
28531,Molly Randall
28532,Molly Reed
28533,Molly Reyes
28534,Molly Rice
28535,Molly Rios
28536,Molly Russell
28537,Molly Sanchez Md
28538,Molly Summers
28539,Molly Taylor
28540,Molly Tucker
28541,Molly Watts
28542,Molly West
28543,Molly White
28544,Molly Williams
28545,Molly Young
28546,Monica Adams
28547,Monica Anderson
28548,Monica Austin
28549,Monica Bailey Phd
28550,Monica Baldwin
28551,Monica Barnes
28552,Monica Beck
28553,Monica Bell
28554,Monica Bennett
28555,Monica Berry
28556,Monica Booth
28557,Monica Brady
28558,Monica Brown
28559,Monica Butler
28560,Monica Carson
28561,Monica Chavez
28562,Monica Christensen
28563,Monica Cole
28564,Monica Cooper
28565,Monica Costa
28566,Monica Cox
28567,Monica Davenport
28568,Monica Davis
28569,Monica Delgado Phd
28570,Monica Diaz
28571,Monica Donovan
28572,Monica Duncan
28573,Monica Dunn
28574,Monica Fields
28575,Monica Flynn
28576,Monica Garza Dvm
28577,Monica Gonzalez
28578,Monica Gray
28579,Monica Gregory
28580,Monica Hanson
28581,Monica Henderson
28582,Monica Jackson
28583,Monica Jimenez
28584,Monica Johnson
28585,Monica Jones
28586,Monica Lang
28587,Monica Lopez
28588,Monica Martin
28589,Monica Martinez
28590,Monica Mccarty
28591,Monica Mcguire
28592,Monica Mcknight
28593,Monica Mitchell
28594,Monica Moreno
28595,Monica Morris
28596,Monica Murphy
28597,Monica Odonnell
28598,Monica Oliver
28599,Monica Padilla
28600,Monica Palmer
28601,Monica Parker
28602,Monica Parks
28603,Monica Perez
28604,Monica Peters
28605,Monica Pham
28606,Monica Phillips
28607,Monica Richards
28608,Monica Richardson
28609,Monica Rios
28610,Monica Rivera
28611,Monica Rodriguez
28612,Monica Rush
28613,Monica Russell
28614,Monica Sanders
28615,Monica Santana
28616,Monica Santiago
28617,Monica Schneider
28618,Monica Shaw
28619,Monica Silva
28620,Monica Simpson
28621,Monica Smith
28622,Monica Stone
28623,Monica Stout
28624,Monica Tate
28625,Monica Thomas
28626,Monica Thompson
28627,Monica Walker
28628,Monica Ward
28629,Monica Webb
28630,Monica Wells
28631,Monica Whitaker
28632,Monica White
28633,Monica Williams
28634,Monica Willis
28635,Monica Wilson
28636,Monica Young
28637,Monique Adams
28638,Monique Alvarez
28639,Monique Anthony
28640,Monique Cole
28641,Monique Cook
28642,Monique Doyle
28643,Monique Hardy
28644,Monique Hays
28645,Monique Hooper
28646,Monique Johnson
28647,Monique Mcpherson
28648,Monique Melton
28649,Monique Miller
28650,Monique Newman
28651,Monique Ortiz
28652,Monique Patterson
28653,Monique Reyes
28654,Monique Smith
28655,Monique Trujillo
28656,Monique Washington
28657,Monique West
28658,Monique Wilson
28659,Monique York
28660,Morgan Alvarez
28661,Morgan Berry
28662,Morgan Boyer
28663,Morgan Brooks
28664,Morgan Brown
28665,Morgan Caldwell
28666,Morgan Campos
28667,Morgan Clayton
28668,Morgan Combs
28669,Morgan Cook
28670,Morgan Cruz
28671,Morgan Dean
28672,Morgan Douglas
28673,Morgan Dunn
28674,Morgan Estes
28675,Morgan Evans
28676,Morgan Ford
28677,Morgan Garcia
28678,Morgan Gomez
28679,Morgan Gray
28680,Morgan Green
28681,Morgan Greer
28682,Morgan Hall
28683,Morgan Harrell
28684,Morgan Hess
28685,Morgan Hill
28686,Morgan Jacobs
28687,Morgan Jones
28688,Morgan King
28689,Morgan Lewis
28690,Morgan Maxwell
28691,Morgan Mckinney
28692,Morgan Mclaughlin
28693,Morgan Miller
28694,Morgan Mitchell
28695,Morgan Morrison
28696,Morgan Murray
28697,Morgan Patterson
28698,Morgan Perez
28699,Morgan Pham
28700,Morgan Pruitt
28701,Morgan Rasmussen
28702,Morgan Richardson
28703,Morgan Short
28704,Morgan Smith
28705,Morgan Thomas
28706,Morgan Thompson
28707,Morgan Vazquez
28708,Morgan Walker
28709,Morgan Wallace
28710,Morgan Ward
28711,Morgan Watson
28712,Morgan Weiss
28713,Morgan Williams
28714,Morgan Wilson
28715,Morgan Wood
28716,Mr. Aaron Brown Jr.
28717,Mr. Aaron Cain
28718,Mr. Adam Huffman
28719,Mr. Adrian King Md
28720,Mr. Albert Nolan
28721,Mr. Alec Mitchell
28722,Mr. Alexander Gibson Md
28723,Mr. Alexander Jackson
28724,Mr. Alexander Nichols
28725,Mr. Allen Robertson
28726,Mr. Andre Joseph Jr.
28727,Mr. Andrew Bryant Phd
28728,Mr. Andrew Hall Jr.
28729,Mr. Andrew Harvey
28730,Mr. Anthony Carter Dds
28731,Mr. Anthony Lynch
28732,Mr. Antonio Santos
28733,Mr. Arthur Myers Dds
28734,Mr. Austin Church
28735,Mr. Austin Henderson
28736,Mr. Benjamin George
28737,Mr. Benjamin Smith
28738,Mr. Benjamin West
28739,Mr. Brad Thompson
28740,Mr. Bradley Brown Phd
28741,Mr. Brandon Larson Jr.
28742,Mr. Brandon Phillips
28743,Mr. Brandon Stone
28744,Mr. Brendan Young
28745,Mr. Brent Sullivan
28746,Mr. Brett Huffman
28747,Mr. Brian Mckay
28748,Mr. Brian Sexton Dds
28749,Mr. Brian Smith
28750,Mr. Bryan Rivera Dvm
28751,Mr. Caleb Torres
28752,Mr. Caleb Young
28753,Mr. Carl Brown Jr.
28754,Mr. Carlos Haley
28755,Mr. Carlos Young
28756,Mr. Cesar Rodriguez Phd
28757,Mr. Chad Cook Md
28758,Mr. Chad Guerrero
28759,Mr. Chad Patterson
28760,Mr. Charles Taylor Dds
28761,Mr. Charles Webb
28762,Mr. Christopher Ferguson Jr.
28763,Mr. Christopher Hudson
28764,Mr. Christopher Levy
28765,Mr. Christopher Mcclure
28766,Mr. Christopher Mitchell
28767,Mr. Christopher Powers Md
28768,Mr. Christopher Ramirez
28769,Mr. Christopher Turner Dds
28770,Mr. Christopher Webb
28771,Mr. Christopher White
28772,Mr. Christopher Zimmerman Md
28773,Mr. Cody Rasmussen
28774,Mr. Cody Thompson
28775,Mr. Cole Cooley Dds
28776,Mr. Collin Barr
28777,Mr. Corey Byrd
28778,Mr. Corey Lawson
28779,Mr. Cory Bishop Dds
28780,Mr. Craig Ingram
28781,Mr. Craig Spencer
28782,Mr. Daniel Brown
28783,Mr. Daniel Gonzalez
28784,Mr. Daniel Martin Md
28785,Mr. Daniel Richard
28786,Mr. David Arnold
28787,Mr. David Castro Dds
28788,Mr. David Cook
28789,Mr. David Lee
28790,Mr. David Melton
28791,Mr. David Murray Md
28792,Mr. David Patterson
28793,Mr. David Pierce
28794,Mr. David Pierce Jr.
28795,Mr. David Smith
28796,Mr. David Turner
28797,Mr. Derek Jensen
28798,Mr. Derek Pena
28799,Mr. Derek Warren
28800,Mr. Derrick Brown
28801,Mr. Derrick Knox
28802,Mr. Derrick Munoz
28803,Mr. Dillon Harrison Phd
28804,Mr. Donald Johnson
28805,Mr. Donald Murray Phd
28806,Mr. Duane White
28807,Mr. Dustin Wong Dvm
28808,Mr. Edward Cunningham Jr.
28809,Mr. Edwin Lewis
28810,Mr. Eric Gilbert
28811,Mr. Eric Kramer
28812,Mr. Eric Patton Dvm
28813,Mr. Ernest Stanley Md
28814,Mr. Evan Everett
28815,Mr. Evan Long Phd
28816,Mr. Frank Thompson
28817,Mr. Fred Jackson
28818,Mr. Fred Oconnell
28819,Mr. Frederick Thompson
28820,Mr. Garrett Taylor Md
28821,Mr. Gary Powell
28822,Mr. George Booth Phd
28823,Mr. George Martin
28824,Mr. Gerald Khan
28825,Mr. Gregory Clements
28826,Mr. Henry Fleming
28827,Mr. Ian Arroyo
28828,Mr. Jacob Anderson
28829,Mr. Jacob Carter Md
28830,Mr. Jacob Lewis
28831,Mr. Jacob Rice
28832,Mr. James Allen
28833,Mr. James Fletcher
28834,Mr. James Hayes
28835,Mr. James Lee
28836,Mr. James Lewis Phd
28837,Mr. James Martinez Jr.
28838,Mr. James Rodriguez
28839,Mr. James Wright
28840,Mr. Jason Alvarado
28841,Mr. Jason Graves
28842,Mr. Jason Little
28843,Mr. Jason Long Dvm
28844,Mr. Jason Stein
28845,Mr. Jay Salazar Iii
28846,Mr. Jay Wilson
28847,Mr. Jay Wright
28848,Mr. Jeff White Dds
28849,Mr. Jeffery Smith
28850,Mr. Jeffrey Carroll Jr.
28851,Mr. Jeffrey Hanna
28852,Mr. Jeffrey Mason
28853,Mr. Jeffrey Morgan
28854,Mr. Jeffrey Powell
28855,Mr. Jeffrey Rodriguez
28856,Mr. Jeffrey Simon
28857,Mr. Jeremiah Ball Md
28858,Mr. Jeremy Davis Jr.
28859,Mr. Jeremy Kaiser
28860,Mr. Jeremy Meza Jr.
28861,Mr. Jeremy Sanchez
28862,Mr. Jeremy Smith
28863,Mr. Jeremy Thompson Dvm
28864,Mr. Jerry Anderson
28865,Mr. Jerry Romero
28866,Mr. Jesse Cook
28867,Mr. Jesse Flores
28868,Mr. Jesse Howard
28869,Mr. Jesse Howard Md
28870,Mr. Jesse Rose
28871,Mr. Jimmy Gonzales
28872,Mr. John Adkins
28873,Mr. John Arnold
28874,Mr. John Bryant
28875,Mr. John Bullock
28876,Mr. John Carter
28877,Mr. John Coleman
28878,Mr. John Edwards
28879,Mr. John Gonzales
28880,Mr. John Marks Jr.
28881,Mr. John Miles Dvm
28882,Mr. John Pearson Dds
28883,Mr. John Smith
28884,Mr. John Stevens Jr.
28885,Mr. John Stewart Md
28886,Mr. Johnathan Washington
28887,Mr. Jonathan Allen
28888,Mr. Jonathan Holt
28889,Mr. Jorge Marshall
28890,Mr. Jose Johnson
28891,Mr. Jose Jones
28892,Mr. Joseph Bryant
28893,Mr. Joseph Kline
28894,Mr. Joseph Matthews Jr.
28895,Mr. Joseph Mccann Md
28896,Mr. Joseph Nelson
28897,Mr. Joseph Rodriguez
28898,Mr. Joseph Ross
28899,Mr. Joseph Schmidt
28900,Mr. Joseph Smith
28901,Mr. Joseph Wright Ii
28902,Mr. Joshua Brown
28903,Mr. Joshua Cross Jr.
28904,Mr. Joshua Long Jr.
28905,Mr. Joshua Mora
28906,Mr. Joshua Price
28907,Mr. Juan Smith
28908,Mr. Juan Stone
28909,Mr. Justin Frazier Dvm
28910,Mr. Justin Howard Md
28911,Mr. Justin Mcdowell
28912,Mr. Justin Richardson
28913,Mr. Kenneth Anderson
28914,Mr. Kenneth Austin
28915,Mr. Kenneth Bowen
28916,Mr. Kevin Andrews
28917,Mr. Kevin Barnes
28918,Mr. Kevin Chapman Md
28919,Mr. Kevin Hoffman
28920,Mr. Kevin James
28921,Mr. Kevin Mccall
28922,Mr. Kevin Ramos
28923,Mr. Kevin Robinson
28924,Mr. Kevin Zhang
28925,Mr. Kirk Maxwell
28926,Mr. Kyle Harper
28927,Mr. Lance Perry
28928,Mr. Lance Rodriguez
28929,Mr. Larry Torres Jr.
28930,Mr. Larry Woods
28931,Mr. Lawrence Adams Md
28932,Mr. Lawrence Nelson
28933,Mr. Lee Baker
28934,Mr. Levi Brooks
28935,Mr. Logan Peterson
28936,Mr. Lucas Avery
28937,Mr. Luis Davis
28938,Mr. Luke Haley
28939,Mr. Luke Nunez Jr.
28940,Mr. Malik Velasquez Dds
28941,Mr. Mark Blanchard
28942,Mr. Mark Luna
28943,Mr. Mark Pearson
28944,Mr. Mark Taylor
28945,Mr. Mark Watson
28946,Mr. Martin Dawson
28947,Mr. Matthew Chandler
28948,Mr. Matthew Houston
28949,Mr. Matthew Howell
28950,Mr. Matthew Khan
28951,Mr. Matthew Luna
28952,Mr. Matthew Nichols
28953,Mr. Matthew Pittman
28954,Mr. Maurice Jackson
28955,Mr. Melvin Guzman Jr.
28956,Mr. Michael Barton
28957,Mr. Michael Cruz
28958,Mr. Michael Jordan
28959,Mr. Michael Lewis
28960,Mr. Michael Lopez Iii
28961,Mr. Michael Martin
28962,Mr. Michael Smith
28963,Mr. Michael Taylor V
28964,Mr. Michael White Md
28965,Mr. Michael Woods
28966,Mr. Nathan Atkins
28967,Mr. Nicholas Fowler
28968,Mr. Nicholas Kidd
28969,Mr. Nicholas Obrien
28970,Mr. Nicholas Price
28971,Mr. Nicholas Thompson
28972,Mr. Oscar Carter
28973,Mr. Patrick Carey
28974,Mr. Patrick Warren
28975,Mr. Paul Barton
28976,Mr. Paul Bell
28977,Mr. Paul Knight
28978,Mr. Randy Jones
28979,Mr. Raymond Lewis Jr.
28980,Mr. Raymond Ochoa
28981,Mr. Ricardo Davis
28982,Mr. Ricardo Montgomery
28983,Mr. Richard Anderson
28984,Mr. Richard Bean
28985,Mr. Richard Buchanan
28986,Mr. Richard Johnson
28987,Mr. Richard Nunez Jr.
28988,Mr. Richard Rojas
28989,Mr. Richard Stanley
28990,Mr. Rick Bell
28991,Mr. Robert Boyd
28992,Mr. Robert Cunningham
28993,Mr. Robert Kidd
28994,Mr. Robert Mitchell Iii
28995,Mr. Robert Obrien
28996,Mr. Robert Sanders Dvm
28997,Mr. Robert Sherman
28998,Mr. Robert Valdez
28999,Mr. Robert Wright
29000,Mr. Roger Glover
29001,Mr. Ronald Hoover
29002,Mr. Ryan Adams Dds
29003,Mr. Ryan Clayton Ii
29004,Mr. Ryan Harris
29005,Mr. Ryan Jones
29006,Mr. Ryan Williams
29007,Mr. Ryan Young
29008,Mr. Samuel Hicks
29009,Mr. Scott Cole Ii
29010,Mr. Scott Reynolds
29011,Mr. Sean Hampton
29012,Mr. Sean Nichols
29013,Mr. Sergio Suarez
29014,Mr. Shane Barron
29015,Mr. Shawn Medina Dvm
29016,Mr. Spencer Ruiz
29017,Mr. Spencer Valdez Ii
29018,Mr. Stephen Garza Md
29019,Mr. Stephen Johnson
29020,Mr. Steven Middleton
29021,Mr. Steven Miller
29022,Mr. Steven Schwartz
29023,Mr. Steven Stout
29024,Mr. Steven Ward
29025,Mr. Tanner Benton Dds
29026,Mr. Tanner Harrison
29027,Mr. Tanner Mann
29028,Mr. Taylor Garcia Md
29029,Mr. Terry Edwards
29030,Mr. Terry Simpson Phd
29031,Mr. Thomas Perry Phd
29032,Mr. Tim Brown
29033,Mr. Timothy Charles
29034,Mr. Timothy Everett
29035,Mr. Todd Martin
29036,Mr. Tom Griffin
29037,Mr. Tommy Underwood
29038,Mr. Travis Hardin
29039,Mr. Troy Matthews Md
29040,Mr. Troy Stewart Md
29041,Mr. Tyler Martinez
29042,Mr. Tyler Phillips Dvm
29043,Mr. Tyler Romero Dvm
29044,Mr. Tyrone Mendoza
29045,Mr. Tyrone Wheeler
29046,Mr. Victor Johnson
29047,Mr. Walter Foley
29048,Mr. Wesley Sharp Jr.
29049,Mr. William Blake Jr.
29050,Mr. William Decker
29051,Mr. William Gardner
29052,Mr. William Haas
29053,Mr. William Harris Dds
29054,Mr. William Jennings
29055,Mr. William Kelley
29056,Mr. Wyatt Hamilton
29057,Mr. Xavier Flores
29058,Mr. Zachary Brown
29059,Mr. Zachary Graves
29060,Mr. Zachary Williams
29061,Mrs. Abigail Davis
29062,Mrs. Alexa Boyd
29063,Mrs. Alexandra Martinez
29064,Mrs. Alexis Coleman Dds
29065,Mrs. Alexis Fitzpatrick
29066,Mrs. Alexis Huffman
29067,Mrs. Alison Patel
29068,Mrs. Alyssa Murphy
29069,Mrs. Amanda Hendrix Md
29070,Mrs. Amanda Hunter Md
29071,Mrs. Amanda Marks
29072,Mrs. Amanda Martin
29073,Mrs. Amber Gonzalez
29074,Mrs. Amber Grimes
29075,Mrs. Amber Perry
29076,Mrs. Amber Smith
29077,Mrs. Amy Carpenter
29078,Mrs. Amy Cohen Dds
29079,Mrs. Amy Taylor
29080,Mrs. Andrea Jones
29081,Mrs. Andrea Simpson
29082,Mrs. Angela Nelson
29083,Mrs. Angela Parsons
29084,Mrs. Angela Smith
29085,Mrs. Angela Tanner
29086,Mrs. Angela Williams Dvm
29087,Mrs. Angelica Miller
29088,Mrs. Anna May
29089,Mrs. Anne Simpson Md
29090,Mrs. Annette Smith
29091,Mrs. April Roberts
29092,Mrs. April Stevens Dds
29093,Mrs. Ashley James
29094,Mrs. Ashley Lopez
29095,Mrs. Ashley Martinez
29096,Mrs. Ashley Miller
29097,Mrs. Ashley Parrish
29098,Mrs. Ashley Patterson Dds
29099,Mrs. Ashley Williams
29100,Mrs. Becky Taylor
29101,Mrs. Briana Koch
29102,Mrs. Brittany Rios Md
29103,Mrs. Brittany Wilson
29104,Mrs. Carol Flores
29105,Mrs. Carolyn Reed Md
29106,Mrs. Carrie Robles Dvm
29107,Mrs. Catherine Price
29108,Mrs. Charlene Ramirez Dvm
29109,Mrs. Chelsea Thompson
29110,Mrs. Cheyenne Marshall
29111,Mrs. Christina Morris Dvm
29112,Mrs. Christine Shields
29113,Mrs. Cindy Stephens
29114,Mrs. Claire Stark
29115,Mrs. Colleen Garcia
29116,Mrs. Connie Gutierrez
29117,Mrs. Courtney Welch
29118,Mrs. Crystal Alvarado Dvm
29119,Mrs. Cynthia Baker
29120,Mrs. Cynthia Miller
29121,Mrs. Danielle Macias
29122,Mrs. Danielle Powell
29123,Mrs. Danielle Richard
29124,Mrs. Danielle Rogers
29125,Mrs. Danielle Smith
29126,Mrs. Darlene Horton
29127,Mrs. Dawn Fuller
29128,Mrs. Deborah Fleming
29129,Mrs. Deborah Martinez
29130,Mrs. Deborah Oconnell
29131,Mrs. Denise Bass
29132,Mrs. Denise Perry
29133,Mrs. Destiny Garcia
29134,Mrs. Diana Jones
29135,Mrs. Diana Waller
29136,Mrs. Donna Baldwin Dds
29137,Mrs. Donna Riley
29138,Mrs. Donna Robinson Md
29139,Mrs. Eileen Erickson
29140,Mrs. Elizabeth Butler
29141,Mrs. Elizabeth Mccoy
29142,Mrs. Elizabeth Powell Dds
29143,Mrs. Elizabeth Wells Dvm
29144,Mrs. Emily Buckley
29145,Mrs. Emily Edwards
29146,Mrs. Emily Howard Md
29147,Mrs. Emma Harrison
29148,Mrs. Emma Johnson
29149,Mrs. Erin Aguirre
29150,Mrs. Erin Klein Dvm
29151,Mrs. Erin Page
29152,Mrs. Erin Robinson
29153,Mrs. Evelyn Lee
29154,Mrs. Felicia Payne Phd
29155,Mrs. Hailey Nichols Md
29156,Mrs. Hannah Caldwell
29157,Mrs. Hannah Davis Md
29158,Mrs. Hannah Garrison
29159,Mrs. Hannah Riggs
29160,Mrs. Heather Anderson
29161,Mrs. Heather Joseph Md
29162,Mrs. Heather Smith
29163,Mrs. Heather Tucker
29164,Mrs. Heather Young
29165,Mrs. Heidi Villa
29166,Mrs. Janet Butler
29167,Mrs. Janet Holland
29168,Mrs. Jasmine Wood
29169,Mrs. Jennifer King
29170,Mrs. Jennifer Roberts Md
29171,Mrs. Jennifer Rodriguez
29172,Mrs. Jenny Hill
29173,Mrs. Jenny Li Dvm
29174,Mrs. Jessica Jones
29175,Mrs. Jessica Martinez
29176,Mrs. Jessica Murphy
29177,Mrs. Jessica Townsend Md
29178,Mrs. Jessica Wilson
29179,Mrs. Jill Brewer
29180,Mrs. Joy Howell
29181,Mrs. Judith Fields
29182,Mrs. Judy Ramos
29183,Mrs. Julia Cruz
29184,Mrs. Julie Benton Dds
29185,Mrs. Kaitlyn Roman
29186,Mrs. Kara Miller
29187,Mrs. Karen Brooks
29188,Mrs. Karen Johnson
29189,Mrs. Karen Rollins
29190,Mrs. Katherine Gregory
29191,Mrs. Katherine Moore
29192,Mrs. Katherine Robinson
29193,Mrs. Katherine Turner
29194,Mrs. Kathy Johnson
29195,Mrs. Katie Vasquez
29196,Mrs. Kayla Marsh Dds
29197,Mrs. Kayla Shelton
29198,Mrs. Kaylee Gonzalez
29199,Mrs. Kelly Andrews
29200,Mrs. Kelly Reynolds
29201,Mrs. Kelsey Jarvis
29202,Mrs. Kelsey Simmons
29203,Mrs. Kendra Meadows
29204,Mrs. Kim Rodriguez
29205,Mrs. Kimberly Keller
29206,Mrs. Kristen Davis Md
29207,Mrs. Kristen Jones
29208,Mrs. Latoya Wilson
29209,Mrs. Laura Hendrix Dds
29210,Mrs. Laurie Compton
29211,Mrs. Leah Ramos Dvm
29212,Mrs. Leah Rowe
29213,Mrs. Linda Harvey
29214,Mrs. Linda Martinez
29215,Mrs. Linda Miles
29216,Mrs. Lindsey Mcdonald
29217,Mrs. Lisa Brown Md
29218,Mrs. Lisa Burch Dvm
29219,Mrs. Lisa Carrillo
29220,Mrs. Lisa Joseph Dds
29221,Mrs. Lisa Kelly
29222,Mrs. Lisa Lucas Dvm
29223,Mrs. Lisa Nguyen
29224,Mrs. Lori Hurst Phd
29225,Mrs. Mackenzie Miles
29226,Mrs. Makayla Gibbs Dvm
29227,Mrs. Margaret Walker
29228,Mrs. Maria Jefferson
29229,Mrs. Maria Mahoney Dds
29230,Mrs. Maria Weaver
29231,Mrs. Marie Alexander Md
29232,Mrs. Marie Morrow
29233,Mrs. Marie Sexton
29234,Mrs. Martha Marquez
29235,Mrs. Mary Brown
29236,Mrs. Mary Miller Dvm
29237,Mrs. Mary Montes
29238,Mrs. Mary Murphy Dvm
29239,Mrs. Megan Harris
29240,Mrs. Meghan Joyce
29241,Mrs. Melanie Morales
29242,Mrs. Melissa Gomez
29243,Mrs. Melissa Watson Dds
29244,Mrs. Melissa Webb
29245,Mrs. Michele Chen
29246,Mrs. Michele Green
29247,Mrs. Michelle Conley Dds
29248,Mrs. Michelle Hernandez Md
29249,Mrs. Michelle Keller
29250,Mrs. Michelle Vaughn
29251,Mrs. Monique Andersen
29252,Mrs. Monique Newman
29253,Mrs. Nancy Cook
29254,Mrs. Nancy Johnson Dds
29255,Mrs. Natalie Paul
29256,Mrs. Natasha Rich
29257,Mrs. Nicole Chapman
29258,Mrs. Nicole Delgado
29259,Mrs. Norma Charles
29260,Mrs. Norma Taylor
29261,Mrs. Olivia Wood Dvm
29262,Mrs. Patricia Crane
29263,Mrs. Patricia Morrison
29264,Mrs. Rachel Mejia
29265,Mrs. Rachel Robinson Md
29266,Mrs. Rebecca Blair
29267,Mrs. Rebecca Johnson
29268,Mrs. Rebecca Smith
29269,Mrs. Ruth Sheppard
29270,Mrs. Samantha Campbell
29271,Mrs. Samantha Lee
29272,Mrs. Sandra Goodwin
29273,Mrs. Sarah Ford
29274,Mrs. Sarah Mendez
29275,Mrs. Shannon Lopez
29276,Mrs. Shannon Morgan
29277,Mrs. Shannon Thompson Dds
29278,Mrs. Sharon Bailey
29279,Mrs. Sheila Clark
29280,Mrs. Sheila Dunlap
29281,Mrs. Shelby Carter
29282,Mrs. Shelby Payne
29283,Mrs. Shelly Austin Md
29284,Mrs. Shelly Roberts Phd
29285,Mrs. Sherri Hartman
29286,Mrs. Sherry Flynn
29287,Mrs. Sherry Lopez
29288,Mrs. Sophia Dunn Phd
29289,Mrs. Stephanie Castro
29290,Mrs. Stephanie Galvan Md
29291,Mrs. Stephanie Hart Dvm
29292,Mrs. Stephanie Miller
29293,Mrs. Stephanie Wilson Md
29294,Mrs. Sue Gallagher
29295,Mrs. Susan Bush Dds
29296,Mrs. Susan Shepherd
29297,Mrs. Sydney Benjamin
29298,Mrs. Tammy Bell
29299,Mrs. Tammy Castro
29300,Mrs. Tammy Harrington Md
29301,Mrs. Teresa Ellis
29302,Mrs. Theresa Jimenez
29303,Mrs. Theresa Mcdaniel
29304,Mrs. Theresa Mckinney
29305,Mrs. Tiffany Bryant Md
29306,Mrs. Tina Rivera
29307,Mrs. Vanessa Jordan
29308,Mrs. Veronica Harvey
29309,Mrs. Vicki Howard
29310,Mrs. Vickie Bishop
29311,Mrs. Victoria Sanchez Md
29312,Mrs. Wanda Lee
29313,Mrs. Whitney Larson
29314,Mrs. Whitney Mclaughlin
29315,Mrs. Zoe Shea
29316,Ms. Alexa Jones
29317,Ms. Allison Armstrong
29318,Ms. Allison Vazquez Dds
29319,Ms. Amy Carter
29320,Ms. Ashley Johnson Md
29321,Ms. Barbara Miller
29322,Ms. Belinda Dalton
29323,Ms. Beth Long
29324,Ms. Brandi Graham Dvm
29325,Ms. Brandi Wong
29326,Ms. Brandy Coleman
29327,Ms. Brianna Rose
29328,Ms. Brittany Orozco
29329,Ms. Cathy Hughes Phd
29330,Ms. Cindy Hinton
29331,Ms. Cindy Scott
29332,Ms. Cindy Wright
29333,Ms. Darlene Hunter Md
29334,Ms. Deborah Miller
29335,Ms. Diane Johnson
29336,Ms. Emily Pierce
29337,Ms. Frances Sexton Md
29338,Ms. Jennifer Melton
29339,Ms. Jennifer Roberts Md
29340,Ms. Jennifer Washington
29341,Ms. Jenny Smith
29342,Ms. Jessica Morgan
29343,Ms. Joann Parker
29344,Ms. Julie Jones
29345,Ms. Karen Butler
29346,Ms. Karen Pugh
29347,Ms. Kayla Wells Md
29348,Ms. Kelli Kirby Dds
29349,Ms. Kelly Bautista
29350,Ms. Kendra Leon
29351,Ms. Kristen Allen
29352,Ms. Laura Garner
29353,Ms. Lydia Gordon
29354,Ms. Marilyn Perry Md
29355,Ms. Megan Jones Md
29356,Ms. Meredith Johnson Md
29357,Ms. Michelle West Dvm
29358,Ms. Miranda Jones Md
29359,Ms. Monica Andrews
29360,Ms. Natalie Bates
29361,Ms. Rachel Obrien
29362,Ms. Rachel Wilson Dds
29363,Ms. Samantha Bell
29364,Ms. Sara Watts
29365,Ms. Sarah Bullock
29366,Ms. Sarah Christian Dvm
29367,Ms. Shannon Anthony
29368,Ms. Shari Riley
29369,Ms. Susan Martinez
29370,Ms. Teresa Stanley
29371,Ms. Tiffany Mckinney Dds
29372,Ms. Tonya Ochoa Phd
29373,Ms. Tracy Mercado
29374,Ms. Veronica Hernandez
29375,Nancy Adkins
29376,Nancy Allen
29377,Nancy Arnold
29378,Nancy Bailey
29379,Nancy Baker
29380,Nancy Barton
29381,Nancy Beck
29382,Nancy Brady
29383,Nancy Branch
29384,Nancy Briggs
29385,Nancy Brooks
29386,Nancy Burns
29387,Nancy Castillo
29388,Nancy Castro
29389,Nancy Chen
29390,Nancy Cole
29391,Nancy Conley
29392,Nancy Cox
29393,Nancy Douglas
29394,Nancy Edwards
29395,Nancy English
29396,Nancy Evans
29397,Nancy Faulkner
29398,Nancy Fisher
29399,Nancy Floyd
29400,Nancy Forbes
29401,Nancy Ford
29402,Nancy Fowler
29403,Nancy Fox
29404,Nancy Garcia
29405,Nancy Gardner
29406,Nancy Garza
29407,Nancy Glover
29408,Nancy Gonzalez
29409,Nancy Graham
29410,Nancy Harmon
29411,Nancy Harrell
29412,Nancy Hicks
29413,Nancy Hobbs
29414,Nancy Hoover
29415,Nancy Hopkins
29416,Nancy Hudson
29417,Nancy Johnson
29418,Nancy Johnston Dvm
29419,Nancy Jordan
29420,Nancy King
29421,Nancy Le
29422,Nancy Lee
29423,Nancy Long
29424,Nancy Lopez
29425,Nancy Love
29426,Nancy Macdonald
29427,Nancy Martinez
29428,Nancy Mason
29429,Nancy Matthews
29430,Nancy Mayo
29431,Nancy Mcbride
29432,Nancy Mccarthy
29433,Nancy Mclean
29434,Nancy Mitchell
29435,Nancy Montgomery
29436,Nancy Moore
29437,Nancy Nichols
29438,Nancy Nunez
29439,Nancy Ortiz
29440,Nancy Perez
29441,Nancy Petersen Md
29442,Nancy Pierce
29443,Nancy Reynolds
29444,Nancy Richards
29445,Nancy Ritter
29446,Nancy Roberts
29447,Nancy Robinson
29448,Nancy Ruiz
29449,Nancy Salazar
29450,Nancy Santana
29451,Nancy Schmidt
29452,Nancy Schwartz
29453,Nancy Smith
29454,Nancy Sutton
29455,Nancy Thomas
29456,Nancy Tran
29457,Nancy Vaughn
29458,Nancy Villanueva
29459,Nancy Wagner
29460,Nancy Warren
29461,Nancy Watson
29462,Nancy Williams
29463,Nancy Young
29464,Natalie Allen
29465,Natalie Baker
29466,Natalie Banks
29467,Natalie Barrett
29468,Natalie Bates
29469,Natalie Bauer
29470,Natalie Berry
29471,Natalie Bonilla
29472,Natalie Boyd
29473,Natalie Bradshaw
29474,Natalie Brooks
29475,Natalie Brown
29476,Natalie Burke
29477,Natalie Butler
29478,Natalie Cameron Phd
29479,Natalie Campbell
29480,Natalie Carlson
29481,Natalie Clarke
29482,Natalie Cobb
29483,Natalie Davis
29484,Natalie Elliott
29485,Natalie Gibson
29486,Natalie Greene
29487,Natalie Griffin
29488,Natalie Hanson
29489,Natalie Harrell
29490,Natalie Harris
29491,Natalie Hickman
29492,Natalie Howell
29493,Natalie Jackson
29494,Natalie Jacobs
29495,Natalie Jensen
29496,Natalie Johnson
29497,Natalie Johnston
29498,Natalie Jones
29499,Natalie Khan
29500,Natalie Lamb
29501,Natalie Lambert
29502,Natalie Little
29503,Natalie Long
29504,Natalie Lynch
29505,Natalie Martinez
29506,Natalie Mckinney
29507,Natalie Moore
29508,Natalie Munoz
29509,Natalie Murray
29510,Natalie Nash
29511,Natalie Noble
29512,Natalie Obrien
29513,Natalie Page
29514,Natalie Perez
29515,Natalie Poole
29516,Natalie Pruitt
29517,Natalie Ramos
29518,Natalie Reid
29519,Natalie Robbins
29520,Natalie Robinson
29521,Natalie Rogers
29522,Natalie Rollins
29523,Natalie Ross
29524,Natalie Savage
29525,Natalie Schwartz
29526,Natalie Sellers
29527,Natalie Smith
29528,Natalie Soto
29529,Natalie Stark
29530,Natalie Turner
29531,Natalie Tyler
29532,Natalie Valdez
29533,Natalie Warner
29534,Natalie Wilkinson
29535,Natalie Williams
29536,Natalie Wilson
29537,Natalie Zamora
29538,Natasha Armstrong
29539,Natasha Barnett
29540,Natasha Bender
29541,Natasha Black
29542,Natasha Bowen
29543,Natasha Bradley
29544,Natasha Brown
29545,Natasha Bryant
29546,Natasha Campbell
29547,Natasha Campos
29548,Natasha Coleman
29549,Natasha Compton
29550,Natasha Fisher
29551,Natasha Garcia
29552,Natasha Gonzales
29553,Natasha Gray
29554,Natasha Herman
29555,Natasha Hernandez
29556,Natasha Hill
29557,Natasha Jackson
29558,Natasha Jones
29559,Natasha Jordan
29560,Natasha Kennedy
29561,Natasha Lee
29562,Natasha Mack
29563,Natasha Meadows
29564,Natasha Miranda
29565,Natasha Myers
29566,Natasha Norris
29567,Natasha Perez
29568,Natasha Reyes
29569,Natasha Rodriguez
29570,Natasha Simmons
29571,Natasha Smith
29572,Natasha Sutton
29573,Natasha Terry
29574,Natasha Thomas
29575,Natasha Waller
29576,Natasha Watson
29577,Natasha Weaver
29578,Natasha Wilson
29579,Nathan Acosta
29580,Nathan Adams
29581,Nathan Alexander
29582,Nathan Allen
29583,Nathan Anderson
29584,Nathan Arnold
29585,Nathan Arroyo
29586,Nathan Baker
29587,Nathan Baldwin
29588,Nathan Ballard
29589,Nathan Bender
29590,Nathan Benjamin
29591,Nathan Berger
29592,Nathan Blair
29593,Nathan Boyer
29594,Nathan Brewer
29595,Nathan Brown
29596,Nathan Butler
29597,Nathan Byrd
29598,Nathan Caldwell
29599,Nathan Carter
29600,Nathan Castillo
29601,Nathan Chan
29602,Nathan Chang
29603,Nathan Charles
29604,Nathan Chavez
29605,Nathan Choi
29606,Nathan Cline
29607,Nathan Cobb
29608,Nathan Cole
29609,Nathan Combs
29610,Nathan Daniels
29611,Nathan Dominguez
29612,Nathan Edwards
29613,Nathan Fields
29614,Nathan Garcia
29615,Nathan Garza
29616,Nathan Grant
29617,Nathan Graves
29618,Nathan Grimes
29619,Nathan Gross
29620,Nathan Harper
29621,Nathan Hart
29622,Nathan Haynes
29623,Nathan Hernandez
29624,Nathan Ho
29625,Nathan Hughes
29626,Nathan James
29627,Nathan Jimenez
29628,Nathan Johnson
29629,Nathan Jones
29630,Nathan Joseph
29631,Nathan Juarez
29632,Nathan King
29633,Nathan Kirk
29634,Nathan Krause
29635,Nathan Lambert
29636,Nathan Landry
29637,Nathan Larson
29638,Nathan Lee
29639,Nathan Long
29640,Nathan Lucas
29641,Nathan Mccarthy
29642,Nathan Mendez
29643,Nathan Miller
29644,Nathan Moore
29645,Nathan Morris
29646,Nathan Moses
29647,Nathan Murphy
29648,Nathan Nelson
29649,Nathan Olson
29650,Nathan Ortiz
29651,Nathan Parker
29652,Nathan Payne
29653,Nathan Perez
29654,Nathan Pierce
29655,Nathan Reese
29656,Nathan Reyes
29657,Nathan Richmond
29658,Nathan Rios
29659,Nathan Rivera
29660,Nathan Rose
29661,Nathan Ross
29662,Nathan Ruiz
29663,Nathan Sampson
29664,Nathan Sanders
29665,Nathan Schroeder
29666,Nathan Schwartz
29667,Nathan Serrano
29668,Nathan Silva
29669,Nathan Smith
29670,Nathan Stephens
29671,Nathan Stewart
29672,Nathan Taylor
29673,Nathan Trevino
29674,Nathan Vargas
29675,Nathan Wade
29676,Nathan Ward
29677,Nathan Ware
29678,Nathan Watkins
29679,Nathan Webster
29680,Nathan White
29681,Nathan Williamson
29682,Nathan Wilson
29683,Nathan Wolf
29684,Nathan Wolfe
29685,Nathan Wong
29686,Nathan Zhang
29687,Nathaniel Aguirre
29688,Nathaniel Anderson
29689,Nathaniel Baker
29690,Nathaniel Berg
29691,Nathaniel Bowman
29692,Nathaniel Brown
29693,Nathaniel Burton
29694,Nathaniel Dodson
29695,Nathaniel Gardner
29696,Nathaniel Gonzales
29697,Nathaniel Gordon
29698,Nathaniel Green
29699,Nathaniel Hall
29700,Nathaniel Harper
29701,Nathaniel Higgins
29702,Nathaniel Hodge
29703,Nathaniel Jacobson
29704,Nathaniel Jimenez
29705,Nathaniel Johnson
29706,Nathaniel Jones
29707,Nathaniel King
29708,Nathaniel Luna
29709,Nathaniel Martinez
29710,Nathaniel Mcclure
29711,Nathaniel Montoya
29712,Nathaniel Morse
29713,Nathaniel Murphy
29714,Nathaniel Nelson
29715,Nathaniel Olson
29716,Nathaniel Owens
29717,Nathaniel Padilla
29718,Nathaniel Paul
29719,Nathaniel Peck
29720,Nathaniel Pope Phd
29721,Nathaniel Rodriguez
29722,Nathaniel Sims
29723,Nathaniel Smith
29724,Nathaniel Thomas
29725,Nathaniel Thompson
29726,Nathaniel Wells
29727,Nathaniel Williams
29728,Neil Flores
29729,Neil Gonzales
29730,Neil Tucker
29731,Neil Williams
29732,Neil Woods
29733,Nicholas Aguirre
29734,Nicholas Anderson
29735,Nicholas Austin
29736,Nicholas Bailey
29737,Nicholas Baker
29738,Nicholas Barber Dds
29739,Nicholas Barnes
29740,Nicholas Barrera
29741,Nicholas Bennett
29742,Nicholas Berry
29743,Nicholas Bird
29744,Nicholas Blackwell
29745,Nicholas Bowman
29746,Nicholas Brennan
29747,Nicholas Brewer
29748,Nicholas Brown
29749,Nicholas Bullock
29750,Nicholas Burns
29751,Nicholas Campbell
29752,Nicholas Campos
29753,Nicholas Carey
29754,Nicholas Carlson
29755,Nicholas Clark
29756,Nicholas Clay
29757,Nicholas Clayton
29758,Nicholas Collins
29759,Nicholas Cook
29760,Nicholas Costa
29761,Nicholas Crawford
29762,Nicholas Cruz
29763,Nicholas Cuevas
29764,Nicholas Cunningham
29765,Nicholas Curtis
29766,Nicholas Daniels
29767,Nicholas Davenport
29768,Nicholas David
29769,Nicholas Davis
29770,Nicholas Dean
29771,Nicholas Delacruz
29772,Nicholas Ellis
29773,Nicholas Ellison
29774,Nicholas Evans
29775,Nicholas Ferguson
29776,Nicholas Fernandez
29777,Nicholas Fischer
29778,Nicholas Floyd
29779,Nicholas Foster
29780,Nicholas Franklin
29781,Nicholas Freeman
29782,Nicholas Fuller
29783,Nicholas Garcia
29784,Nicholas Garza
29785,Nicholas George
29786,Nicholas Golden
29787,Nicholas Gomez
29788,Nicholas Gonzales
29789,Nicholas Gonzalez
29790,Nicholas Gordon
29791,Nicholas Graves
29792,Nicholas Green
29793,Nicholas Gregory
29794,Nicholas Guerra
29795,Nicholas Guzman
29796,Nicholas Hall
29797,Nicholas Hamilton
29798,Nicholas Hanna
29799,Nicholas Hanna Dvm
29800,Nicholas Hardy
29801,Nicholas Harper
29802,Nicholas Harris
29803,Nicholas Harrison
29804,Nicholas Hawkins
29805,Nicholas Henry
29806,Nicholas Hernandez
29807,Nicholas Herrera
29808,Nicholas Hickman
29809,Nicholas Hicks
29810,Nicholas Hill
29811,Nicholas Hogan
29812,Nicholas Holloway
29813,Nicholas Holmes
29814,Nicholas Hoover
29815,Nicholas Hopkins
29816,Nicholas Huerta
29817,Nicholas Hughes
29818,Nicholas Hunt
29819,Nicholas James
29820,Nicholas Johnson
29821,Nicholas Jones
29822,Nicholas Kim
29823,Nicholas Lambert
29824,Nicholas Lara
29825,Nicholas Lawson
29826,Nicholas Lee
29827,Nicholas Lewis
29828,Nicholas Livingston
29829,Nicholas Lloyd
29830,Nicholas Long
29831,Nicholas Lopez
29832,Nicholas Luna
29833,Nicholas Mack
29834,Nicholas Martin
29835,Nicholas Mcdonald
29836,Nicholas Mcgee
29837,Nicholas Mcintyre
29838,Nicholas Mckinney
29839,Nicholas Mcpherson
29840,Nicholas Miller
29841,Nicholas Mills
29842,Nicholas Mitchell
29843,Nicholas Moon
29844,Nicholas Moore
29845,Nicholas Moran
29846,Nicholas Moreno
29847,Nicholas Morgan
29848,Nicholas Morrison
29849,Nicholas Murray
29850,Nicholas Navarro
29851,Nicholas Neal
29852,Nicholas Newton
29853,Nicholas Nicholson
29854,Nicholas Novak
29855,Nicholas Obrien
29856,Nicholas Oconnor
29857,Nicholas Odom
29858,Nicholas Olson
29859,Nicholas Ortiz
29860,Nicholas Osborne
29861,Nicholas Pace
29862,Nicholas Parker
29863,Nicholas Payne
29864,Nicholas Pena
29865,Nicholas Perez
29866,Nicholas Phillips
29867,Nicholas Pratt
29868,Nicholas Reed
29869,Nicholas Reid
29870,Nicholas Reyes
29871,Nicholas Reyes Md
29872,Nicholas Reynolds
29873,Nicholas Rice
29874,Nicholas Richard
29875,Nicholas Richardson
29876,Nicholas Riggs
29877,Nicholas Roberts
29878,Nicholas Rodriguez
29879,Nicholas Russell
29880,Nicholas Sanchez
29881,Nicholas Sanders
29882,Nicholas Sandoval
29883,Nicholas Schmidt
29884,Nicholas Shea
29885,Nicholas Silva
29886,Nicholas Simmons
29887,Nicholas Simmons Dds
29888,Nicholas Simon
29889,Nicholas Singh
29890,Nicholas Small
29891,Nicholas Smith
29892,Nicholas Spencer
29893,Nicholas Stevens
29894,Nicholas Stevenson
29895,Nicholas Stone
29896,Nicholas Taylor
29897,Nicholas Thomas
29898,Nicholas Thompson
29899,Nicholas Torres
29900,Nicholas Tucker
29901,Nicholas Turner
29902,Nicholas Underwood
29903,Nicholas Valdez
29904,Nicholas Vaughan
29905,Nicholas Vaughn
29906,Nicholas Vega
29907,Nicholas Wagner
29908,Nicholas Ward
29909,Nicholas Waters
29910,Nicholas Watkins
29911,Nicholas Watson
29912,Nicholas Weaver
29913,Nicholas Welch
29914,Nicholas Wells
29915,Nicholas White
29916,Nicholas Wilkinson
29917,Nicholas Williams
29918,Nicholas Willis
29919,Nicholas Wilson
29920,Nicholas Wolf
29921,Nicholas Wong
29922,Nicholas Woods
29923,Nicholas Wright
29924,Nicholas Young
29925,Nicholas Zuniga
29926,Nichole Bartlett
29927,Nichole Becker
29928,Nichole Benson
29929,Nichole Carney
29930,Nichole Carroll
29931,Nichole Clarke
29932,Nichole Craig
29933,Nichole Evans
29934,Nichole Gaines
29935,Nichole Hamilton
29936,Nichole Harris
29937,Nichole Hayes
29938,Nichole Jarvis
29939,Nichole Keller
29940,Nichole Lopez
29941,Nichole Mcgee
29942,Nichole Rhodes
29943,Nichole Rice
29944,Nichole Rodriguez
29945,Nichole Romero
29946,Nichole Salas
29947,Nichole Sanford
29948,Nichole Smith
29949,Nichole Spencer
29950,Nichole Stokes
29951,Nichole Washington
29952,Nichole Wise
29953,Nichole Young
29954,Nicolas Lam
29955,Nicolas Morgan
29956,Nicolas Russell
29957,Nicole Acosta
29958,Nicole Adams
29959,Nicole Alexander
29960,Nicole Allen
29961,Nicole Alvarez
29962,Nicole Anderson
29963,Nicole Andrade Md
29964,Nicole Ashley
29965,Nicole Avila
29966,Nicole Baker
29967,Nicole Ball
29968,Nicole Barnes
29969,Nicole Barnett
29970,Nicole Barrett
29971,Nicole Bates
29972,Nicole Beck
29973,Nicole Bell
29974,Nicole Berry
29975,Nicole Black
29976,Nicole Bowers
29977,Nicole Bowman
29978,Nicole Boyer
29979,Nicole Brandt
29980,Nicole Brewer
29981,Nicole Bridges
29982,Nicole Brooks
29983,Nicole Brown
29984,Nicole Bryan
29985,Nicole Burgess
29986,Nicole Burke
29987,Nicole Burns
29988,Nicole Butler
29989,Nicole Campbell
29990,Nicole Cardenas
29991,Nicole Carroll
29992,Nicole Castro
29993,Nicole Chambers
29994,Nicole Clarke
29995,Nicole Clayton
29996,Nicole Coleman
29997,Nicole Collins
29998,Nicole Conway
29999,Nicole Cook
30000,Nicole Cooley
30001,Nicole Cooper
30002,Nicole Copeland
30003,Nicole Craig
30004,Nicole Cummings
30005,Nicole Cunningham
30006,Nicole Dalton
30007,Nicole Davis
30008,Nicole Davis Phd
30009,Nicole Diaz
30010,Nicole Duarte
30011,Nicole Edwards
30012,Nicole Ellison Dds
30013,Nicole Escobar
30014,Nicole Esparza
30015,Nicole Evans
30016,Nicole Farmer
30017,Nicole Fletcher
30018,Nicole Flores
30019,Nicole Flynn
30020,Nicole Flynn Md
30021,Nicole Ford
30022,Nicole Foster
30023,Nicole Fowler
30024,Nicole Fox
30025,Nicole Francis
30026,Nicole Fritz
30027,Nicole Frost
30028,Nicole Fuller
30029,Nicole Gallagher
30030,Nicole Garcia
30031,Nicole George
30032,Nicole Gibson Dvm
30033,Nicole Gomez
30034,Nicole Goodwin
30035,Nicole Green
30036,Nicole Greene
30037,Nicole Gregory
30038,Nicole Gutierrez
30039,Nicole Haas
30040,Nicole Hale
30041,Nicole Hall
30042,Nicole Hancock
30043,Nicole Hansen
30044,Nicole Hanson
30045,Nicole Hardy
30046,Nicole Harris
30047,Nicole Hawkins
30048,Nicole Hensley
30049,Nicole Hernandez
30050,Nicole Hernandez Md
30051,Nicole Higgins
30052,Nicole Hill
30053,Nicole Hobbs
30054,Nicole Horn
30055,Nicole Howe
30056,Nicole Huerta
30057,Nicole Hunt
30058,Nicole Hunter
30059,Nicole Jackson
30060,Nicole Jacobs
30061,Nicole Jefferson
30062,Nicole Jensen
30063,Nicole Johnson
30064,Nicole Jones
30065,Nicole Jordan
30066,Nicole Joseph
30067,Nicole Kelley
30068,Nicole Kent
30069,Nicole Khan
30070,Nicole Kidd
30071,Nicole King
30072,Nicole Knox
30073,Nicole Lane
30074,Nicole Lara
30075,Nicole Lawrence
30076,Nicole Leach
30077,Nicole Lee
30078,Nicole Leon
30079,Nicole Lester
30080,Nicole Levy
30081,Nicole Logan
30082,Nicole Long
30083,Nicole Lopez
30084,Nicole Lucas
30085,Nicole Lucero
30086,Nicole Luna
30087,Nicole Maldonado
30088,Nicole Mann
30089,Nicole Manning
30090,Nicole Martin
30091,Nicole Massey
30092,Nicole Mata
30093,Nicole Mcdonald
30094,Nicole Mcknight
30095,Nicole Miller
30096,Nicole Mills
30097,Nicole Monroe
30098,Nicole Moore
30099,Nicole Moran
30100,Nicole Morgan
30101,Nicole Moses
30102,Nicole Moss
30103,Nicole Munoz
30104,Nicole Newman
30105,Nicole Nguyen
30106,Nicole Nolan
30107,Nicole Norton
30108,Nicole Obrien
30109,Nicole Olson
30110,Nicole Owens
30111,Nicole Palmer
30112,Nicole Parker
30113,Nicole Parrish
30114,Nicole Patel
30115,Nicole Perez
30116,Nicole Perkins
30117,Nicole Petersen
30118,Nicole Phelps
30119,Nicole Phillips Dvm
30120,Nicole Powell Md
30121,Nicole Price
30122,Nicole Pugh
30123,Nicole Ramirez
30124,Nicole Ramos
30125,Nicole Ramsey
30126,Nicole Ray
30127,Nicole Reed
30128,Nicole Reed Md
30129,Nicole Reynolds
30130,Nicole Rhodes
30131,Nicole Richardson
30132,Nicole Riley
30133,Nicole Rios
30134,Nicole Rivas
30135,Nicole Roberts
30136,Nicole Robertson
30137,Nicole Rodgers
30138,Nicole Rodriguez
30139,Nicole Roman
30140,Nicole Romero
30141,Nicole Rosales
30142,Nicole Rose
30143,Nicole Ross
30144,Nicole Rowe
30145,Nicole Russell
30146,Nicole Santana
30147,Nicole Santos
30148,Nicole Schmidt
30149,Nicole Schneider
30150,Nicole Schultz
30151,Nicole Simpson
30152,Nicole Singleton
30153,Nicole Smith
30154,Nicole Solis
30155,Nicole Stevens
30156,Nicole Stevenson
30157,Nicole Stone
30158,Nicole Swanson
30159,Nicole Thomas
30160,Nicole Todd
30161,Nicole Torres
30162,Nicole Vance
30163,Nicole Velazquez
30164,Nicole Wall
30165,Nicole Weaver
30166,Nicole White
30167,Nicole Williams
30168,Nicole Wilson
30169,Nicole Winters
30170,Nicole Woods
30171,Nicole Wright
30172,Nicole Young
30173,Nicole Yu
30174,Nina Espinoza
30175,Nina Murray
30176,Nina Olson
30177,Nina Smith
30178,Nina Stephens
30179,Noah Alvarado
30180,Noah Barron
30181,Noah Buck
30182,Noah Burgess
30183,Noah Butler
30184,Noah Collier
30185,Noah Cuevas
30186,Noah Grant Dds
30187,Noah Green
30188,Noah Greene
30189,Noah Hammond
30190,Noah Jacobs
30191,Noah Lee
30192,Noah Montgomery
30193,Noah Moore
30194,Noah Nixon
30195,Noah Robinson
30196,Noah Rocha
30197,Noah Rodriguez
30198,Noah Schultz
30199,Noah Shah
30200,Noah Torres
30201,Noah Valdez
30202,Noah Yang
30203,Norma Blake
30204,Norma Cannon
30205,Norma Cole
30206,Norma Fernandez
30207,Norma Ford
30208,Norma Johnson
30209,Norma Kim Md
30210,Norma Li
30211,Norma Phillips
30212,Norma Scott
30213,Norman Bishop
30214,Norman Diaz
30215,Norman Garza
30216,Norman Gentry
30217,Norman Henderson
30218,Norman Howell
30219,Norman Mays
30220,Norman Patterson
30221,Norman Tate
30222,Norman Thompson
30223,Norman Watson
30224,Olivia Anderson
30225,Olivia Arnold
30226,Olivia Bradshaw
30227,Olivia Bridges
30228,Olivia Brown
30229,Olivia Bush
30230,Olivia Clark
30231,Olivia Cole
30232,Olivia Cooper
30233,Olivia Farmer
30234,Olivia Flynn
30235,Olivia Gibson
30236,Olivia Goodwin
30237,Olivia Hill
30238,Olivia Hudson
30239,Olivia Jefferson
30240,Olivia Jones
30241,Olivia Keller
30242,Olivia Key
30243,Olivia Lawrence
30244,Olivia Marquez
30245,Olivia Martin
30246,Olivia Miller
30247,Olivia Moore
30248,Olivia Morales
30249,Olivia Morrison Md
30250,Olivia Nelson
30251,Olivia Nichols
30252,Olivia Pierce
30253,Olivia Price
30254,Olivia Randall
30255,Olivia Richards
30256,Olivia Rivera
30257,Olivia Robinson
30258,Olivia Russell
30259,Olivia Sanders
30260,Olivia Santana
30261,Olivia Schaefer
30262,Olivia Schneider
30263,Olivia Silva
30264,Olivia Smith
30265,Olivia Snyder Md
30266,Olivia Stewart
30267,Olivia Vance
30268,Olivia Vargas
30269,Olivia Wall
30270,Olivia Whitaker
30271,Olivia White
30272,Olivia Woods
30273,Olivia Wright
30274,Olivia Yates Dvm
30275,Omar Aguilar
30276,Omar Calderon
30277,Omar Carter
30278,Omar Cruz
30279,Omar Delgado
30280,Omar Hardin
30281,Omar Herring
30282,Omar Holland
30283,Omar Maldonado
30284,Omar Montgomery
30285,Omar Murphy
30286,Omar Oconnell
30287,Omar Richards
30288,Omar Ross
30289,Omar Sanchez
30290,Omar Sanders
30291,Omar Snyder
30292,Omar Ward
30293,Oscar Ayala
30294,Oscar Black
30295,Oscar Chen
30296,Oscar Clark
30297,Oscar Daniels
30298,Oscar Dougherty
30299,Oscar Garrett
30300,Oscar Gibson
30301,Oscar Goodman
30302,Oscar Hendrix
30303,Oscar Jones
30304,Oscar Martin
30305,Oscar Miller
30306,Oscar Oneal
30307,Oscar Proctor
30308,Oscar Riggs
30309,Oscar Smith
30310,Oscar Stafford
30311,Oscar Stewart
30312,Oscar Walker
30313,Paige Bailey
30314,Paige Caldwell
30315,Paige Carpenter
30316,Paige Chan
30317,Paige Chang
30318,Paige Clark
30319,Paige Cox
30320,Paige David
30321,Paige Deleon
30322,Paige Ellis
30323,Paige Farrell
30324,Paige Fleming
30325,Paige Gilmore
30326,Paige Gonzalez
30327,Paige Griffin
30328,Paige Johnson
30329,Paige Mccarthy
30330,Paige Mcfarland
30331,Paige Melton
30332,Paige Miller
30333,Paige Mitchell
30334,Paige Moore
30335,Paige Murphy
30336,Paige Neal
30337,Paige Roach
30338,Paige Smith
30339,Paige Taylor
30340,Paige Thomas
30341,Paige Tucker
30342,Paige Walters
30343,Paige Wolf
30344,Pam Allen
30345,Pam Armstrong
30346,Pam Bailey
30347,Pam Garrison
30348,Pam Hensley
30349,Pam Johnson
30350,Pam Klein
30351,Pam Malone
30352,Pam Moore
30353,Pam Perez
30354,Pam Williams
30355,Pam Wood
30356,Pamela Adams
30357,Pamela Anderson
30358,Pamela Baker
30359,Pamela Banks
30360,Pamela Bartlett
30361,Pamela Bauer
30362,Pamela Bean
30363,Pamela Becker
30364,Pamela Boyle
30365,Pamela Bryant
30366,Pamela Camacho
30367,Pamela Cameron
30368,Pamela Casey
30369,Pamela Christian
30370,Pamela Clark
30371,Pamela Clayton
30372,Pamela Collier
30373,Pamela Conway Md
30374,Pamela Cook
30375,Pamela Davis
30376,Pamela Dawson
30377,Pamela Dougherty Dds
30378,Pamela Dudley
30379,Pamela Edwards
30380,Pamela Farmer
30381,Pamela Ferguson
30382,Pamela Ferrell
30383,Pamela Flores
30384,Pamela Floyd
30385,Pamela Foster
30386,Pamela Franklin
30387,Pamela Frazier
30388,Pamela Freeman
30389,Pamela Fritz
30390,Pamela Fuller
30391,Pamela Gallagher
30392,Pamela Garcia
30393,Pamela Gardner
30394,Pamela Gilbert
30395,Pamela Gomez
30396,Pamela Gonzalez
30397,Pamela Gordon
30398,Pamela Grant
30399,Pamela Green
30400,Pamela Guerra
30401,Pamela Hale
30402,Pamela Hall
30403,Pamela Harris
30404,Pamela Hart
30405,Pamela Harvey
30406,Pamela Hayes
30407,Pamela Henry
30408,Pamela Hernandez
30409,Pamela Holder
30410,Pamela Holloway
30411,Pamela Howard
30412,Pamela Hughes
30413,Pamela Hunter
30414,Pamela Jacobson
30415,Pamela Jenkins
30416,Pamela Jordan
30417,Pamela Kelly
30418,Pamela Kim
30419,Pamela Larson
30420,Pamela Lawrence
30421,Pamela Lewis
30422,Pamela Li
30423,Pamela Lloyd
30424,Pamela Lopez
30425,Pamela Martin
30426,Pamela Martinez
30427,Pamela Mata
30428,Pamela Mccarthy
30429,Pamela Mcdonald
30430,Pamela Mendoza
30431,Pamela Miller
30432,Pamela Mills
30433,Pamela Molina
30434,Pamela Moody
30435,Pamela Mora
30436,Pamela Morrison
30437,Pamela Morton
30438,Pamela Moss
30439,Pamela Nash
30440,Pamela Odom
30441,Pamela Oneill
30442,Pamela Pacheco
30443,Pamela Page
30444,Pamela Palmer
30445,Pamela Peck
30446,Pamela Peters
30447,Pamela Pollard
30448,Pamela Porter
30449,Pamela Ramirez
30450,Pamela Ramsey
30451,Pamela Reed
30452,Pamela Reese
30453,Pamela Rice
30454,Pamela Robinson
30455,Pamela Ross
30456,Pamela Roy
30457,Pamela Sanders
30458,Pamela Savage
30459,Pamela Scott
30460,Pamela Shea
30461,Pamela Small
30462,Pamela Smith
30463,Pamela Solomon
30464,Pamela Spencer
30465,Pamela Strong
30466,Pamela Taylor
30467,Pamela Thomas
30468,Pamela Vega
30469,Pamela Walter
30470,Pamela Wang
30471,Pamela Watson
30472,Pamela Wheeler
30473,Pamela Williams
30474,Pamela Williamson
30475,Pamela Wilson
30476,Pamela Young
30477,Pamela Zamora
30478,Parker Atkins
30479,Parker Brown
30480,Parker Cuevas
30481,Parker Cunningham
30482,Parker Hill
30483,Parker Howard
30484,Parker Martin
30485,Parker Ray
30486,Parker Riddle
30487,Parker Roy
30488,Parker Tucker
30489,Patricia Allen
30490,Patricia Anderson
30491,Patricia Armstrong
30492,Patricia Bailey
30493,Patricia Baker
30494,Patricia Barnes
30495,Patricia Barnett
30496,Patricia Barr
30497,Patricia Barrett
30498,Patricia Bauer
30499,Patricia Bean
30500,Patricia Becker
30501,Patricia Bell
30502,Patricia Bender
30503,Patricia Benton
30504,Patricia Blankenship
30505,Patricia Bonilla
30506,Patricia Boone
30507,Patricia Boyd
30508,Patricia Brady
30509,Patricia Brock
30510,Patricia Butler
30511,Patricia Campbell
30512,Patricia Carey
30513,Patricia Castro
30514,Patricia Chapman
30515,Patricia Cherry
30516,Patricia Christensen
30517,Patricia Cisneros
30518,Patricia Cole
30519,Patricia Collier
30520,Patricia Collins
30521,Patricia Colon
30522,Patricia Conner
30523,Patricia Cummings
30524,Patricia Davis
30525,Patricia Delgado
30526,Patricia Dixon
30527,Patricia Dominguez
30528,Patricia Donaldson
30529,Patricia Douglas
30530,Patricia Dunn
30531,Patricia Edwards
30532,Patricia Ellis
30533,Patricia Evans
30534,Patricia Fernandez
30535,Patricia Flynn
30536,Patricia Foster
30537,Patricia Fowler
30538,Patricia Fox
30539,Patricia Frazier
30540,Patricia French
30541,Patricia Fuentes
30542,Patricia Fuller
30543,Patricia Garcia
30544,Patricia Gardner Phd
30545,Patricia Garrison
30546,Patricia Garza
30547,Patricia George
30548,Patricia Gill
30549,Patricia Gonzales
30550,Patricia Gonzalez
30551,Patricia Gray
30552,Patricia Grimes
30553,Patricia Guzman
30554,Patricia Hall
30555,Patricia Harrington
30556,Patricia Harris
30557,Patricia Hart
30558,Patricia Harvey
30559,Patricia Hatfield
30560,Patricia Hawkins
30561,Patricia Hicks
30562,Patricia Hill
30563,Patricia Hobbs
30564,Patricia Hoffman
30565,Patricia Holloway
30566,Patricia Horton
30567,Patricia Howell
30568,Patricia Hubbard
30569,Patricia Hunt
30570,Patricia Ingram
30571,Patricia Jackson
30572,Patricia Jacobs
30573,Patricia Jenkins
30574,Patricia Jennings
30575,Patricia Jones
30576,Patricia Kelly
30577,Patricia Kidd
30578,Patricia King
30579,Patricia Kirk
30580,Patricia Knight
30581,Patricia Lane
30582,Patricia Larsen
30583,Patricia Lee
30584,Patricia Lewis
30585,Patricia Li Dvm
30586,Patricia Lopez
30587,Patricia Macias
30588,Patricia Mack
30589,Patricia Mann
30590,Patricia Martin
30591,Patricia Mason
30592,Patricia Mata
30593,Patricia Mcdaniel
30594,Patricia Mcdonald
30595,Patricia Mcmahon
30596,Patricia Mendez
30597,Patricia Miller
30598,Patricia Moore
30599,Patricia Morales
30600,Patricia Morris
30601,Patricia Morrison
30602,Patricia Mullins
30603,Patricia Munoz
30604,Patricia Murphy
30605,Patricia Nichols
30606,Patricia Nielsen
30607,Patricia Norman
30608,Patricia Norris
30609,Patricia Olson
30610,Patricia Owen
30611,Patricia Pacheco
30612,Patricia Perez
30613,Patricia Perkins
30614,Patricia Peters
30615,Patricia Phillips
30616,Patricia Poole
30617,Patricia Powell
30618,Patricia Randolph
30619,Patricia Reed
30620,Patricia Reeves
30621,Patricia Reyes
30622,Patricia Reynolds
30623,Patricia Richardson
30624,Patricia Rios
30625,Patricia Rivas
30626,Patricia Roberson
30627,Patricia Rodriguez
30628,Patricia Ryan
30629,Patricia Sampson
30630,Patricia Sanchez
30631,Patricia Sandoval
30632,Patricia Schwartz
30633,Patricia Shah
30634,Patricia Shaw
30635,Patricia Shields
30636,Patricia Simpson
30637,Patricia Small
30638,Patricia Smith
30639,Patricia Sparks
30640,Patricia Steele
30641,Patricia Stephens
30642,Patricia Stokes
30643,Patricia Stone
30644,Patricia Sullivan
30645,Patricia Taylor
30646,Patricia Thomas
30647,Patricia Thompson
30648,Patricia Thornton
30649,Patricia Tucker
30650,Patricia Valentine
30651,Patricia Valenzuela
30652,Patricia Vazquez
30653,Patricia Wagner
30654,Patricia Walker
30655,Patricia Weiss
30656,Patricia Whitaker
30657,Patricia Wiggins
30658,Patricia Williams
30659,Patricia Wilson
30660,Patricia York
30661,Patrick Aguirre
30662,Patrick Alexander
30663,Patrick Allen
30664,Patrick Arias
30665,Patrick Bell
30666,Patrick Benson
30667,Patrick Bentley
30668,Patrick Berry
30669,Patrick Best
30670,Patrick Blanchard
30671,Patrick Boyd
30672,Patrick Brown
30673,Patrick Bryant
30674,Patrick Burgess
30675,Patrick Burns
30676,Patrick Carter
30677,Patrick Castro
30678,Patrick Clark
30679,Patrick Clay
30680,Patrick Collins
30681,Patrick Colon
30682,Patrick Cook
30683,Patrick Daniels
30684,Patrick Dyer
30685,Patrick Ellis
30686,Patrick Evans
30687,Patrick Fernandez
30688,Patrick Flores
30689,Patrick Forbes
30690,Patrick Frazier
30691,Patrick Frederick
30692,Patrick Frost
30693,Patrick Fuller
30694,Patrick Gallagher
30695,Patrick Garcia Md
30696,Patrick Gardner
30697,Patrick Garner
30698,Patrick Gibson
30699,Patrick Gomez
30700,Patrick Gonzalez
30701,Patrick Gray
30702,Patrick Green
30703,Patrick Greene
30704,Patrick Greer
30705,Patrick Griffin
30706,Patrick Gutierrez
30707,Patrick Hale
30708,Patrick Hammond
30709,Patrick Harris
30710,Patrick Harrison
30711,Patrick Hart
30712,Patrick Hill
30713,Patrick Horton
30714,Patrick Humphrey
30715,Patrick Jackson
30716,Patrick Johnson
30717,Patrick Jones
30718,Patrick Juarez
30719,Patrick Kennedy
30720,Patrick King
30721,Patrick Lee
30722,Patrick Lewis
30723,Patrick Lopez
30724,Patrick Love
30725,Patrick Lowery
30726,Patrick Lutz
30727,Patrick Macias
30728,Patrick Maddox
30729,Patrick Manning
30730,Patrick Martinez
30731,Patrick Maxwell
30732,Patrick Mcdonald
30733,Patrick Mckee
30734,Patrick Mckenzie
30735,Patrick Mcmahon
30736,Patrick Medina
30737,Patrick Melton
30738,Patrick Miller
30739,Patrick Mitchell
30740,Patrick Morales
30741,Patrick Moran
30742,Patrick Mullen
30743,Patrick Murray
30744,Patrick Myers
30745,Patrick Nicholson
30746,Patrick Ochoa
30747,Patrick Palmer
30748,Patrick Parker
30749,Patrick Parrish
30750,Patrick Patel
30751,Patrick Payne
30752,Patrick Perez
30753,Patrick Peterson
30754,Patrick Proctor
30755,Patrick Ramos
30756,Patrick Reed
30757,Patrick Reeves
30758,Patrick Reynolds
30759,Patrick Richardson
30760,Patrick Robbins
30761,Patrick Robinson
30762,Patrick Robles
30763,Patrick Rodriguez
30764,Patrick Ross
30765,Patrick Salazar
30766,Patrick Sanford
30767,Patrick Schwartz
30768,Patrick Sharp
30769,Patrick Shelton
30770,Patrick Simpson
30771,Patrick Sims
30772,Patrick Singh
30773,Patrick Smith
30774,Patrick Sosa
30775,Patrick Spencer
30776,Patrick Stanley
30777,Patrick Stevens
30778,Patrick Stevenson
30779,Patrick Stewart
30780,Patrick Taylor
30781,Patrick Thompson
30782,Patrick Torres
30783,Patrick Walker
30784,Patrick Walters
30785,Patrick Ward
30786,Patrick Watson
30787,Patrick Watts
30788,Patrick Weaver
30789,Patrick Wells
30790,Patrick White
30791,Patrick Wilcox
30792,Patrick Williams
30793,Patrick Wise
30794,Patrick Woods
30795,Patrick Wright
30796,Patrick Young
30797,Patty Bullock
30798,Patty Day
30799,Patty Durham
30800,Patty Gibson
30801,Patty Hernandez
30802,Patty Hood
30803,Patty Morrison
30804,Patty Palmer
30805,Patty Porter
30806,Patty Stark
30807,Patty Terry
30808,Paul Acevedo
30809,Paul Alvarado
30810,Paul Anderson
30811,Paul Andrade
30812,Paul Ashley
30813,Paul Baldwin
30814,Paul Ball
30815,Paul Baxter
30816,Paul Beck
30817,Paul Bennett Ii
30818,Paul Benson
30819,Paul Benton
30820,Paul Blake
30821,Paul Bowman
30822,Paul Boyer
30823,Paul Braun
30824,Paul Brewer
30825,Paul Brooks
30826,Paul Brown
30827,Paul Buck
30828,Paul Burke
30829,Paul Butler
30830,Paul Camacho
30831,Paul Campbell
30832,Paul Carpenter
30833,Paul Carr
30834,Paul Carrillo
30835,Paul Casey
30836,Paul Castillo
30837,Paul Chambers
30838,Paul Chen
30839,Paul Clarke
30840,Paul Coleman
30841,Paul Collier
30842,Paul Contreras
30843,Paul Crawford
30844,Paul Cross
30845,Paul Cunningham
30846,Paul Daugherty
30847,Paul Davis
30848,Paul Decker
30849,Paul Edwards
30850,Paul Erickson
30851,Paul Escobar
30852,Paul Evans
30853,Paul Everett
30854,Paul Fernandez
30855,Paul Fields
30856,Paul Fletcher
30857,Paul Francis Dvm
30858,Paul Frost
30859,Paul Garcia
30860,Paul Gardner
30861,Paul Gomez
30862,Paul Gonzalez
30863,Paul Gonzalez Dds
30864,Paul Greene
30865,Paul Gross
30866,Paul Hahn
30867,Paul Hale
30868,Paul Hamilton
30869,Paul Hanna
30870,Paul Hansen
30871,Paul Hanson
30872,Paul Harding
30873,Paul Hardy
30874,Paul Harris
30875,Paul Hart
30876,Paul Hernandez
30877,Paul Herrera
30878,Paul Hoffman
30879,Paul Hogan
30880,Paul Hood
30881,Paul House
30882,Paul Huang
30883,Paul Hunt
30884,Paul Jackson
30885,Paul Johnson
30886,Paul Jones
30887,Paul Kaiser
30888,Paul Keller Jr.
30889,Paul Key
30890,Paul King
30891,Paul Le
30892,Paul Lee
30893,Paul Lewis
30894,Paul Lindsey
30895,Paul Livingston
30896,Paul Lopez
30897,Paul Lowe
30898,Paul Lyons
30899,Paul Maldonado
30900,Paul Manning
30901,Paul Martinez
30902,Paul Mata
30903,Paul Mayer
30904,Paul Mayo
30905,Paul Mccann
30906,Paul Mccormick
30907,Paul Mcdaniel
30908,Paul Mcguire
30909,Paul Mckenzie
30910,Paul Mcneil
30911,Paul Meadows
30912,Paul Mejia
30913,Paul Meyer
30914,Paul Meyers
30915,Paul Miles
30916,Paul Miller
30917,Paul Moore
30918,Paul Morales
30919,Paul Morgan
30920,Paul Morris
30921,Paul Morrison
30922,Paul Moses
30923,Paul Moss
30924,Paul Murray
30925,Paul Myers
30926,Paul Nash Iii
30927,Paul Norton
30928,Paul Odonnell
30929,Paul Olsen
30930,Paul Olson
30931,Paul Ortega
30932,Paul Ortiz
30933,Paul Parks
30934,Paul Parsons
30935,Paul Paul
30936,Paul Pearson
30937,Paul Pena
30938,Paul Perez
30939,Paul Peterson
30940,Paul Phillips
30941,Paul Potter
30942,Paul Proctor
30943,Paul Ramos
30944,Paul Ray
30945,Paul Reilly
30946,Paul Reynolds
30947,Paul Rich
30948,Paul Rivers
30949,Paul Roberts
30950,Paul Robinson
30951,Paul Roman
30952,Paul Rosario
30953,Paul Rose
30954,Paul Ruiz
30955,Paul Russell
30956,Paul Ryan
30957,Paul Sanchez
30958,Paul Sandoval
30959,Paul Schwartz
30960,Paul Shannon
30961,Paul Sharp
30962,Paul Short
30963,Paul Simmons
30964,Paul Smith
30965,Paul Solis
30966,Paul Steele
30967,Paul Stevenson
30968,Paul Stewart
30969,Paul Sullivan
30970,Paul Thomas
30971,Paul Thompson
30972,Paul Torres
30973,Paul Vang
30974,Paul Vazquez
30975,Paul Villegas
30976,Paul Walls
30977,Paul Walsh
30978,Paul Walton
30979,Paul Ward
30980,Paul Ware
30981,Paul Washington
30982,Paul Watts
30983,Paul Weber
30984,Paul White
30985,Paul Williamson
30986,Paul Wilson
30987,Paul Woodard
30988,Paul Young
30989,Paula Alexander
30990,Paula Anderson
30991,Paula Berry
30992,Paula Bonilla
30993,Paula Cross
30994,Paula Cuevas
30995,Paula Cummings
30996,Paula Davis
30997,Paula Delgado
30998,Paula Elliott
30999,Paula Fletcher
31000,Paula Garcia
31001,Paula Gentry
31002,Paula Gonzalez
31003,Paula Gray
31004,Paula Green
31005,Paula Hall
31006,Paula Hernandez
31007,Paula Herrera
31008,Paula Hicks
31009,Paula Hood
31010,Paula Jackson
31011,Paula Keith
31012,Paula Kelley
31013,Paula Lam
31014,Paula Lawrence
31015,Paula Lewis
31016,Paula Lowe
31017,Paula Lyons
31018,Paula Martinez
31019,Paula Matthews
31020,Paula Mcgrath
31021,Paula Miller
31022,Paula Moreno
31023,Paula Morse
31024,Paula Moss
31025,Paula Murray
31026,Paula Newman
31027,Paula Norris
31028,Paula Oneal
31029,Paula Orr
31030,Paula Reed
31031,Paula Rodriguez
31032,Paula Ruiz
31033,Paula Salazar
31034,Paula Stewart
31035,Paula Villa
31036,Paula Watson
31037,Paula Wells
31038,Paula Wilcox
31039,Paula Williams
31040,Paula Wood
31041,Paula Woodward
31042,Pedro Bailey
31043,Pedro Baker
31044,Pedro Callahan
31045,Pedro Castaneda
31046,Pedro Gonzalez
31047,Pedro Stewart
31048,Peggy Adams
31049,Peggy Andrews
31050,Peggy Beasley
31051,Peggy Calderon
31052,Peggy Coleman
31053,Peggy Cox
31054,Peggy Duarte
31055,Peggy Foster
31056,Peggy Mooney
31057,Peggy Nunez
31058,Peggy Robertson
31059,Peggy Scott
31060,Peggy Underwood
31061,Penny Avila
31062,Penny Becker
31063,Penny Black
31064,Penny Bryant
31065,Penny Byrd
31066,Penny Duncan
31067,Penny Garcia
31068,Penny Hamilton
31069,Penny Harrison
31070,Penny Hill
31071,Penny Mason
31072,Penny Mcdonald
31073,Penny Morgan
31074,Penny Peck
31075,Penny Pruitt
31076,Penny Rhodes
31077,Penny Santiago
31078,Penny Snyder
31079,Perry Mcdonald
31080,Perry Salazar
31081,Peter Adams
31082,Peter Allison
31083,Peter Baker
31084,Peter Ball
31085,Peter Benjamin
31086,Peter Brown
31087,Peter Bush
31088,Peter Butler
31089,Peter Caldwell
31090,Peter Cameron
31091,Peter Cardenas
31092,Peter Castaneda
31093,Peter Chavez
31094,Peter Clark
31095,Peter Cole
31096,Peter Coleman
31097,Peter Collins
31098,Peter Colon
31099,Peter Cook
31100,Peter Cortez
31101,Peter Craig
31102,Peter Crawford
31103,Peter Cruz
31104,Peter Edwards
31105,Peter Fletcher
31106,Peter Foster
31107,Peter Fowler
31108,Peter Frank
31109,Peter Garcia
31110,Peter Gardner
31111,Peter Gay
31112,Peter Goodman
31113,Peter Graham
31114,Peter Gray
31115,Peter Guzman
31116,Peter Hall
31117,Peter Hancock
31118,Peter Harrison
31119,Peter Henderson
31120,Peter Hill
31121,Peter Hopkins
31122,Peter Huffman Jr.
31123,Peter Hughes
31124,Peter Jackson
31125,Peter Jenkins
31126,Peter Johnson
31127,Peter Jordan
31128,Peter Kelley V
31129,Peter Koch
31130,Peter Lopez
31131,Peter Marshall
31132,Peter Martin
31133,Peter Martin Dds
31134,Peter Martinez
31135,Peter Mccall
31136,Peter Mclaughlin
31137,Peter Medina
31138,Peter Mendoza
31139,Peter Miller
31140,Peter Mitchell
31141,Peter Mitchell Jr.
31142,Peter Moore
31143,Peter Morris
31144,Peter Moss
31145,Peter Murphy
31146,Peter Myers
31147,Peter Navarro
31148,Peter Newton Md
31149,Peter Nunez
31150,Peter Parsons
31151,Peter Perry
31152,Peter Phillips
31153,Peter Ramos
31154,Peter Richardson
31155,Peter Roberts
31156,Peter Robinson
31157,Peter Rogers
31158,Peter Russell
31159,Peter Sanchez
31160,Peter Sandoval
31161,Peter Sherman
31162,Peter Singleton
31163,Peter Smith
31164,Peter Sosa
31165,Peter Taylor
31166,Peter Tyler
31167,Peter Walters
31168,Peter Walton
31169,Peter West
31170,Peter Wilcox
31171,Peter Wright
31172,Peter Young
31173,Peter Zimmerman
31174,Philip Acosta
31175,Philip Anderson
31176,Philip Atkins
31177,Philip Austin
31178,Philip Avila
31179,Philip Baker
31180,Philip Brown
31181,Philip Buckley
31182,Philip Butler
31183,Philip Caldwell
31184,Philip Calhoun
31185,Philip Campbell
31186,Philip Chapman
31187,Philip Church
31188,Philip Cooper
31189,Philip Davis
31190,Philip Douglas
31191,Philip Duncan
31192,Philip Figueroa
31193,Philip Garrett
31194,Philip Golden
31195,Philip Harding
31196,Philip Hogan
31197,Philip Jackson
31198,Philip Jenkins
31199,Philip Johnson
31200,Philip Keller
31201,Philip Lara
31202,Philip Lewis Dds
31203,Philip Martin
31204,Philip Montgomery
31205,Philip Oconnor
31206,Philip Owens
31207,Philip Patterson
31208,Philip Pope
31209,Philip Ramirez
31210,Philip Rhodes
31211,Philip Robinson
31212,Philip Rodriguez
31213,Philip Rogers
31214,Philip Singleton
31215,Philip Smith
31216,Philip Thompson
31217,Philip Turner
31218,Philip Valdez
31219,Philip Vaughn
31220,Philip Waters
31221,Philip Welch
31222,Philip Williams
31223,Philip Wright
31224,Philip Yang
31225,Philip Zhang
31226,Phillip Acevedo
31227,Phillip Alexander
31228,Phillip Anderson
31229,Phillip Bailey
31230,Phillip Barron
31231,Phillip Bartlett
31232,Phillip Beck
31233,Phillip Bennett
31234,Phillip Brown
31235,Phillip Burton
31236,Phillip Campos
31237,Phillip Castillo
31238,Phillip Clark
31239,Phillip Contreras
31240,Phillip Cooper
31241,Phillip Davis
31242,Phillip Farley
31243,Phillip Frank
31244,Phillip Freeman
31245,Phillip Garcia
31246,Phillip Gonzalez
31247,Phillip Gray
31248,Phillip Green
31249,Phillip Hansen
31250,Phillip Harris
31251,Phillip Hoffman
31252,Phillip Huff
31253,Phillip Hunt
31254,Phillip Kaiser
31255,Phillip Klein
31256,Phillip Levine
31257,Phillip Logan
31258,Phillip Lopez
31259,Phillip Marsh
31260,Phillip Massey
31261,Phillip Mejia
31262,Phillip Morris
31263,Phillip Newman
31264,Phillip Ochoa
31265,Phillip Ortega
31266,Phillip Page
31267,Phillip Parsons
31268,Phillip Patterson
31269,Phillip Perry
31270,Phillip Reed
31271,Phillip Reed Jr.
31272,Phillip Sanders
31273,Phillip Shepherd
31274,Phillip Smith
31275,Phillip Stewart
31276,Phillip Turner
31277,Phillip Wagner
31278,Phillip Ward
31279,Phillip Williams
31280,Phyllis Duncan
31281,Phyllis Fletcher
31282,Phyllis Gomez
31283,Phyllis Kelly Phd
31284,Phyllis Lee
31285,Phyllis Miller
31286,Phyllis Nguyen
31287,Phyllis Owens
31288,Phyllis Phillips
31289,Phyllis Shaw
31290,Phyllis Ward
31291,Preston Cruz Md
31292,Preston Hernandez
31293,Preston Lewis
31294,Preston Lopez
31295,Preston Mann
31296,Preston Mercer
31297,Preston Moran
31298,Preston Nunez
31299,Preston Werner
31300,Priscilla Bates
31301,Priscilla Chase
31302,Priscilla Cooper
31303,Priscilla Norris
31304,Priscilla Ryan
31305,Priscilla Sweeney
31306,Priscilla Todd
31307,Priscilla Washington
31308,Priscilla Williams
31309,Priscilla Wilson
31310,Rachael Anderson Phd
31311,Rachael Bennett
31312,Rachael Boyd
31313,Rachael Coleman
31314,Rachael Cook
31315,Rachael Cummings
31316,Rachael Fields
31317,Rachael Garcia
31318,Rachael Gardner
31319,Rachael Glover
31320,Rachael Johnson
31321,Rachael Lee
31322,Rachael Lopez
31323,Rachael Martinez
31324,Rachael Mcdonald
31325,Rachael Odonnell
31326,Rachael Sanders
31327,Rachael Scott
31328,Rachael Weiss
31329,Rachael Wheeler
31330,Rachel Aguilar
31331,Rachel Aguirre
31332,Rachel Alexander Phd
31333,Rachel Allen
31334,Rachel Andersen
31335,Rachel Baker
31336,Rachel Barker
31337,Rachel Beard Md
31338,Rachel Bennett
31339,Rachel Berry
31340,Rachel Brennan
31341,Rachel Brooks
31342,Rachel Brown
31343,Rachel Bryant Md
31344,Rachel Butler
31345,Rachel Cain
31346,Rachel Campbell
31347,Rachel Carter
31348,Rachel Cherry
31349,Rachel Clark
31350,Rachel Clark Md
31351,Rachel Clements
31352,Rachel Coleman
31353,Rachel Cook
31354,Rachel Cunningham
31355,Rachel Daniel
31356,Rachel Davis
31357,Rachel Dixon
31358,Rachel Donovan
31359,Rachel Duncan
31360,Rachel Duran
31361,Rachel Erickson
31362,Rachel Estes
31363,Rachel Fisher
31364,Rachel Flores
31365,Rachel Foster
31366,Rachel Frank
31367,Rachel Frye
31368,Rachel Gaines
31369,Rachel Garcia
31370,Rachel Garner
31371,Rachel Gibson
31372,Rachel Gomez
31373,Rachel Gonzalez
31374,Rachel Goodman
31375,Rachel Green
31376,Rachel Griffin
31377,Rachel Grimes
31378,Rachel Hall
31379,Rachel Harris
31380,Rachel Hayden
31381,Rachel Hebert
31382,Rachel Higgins
31383,Rachel Hines
31384,Rachel Hoffman
31385,Rachel Horn
31386,Rachel House
31387,Rachel Huber
31388,Rachel Huynh
31389,Rachel Ingram
31390,Rachel Jackson
31391,Rachel Johns
31392,Rachel Johnson
31393,Rachel Johnson Dvm
31394,Rachel Johnston
31395,Rachel Jones
31396,Rachel King
31397,Rachel Lee
31398,Rachel Leonard
31399,Rachel Lewis
31400,Rachel Lopez
31401,Rachel Love
31402,Rachel Lutz
31403,Rachel Martin
31404,Rachel Martinez
31405,Rachel Mathews
31406,Rachel May
31407,Rachel Mcbride
31408,Rachel Mcdaniel
31409,Rachel Mcdonald
31410,Rachel Mcintyre
31411,Rachel Mendez
31412,Rachel Merritt
31413,Rachel Miles
31414,Rachel Miller
31415,Rachel Miranda
31416,Rachel Mitchell
31417,Rachel Moody
31418,Rachel Moore
31419,Rachel Morse
31420,Rachel Moyer
31421,Rachel Murphy
31422,Rachel Nguyen
31423,Rachel Norris
31424,Rachel Obrien
31425,Rachel Orr
31426,Rachel Owens
31427,Rachel Pacheco
31428,Rachel Padilla
31429,Rachel Parrish
31430,Rachel Patrick
31431,Rachel Payne
31432,Rachel Peck
31433,Rachel Perez
31434,Rachel Perry
31435,Rachel Petersen
31436,Rachel Phillips
31437,Rachel Potter
31438,Rachel Price
31439,Rachel Quinn
31440,Rachel Ramirez
31441,Rachel Rangel
31442,Rachel Reed
31443,Rachel Riley
31444,Rachel Rios
31445,Rachel Rivera
31446,Rachel Robinson
31447,Rachel Rogers
31448,Rachel Romero
31449,Rachel Rose
31450,Rachel Russell
31451,Rachel Salazar
31452,Rachel Santos
31453,Rachel Scott
31454,Rachel Shaw
31455,Rachel Simmons
31456,Rachel Smith
31457,Rachel Sparks
31458,Rachel Stewart
31459,Rachel Sullivan
31460,Rachel Sweeney
31461,Rachel Taylor
31462,Rachel Thomas
31463,Rachel Tucker
31464,Rachel Underwood
31465,Rachel Vasquez
31466,Rachel Wallace
31467,Rachel Walsh
31468,Rachel Walters
31469,Rachel Wells
31470,Rachel White
31471,Rachel Williams
31472,Rachel Williams Dvm
31473,Rachel Williamson
31474,Rachel Wilson
31475,Rachel Wu
31476,Ralph Anderson
31477,Ralph Barber
31478,Ralph Craig
31479,Ralph Glass
31480,Ralph Hunter
31481,Ralph Joseph
31482,Ralph Krueger
31483,Ralph Lee
31484,Ralph Lopez
31485,Ralph Martinez
31486,Ralph Peterson
31487,Ralph Phillips
31488,Ralph Ponce
31489,Ralph Potts
31490,Ralph Sanchez
31491,Ralph Schneider
31492,Randall Armstrong
31493,Randall Barber
31494,Randall Chen
31495,Randall Cohen
31496,Randall Cox
31497,Randall Ellis
31498,Randall Fields
31499,Randall Garcia
31500,Randall Golden
31501,Randall Harris
31502,Randall Howe
31503,Randall Johnson
31504,Randall Kelly
31505,Randall Liu
31506,Randall Martinez
31507,Randall Miles
31508,Randall Miller
31509,Randall Moore
31510,Randall Murphy
31511,Randall Palmer
31512,Randall Pearson
31513,Randall Peterson
31514,Randall Powers
31515,Randall Rodriguez
31516,Randall Rojas
31517,Randall Simpson
31518,Randall Torres
31519,Randall Wagner
31520,Randall Weber
31521,Randall Wells
31522,Randall Williams
31523,Randall Wilson
31524,Randy Alexander
31525,Randy Andrews
31526,Randy Baker
31527,Randy Barrett
31528,Randy Bell
31529,Randy Berger
31530,Randy Bernard
31531,Randy Booth
31532,Randy Bowen
31533,Randy Bridges
31534,Randy Cardenas
31535,Randy Chan
31536,Randy Daniel
31537,Randy Davis
31538,Randy Dunn
31539,Randy Dyer
31540,Randy Fletcher
31541,Randy Ford
31542,Randy Foster
31543,Randy Garcia
31544,Randy Garrett
31545,Randy Gibbs
31546,Randy Gilbert
31547,Randy Gomez
31548,Randy Gonzalez
31549,Randy Graham
31550,Randy Harper
31551,Randy Harris
31552,Randy Hawkins
31553,Randy Howell
31554,Randy Huerta
31555,Randy Jackson
31556,Randy Johnson
31557,Randy Jordan
31558,Randy Kelly
31559,Randy Larson
31560,Randy Livingston
31561,Randy Lyons
31562,Randy Martinez
31563,Randy Montgomery
31564,Randy Morales
31565,Randy Munoz
31566,Randy Nguyen
31567,Randy Ortiz
31568,Randy Perez
31569,Randy Pierce
31570,Randy Ramirez
31571,Randy Reed
31572,Randy Reeves
31573,Randy Richard
31574,Randy Robinson
31575,Randy Sanchez
31576,Randy Sexton
31577,Randy Shea
31578,Randy Sims
31579,Randy Smith
31580,Randy Stephenson
31581,Randy Vargas
31582,Randy Walsh Md
31583,Randy Weiss
31584,Randy Wheeler
31585,Randy Wilkinson
31586,Randy Williams
31587,Randy Wilson
31588,Randy Wright
31589,Randy Zimmerman
31590,Raven Campbell
31591,Raven Carroll
31592,Raven Cole
31593,Raven Cortez
31594,Raven Farley
31595,Raven Frazier
31596,Raven Green
31597,Raven Johnson
31598,Raven Lewis
31599,Raven Martinez
31600,Raven Mendoza
31601,Raven Parker
31602,Raven Phillips
31603,Raven Smith
31604,Raven Spencer
31605,Raven Turner
31606,Raven Wong
31607,Ray Casey
31608,Ray Curtis
31609,Ray Fuller
31610,Ray Henry
31611,Ray Huffman
31612,Ray Koch
31613,Ray Ruiz
31614,Ray Serrano
31615,Raymond Aguilar
31616,Raymond Bell
31617,Raymond Black
31618,Raymond Bowen
31619,Raymond Browning
31620,Raymond Butler
31621,Raymond Carpenter
31622,Raymond Carter
31623,Raymond Choi
31624,Raymond Cox
31625,Raymond Davenport
31626,Raymond Davis
31627,Raymond Diaz
31628,Raymond Duncan
31629,Raymond Dyer
31630,Raymond Fernandez
31631,Raymond Finley
31632,Raymond Garcia
31633,Raymond Gentry
31634,Raymond Gibbs
31635,Raymond Gonzalez
31636,Raymond Graham
31637,Raymond Grant
31638,Raymond Hall
31639,Raymond Hall Md
31640,Raymond Harris
31641,Raymond Harvey
31642,Raymond Henry
31643,Raymond Hodges
31644,Raymond Hooper
31645,Raymond Hunt
31646,Raymond Jones
31647,Raymond Kelly
31648,Raymond Larson
31649,Raymond Lewis
31650,Raymond Madden
31651,Raymond May
31652,Raymond Mcintyre
31653,Raymond Mercer
31654,Raymond Miller
31655,Raymond Montgomery
31656,Raymond Murray
31657,Raymond Olsen
31658,Raymond Parsons
31659,Raymond Peck
31660,Raymond Pennington
31661,Raymond Pratt
31662,Raymond Rivas
31663,Raymond Roberts
31664,Raymond Robinson
31665,Raymond Rodriguez
31666,Raymond Sanchez
31667,Raymond Santiago
31668,Raymond Smith
31669,Raymond Thompson Phd
31670,Raymond Wagner
31671,Raymond Walter
31672,Raymond Watson
31673,Raymond Weiss
31674,Raymond Williams
31675,Raymond Wilson
31676,Raymond Wu
31677,Raymond Young
31678,Rebecca Abbott
31679,Rebecca Alexander
31680,Rebecca Allen
31681,Rebecca Alvarado
31682,Rebecca Anderson
31683,Rebecca Andrews
31684,Rebecca Atkins
31685,Rebecca Ayala
31686,Rebecca Bailey
31687,Rebecca Baker
31688,Rebecca Banks
31689,Rebecca Barnes
31690,Rebecca Bautista
31691,Rebecca Beck
31692,Rebecca Benitez
31693,Rebecca Bennett
31694,Rebecca Benton
31695,Rebecca Berry
31696,Rebecca Bowman
31697,Rebecca Braun
31698,Rebecca Brock
31699,Rebecca Brooks
31700,Rebecca Brown
31701,Rebecca Browning
31702,Rebecca Campbell
31703,Rebecca Carlson
31704,Rebecca Carroll
31705,Rebecca Carson
31706,Rebecca Carter
31707,Rebecca Castro Dds
31708,Rebecca Chan
31709,Rebecca Clark
31710,Rebecca Cole
31711,Rebecca Cook
31712,Rebecca Cook Dds
31713,Rebecca Cooper
31714,Rebecca Cox
31715,Rebecca Cross
31716,Rebecca Curtis
31717,Rebecca Davis
31718,Rebecca Dawson
31719,Rebecca Dickerson
31720,Rebecca Dillon
31721,Rebecca Dominguez
31722,Rebecca Dougherty
31723,Rebecca Douglas
31724,Rebecca Dudley
31725,Rebecca Duncan
31726,Rebecca Dyer
31727,Rebecca Evans
31728,Rebecca Fields
31729,Rebecca Foster
31730,Rebecca Fox
31731,Rebecca Frazier
31732,Rebecca Gallagher
31733,Rebecca Garcia
31734,Rebecca Garrett
31735,Rebecca Garza
31736,Rebecca George
31737,Rebecca Glover
31738,Rebecca Golden
31739,Rebecca Gonzalez
31740,Rebecca Green
31741,Rebecca Greene
31742,Rebecca Gregory
31743,Rebecca Gutierrez
31744,Rebecca Hale
31745,Rebecca Harper
31746,Rebecca Harris
31747,Rebecca Hartman
31748,Rebecca Hawkins
31749,Rebecca Henderson
31750,Rebecca Herring
31751,Rebecca Hodges
31752,Rebecca Holt
31753,Rebecca Horton
31754,Rebecca Houston Dds
31755,Rebecca Hudson
31756,Rebecca Huff Md
31757,Rebecca Huffman
31758,Rebecca Jackson
31759,Rebecca James
31760,Rebecca Jensen
31761,Rebecca Jimenez
31762,Rebecca Johnson
31763,Rebecca Johnston
31764,Rebecca Jones
31765,Rebecca King
31766,Rebecca Kline
31767,Rebecca Knight
31768,Rebecca Lambert
31769,Rebecca Lee
31770,Rebecca Lindsey
31771,Rebecca Little Md
31772,Rebecca Lopez
31773,Rebecca Lynch
31774,Rebecca Mack
31775,Rebecca Maddox
31776,Rebecca Martin
31777,Rebecca Martinez
31778,Rebecca Mason
31779,Rebecca Massey
31780,Rebecca Mcdonald
31781,Rebecca Mcintosh
31782,Rebecca Mcintyre
31783,Rebecca Medina
31784,Rebecca Miller
31785,Rebecca Montgomery
31786,Rebecca Moore
31787,Rebecca Morales
31788,Rebecca Morgan
31789,Rebecca Morris
31790,Rebecca Mullen
31791,Rebecca Nelson
31792,Rebecca Nguyen
31793,Rebecca Nichols
31794,Rebecca Oconnor
31795,Rebecca Oneill
31796,Rebecca Patrick
31797,Rebecca Patterson
31798,Rebecca Peck
31799,Rebecca Pineda
31800,Rebecca Pollard Md
31801,Rebecca Potter
31802,Rebecca Ramos
31803,Rebecca Ramsey
31804,Rebecca Raymond
31805,Rebecca Reed
31806,Rebecca Reyes
31807,Rebecca Reynolds
31808,Rebecca Richardson
31809,Rebecca Robbins
31810,Rebecca Roberson
31811,Rebecca Roberts
31812,Rebecca Robinson
31813,Rebecca Rodriguez
31814,Rebecca Romero
31815,Rebecca Ruiz
31816,Rebecca Ryan
31817,Rebecca Ryan Md
31818,Rebecca Salinas
31819,Rebecca Sanchez
31820,Rebecca Sanders
31821,Rebecca Sandoval
31822,Rebecca Schneider
31823,Rebecca Schultz Md
31824,Rebecca Schwartz
31825,Rebecca Simmons
31826,Rebecca Smith
31827,Rebecca Smith Dvm
31828,Rebecca Sparks
31829,Rebecca Stephens
31830,Rebecca Stevens
31831,Rebecca Tapia
31832,Rebecca Tate
31833,Rebecca Terrell
31834,Rebecca Thomas
31835,Rebecca Thompson
31836,Rebecca Thornton
31837,Rebecca Torres
31838,Rebecca Trevino
31839,Rebecca Tyler
31840,Rebecca Walker
31841,Rebecca Ward
31842,Rebecca Warren
31843,Rebecca West
31844,Rebecca Whitaker
31845,Rebecca White
31846,Rebecca Williams
31847,Rebecca Williamson
31848,Rebecca Willis Dvm
31849,Rebecca Wilson
31850,Rebecca Wolfe
31851,Rebecca Woodard
31852,Rebecca Wright
31853,Rebecca Wu
31854,Rebecca Wyatt
31855,Rebecca Young
31856,Rebekah Avila
31857,Rebekah Baker
31858,Rebekah Barry
31859,Rebekah Bird
31860,Rebekah Cruz
31861,Rebekah Garcia
31862,Rebekah Gomez
31863,Rebekah Hartman
31864,Rebekah Hill
31865,Rebekah Holder
31866,Rebekah Howard
31867,Rebekah Jackson
31868,Rebekah James
31869,Rebekah King
31870,Rebekah Kline
31871,Rebekah Mcdonald
31872,Rebekah Peterson
31873,Rebekah Prince
31874,Rebekah Robinson
31875,Rebekah Russell
31876,Rebekah Schmidt
31877,Rebekah Torres
31878,Rebekah Wagner
31879,Regina Anderson
31880,Regina Armstrong
31881,Regina Bean
31882,Regina Bowers
31883,Regina Bryant
31884,Regina Cameron
31885,Regina Carter
31886,Regina Cherry
31887,Regina Clark
31888,Regina Collins Md
31889,Regina Cummings
31890,Regina Davis
31891,Regina Donaldson
31892,Regina Fields
31893,Regina Foster
31894,Regina Gardner
31895,Regina Gentry
31896,Regina Glass
31897,Regina Greene
31898,Regina Harper
31899,Regina Hines Md
31900,Regina Jacobs
31901,Regina Johnson Md
31902,Regina Macdonald
31903,Regina Miranda
31904,Regina Navarro
31905,Regina Nguyen
31906,Regina Perry
31907,Regina Quinn
31908,Regina Ramirez
31909,Regina Reilly
31910,Regina Schultz
31911,Regina Smith
31912,Regina Taylor
31913,Regina Todd
31914,Regina Wilkins
31915,Regina Wolfe
31916,Regina Wright
31917,Reginald Abbott
31918,Reginald Alexander
31919,Reginald Allen
31920,Reginald Anderson
31921,Reginald Baker
31922,Reginald Becker
31923,Reginald Campbell
31924,Reginald Carpenter
31925,Reginald Collins
31926,Reginald Erickson
31927,Reginald Fleming
31928,Reginald Grimes
31929,Reginald Harrison
31930,Reginald Jackson
31931,Reginald Jimenez
31932,Reginald Jones
31933,Reginald Martinez
31934,Reginald Mccarthy
31935,Reginald Mckinney
31936,Reginald Nelson
31937,Reginald Roberts
31938,Reginald Taylor
31939,Reginald Williams
31940,Renee Barrera
31941,Renee Black
31942,Renee Brock
31943,Renee Brown
31944,Renee Cardenas
31945,Renee Carroll
31946,Renee Carter
31947,Renee Cervantes
31948,Renee Chambers
31949,Renee Clark
31950,Renee Collins
31951,Renee Cooper
31952,Renee Davidson
31953,Renee Davis
31954,Renee Elliott
31955,Renee Fernandez
31956,Renee Flynn
31957,Renee Gregory
31958,Renee Guzman
31959,Renee Hamilton
31960,Renee Hammond
31961,Renee Hanson
31962,Renee Ho
31963,Renee Hughes
31964,Renee James
31965,Renee Martin
31966,Renee Maynard
31967,Renee Meadows
31968,Renee Miles
31969,Renee Miller
31970,Renee Moore
31971,Renee Nelson
31972,Renee Nichols
31973,Renee Odom
31974,Renee Patterson
31975,Renee Patton
31976,Renee Peterson
31977,Renee Reed
31978,Renee Richardson
31979,Renee Richmond
31980,Renee Rogers
31981,Renee Sanchez
31982,Renee Scott Dds
31983,Renee Shea
31984,Renee Sloan
31985,Renee Smith
31986,Renee Snyder
31987,Renee Terry
31988,Renee Todd
31989,Renee Torres
31990,Renee Walker
31991,Renee Weiss
31992,Renee Wells
31993,Renee Wilson
31994,Renee Winters
31995,Renee Zuniga
31996,Rhonda Acosta
31997,Rhonda Adams
31998,Rhonda Adkins
31999,Rhonda Andrews
32000,Rhonda Bailey
32001,Rhonda Ball
32002,Rhonda Bender
32003,Rhonda Black
32004,Rhonda Blake
32005,Rhonda Cain
32006,Rhonda Callahan
32007,Rhonda Campbell
32008,Rhonda Campos
32009,Rhonda Castro
32010,Rhonda Combs
32011,Rhonda Contreras
32012,Rhonda Daniels
32013,Rhonda Davis Dvm
32014,Rhonda Dennis
32015,Rhonda Ford
32016,Rhonda Franklin
32017,Rhonda Gilbert
32018,Rhonda Graham
32019,Rhonda Green
32020,Rhonda Grimes
32021,Rhonda Hall
32022,Rhonda Hernandez
32023,Rhonda Hunter
32024,Rhonda Jackson
32025,Rhonda James
32026,Rhonda Jennings
32027,Rhonda Jones
32028,Rhonda Joseph
32029,Rhonda Lawrence
32030,Rhonda Lee
32031,Rhonda Lopez
32032,Rhonda Lucas
32033,Rhonda Mann
32034,Rhonda Marquez
32035,Rhonda Martinez
32036,Rhonda Mata Md
32037,Rhonda Mayo
32038,Rhonda Mcbride
32039,Rhonda Mcdaniel
32040,Rhonda Meadows
32041,Rhonda Meyer
32042,Rhonda Miller
32043,Rhonda Moore
32044,Rhonda Moss
32045,Rhonda Munoz
32046,Rhonda Nichols
32047,Rhonda Page
32048,Rhonda Perez
32049,Rhonda Reese
32050,Rhonda Reeves
32051,Rhonda Roberts
32052,Rhonda Rodriguez
32053,Rhonda Ross Md
32054,Rhonda Roth
32055,Rhonda Simon
32056,Rhonda Smith
32057,Rhonda Tucker
32058,Rhonda Turner
32059,Rhonda Vasquez
32060,Rhonda Warren
32061,Rhonda Watson
32062,Rhonda Williams
32063,Rhonda Wilson
32064,Rhonda Wright
32065,Rhonda Zuniga
32066,Ricardo Baker
32067,Ricardo Bishop
32068,Ricardo Bradshaw
32069,Ricardo Brewer
32070,Ricardo Bush
32071,Ricardo Cruz
32072,Ricardo Davis
32073,Ricardo Day
32074,Ricardo Hill
32075,Ricardo Hughes
32076,Ricardo Johnson
32077,Ricardo Love
32078,Ricardo Martin
32079,Ricardo Martinez
32080,Ricardo Mitchell
32081,Ricardo Peck
32082,Ricardo Perez
32083,Ricardo Rogers
32084,Ricardo Smith
32085,Ricardo Thompson
32086,Ricardo Trevino
32087,Ricardo Watson
32088,Ricardo Wright
32089,Richard Adams
32090,Richard Allen
32091,Richard Anderson
32092,Richard Andrews
32093,Richard Arias
32094,Richard Arnold
32095,Richard Austin
32096,Richard Avery
32097,Richard Ayala
32098,Richard Ayers
32099,Richard Bailey
32100,Richard Baird
32101,Richard Baker
32102,Richard Barnes
32103,Richard Barnett
32104,Richard Bates
32105,Richard Bell Dds
32106,Richard Bennett
32107,Richard Benson
32108,Richard Bolton
32109,Richard Booker
32110,Richard Boyd
32111,Richard Boyle
32112,Richard Bradshaw
32113,Richard Brewer
32114,Richard Brown
32115,Richard Bryant
32116,Richard Buchanan
32117,Richard Burch
32118,Richard Camacho
32119,Richard Campbell
32120,Richard Campos
32121,Richard Carney
32122,Richard Carter
32123,Richard Castaneda
32124,Richard Castro
32125,Richard Cole
32126,Richard Coleman
32127,Richard Collins
32128,Richard Cortez
32129,Richard Craig
32130,Richard Cross
32131,Richard Cruz
32132,Richard Cummings
32133,Richard Curry
32134,Richard Davenport
32135,Richard Davidson
32136,Richard Davila
32137,Richard Davis
32138,Richard Dawson
32139,Richard Day
32140,Richard Delgado
32141,Richard Donaldson
32142,Richard Doyle
32143,Richard Duffy
32144,Richard Duran
32145,Richard Durham
32146,Richard Dyer
32147,Richard Edwards
32148,Richard Elliott
32149,Richard Fernandez
32150,Richard Finley
32151,Richard Fischer
32152,Richard Flores
32153,Richard Ford
32154,Richard Foster
32155,Richard Fox
32156,Richard Francis
32157,Richard Franco
32158,Richard Franklin
32159,Richard Frazier
32160,Richard Garcia
32161,Richard Garner
32162,Richard George
32163,Richard Gibbs
32164,Richard Gibson
32165,Richard Gomez
32166,Richard Gonzalez
32167,Richard Gould
32168,Richard Graham
32169,Richard Grant
32170,Richard Greene
32171,Richard Griffin
32172,Richard Guerrero
32173,Richard Gutierrez
32174,Richard Guzman
32175,Richard Haley
32176,Richard Hammond
32177,Richard Hansen
32178,Richard Hanson
32179,Richard Harmon
32180,Richard Harper
32181,Richard Harrell
32182,Richard Harris
32183,Richard Harrison
32184,Richard Hart
32185,Richard Hayes
32186,Richard Hebert
32187,Richard Henderson
32188,Richard Henry
32189,Richard Hernandez
32190,Richard Hernandez Ii
32191,Richard Herrera
32192,Richard Hickman
32193,Richard Hicks
32194,Richard Hill
32195,Richard Hodges
32196,Richard Holland
32197,Richard Hooper
32198,Richard Hopkins
32199,Richard Howell
32200,Richard Huffman
32201,Richard Hunt
32202,Richard Ingram
32203,Richard Jenkins
32204,Richard Jennings
32205,Richard Johnson
32206,Richard Johnston
32207,Richard Jones
32208,Richard Juarez
32209,Richard Keith
32210,Richard Kennedy
32211,Richard King
32212,Richard Knight
32213,Richard Lawrence
32214,Richard Lee
32215,Richard Lewis
32216,Richard Lopez
32217,Richard Love
32218,Richard Marshall
32219,Richard Martin
32220,Richard Martinez
32221,Richard Matthews
32222,Richard Mccall
32223,Richard Mccann
32224,Richard Mcgee
32225,Richard Mcguire
32226,Richard Mcknight
32227,Richard Mclean
32228,Richard Mejia
32229,Richard Mendoza
32230,Richard Meyer
32231,Richard Miller
32232,Richard Miranda
32233,Richard Mitchell
32234,Richard Molina
32235,Richard Montgomery
32236,Richard Montoya
32237,Richard Moore
32238,Richard Morales
32239,Richard Moreno
32240,Richard Morrow
32241,Richard Moss
32242,Richard Mullins
32243,Richard Murphy
32244,Richard Neal
32245,Richard Nelson
32246,Richard Nelson Ii
32247,Richard Newton
32248,Richard Nguyen
32249,Richard Nichols
32250,Richard Nixon
32251,Richard Noble
32252,Richard Nunez
32253,Richard Oconnor
32254,Richard Oliver
32255,Richard Palmer
32256,Richard Parsons
32257,Richard Paul
32258,Richard Peck
32259,Richard Perez
32260,Richard Perkins
32261,Richard Peters
32262,Richard Petty
32263,Richard Phelps
32264,Richard Pierce
32265,Richard Porter
32266,Richard Pratt
32267,Richard Price
32268,Richard Ramirez
32269,Richard Reyes
32270,Richard Richard
32271,Richard Riley
32272,Richard Rios
32273,Richard Ritter
32274,Richard Roberts
32275,Richard Robertson
32276,Richard Rodgers
32277,Richard Rodriguez
32278,Richard Rogers
32279,Richard Romero
32280,Richard Rose
32281,Richard Ross
32282,Richard Roth
32283,Richard Rubio
32284,Richard Ruiz
32285,Richard Russell
32286,Richard Ryan
32287,Richard Sanchez
32288,Richard Saunders
32289,Richard Schaefer Jr.
32290,Richard Schneider
32291,Richard Schroeder
32292,Richard Sharp
32293,Richard Shaw
32294,Richard Simmons
32295,Richard Simpson
32296,Richard Singh
32297,Richard Skinner
32298,Richard Sloan
32299,Richard Smith
32300,Richard Smith Md
32301,Richard Spencer
32302,Richard Stanley
32303,Richard Stevens
32304,Richard Stewart
32305,Richard Stokes
32306,Richard Sullivan
32307,Richard Summers
32308,Richard Taylor
32309,Richard Thomas
32310,Richard Thompson
32311,Richard Todd
32312,Richard Torres
32313,Richard Tucker
32314,Richard Turner
32315,Richard Vargas
32316,Richard Vazquez
32317,Richard Vincent
32318,Richard Wagner
32319,Richard Walker
32320,Richard Wallace
32321,Richard Walters
32322,Richard Ward
32323,Richard Watts
32324,Richard Webb
32325,Richard Webster
32326,Richard Weeks
32327,Richard Welch
32328,Richard Wells
32329,Richard West
32330,Richard Whitaker
32331,Richard White
32332,Richard Wilcox
32333,Richard Wilkins
32334,Richard Williams
32335,Richard Wilson
32336,Richard Wilson Dds
32337,Richard Wood
32338,Richard Woods
32339,Richard Wright
32340,Richard Yang
32341,Richard Zuniga
32342,Rick Acevedo
32343,Rick Beck
32344,Rick Burns
32345,Rick Caldwell
32346,Rick Hall
32347,Rick Hanson
32348,Rick Hill
32349,Rick Pacheco
32350,Rick Peck
32351,Rick Russell
32352,Rick Ward
32353,Rickey Burgess
32354,Rickey Graham
32355,Rickey Lopez
32356,Rickey Reed
32357,Ricky Anderson
32358,Ricky Baker
32359,Ricky Barker
32360,Ricky Barnett
32361,Ricky Barrett
32362,Ricky Bryant
32363,Ricky Campbell
32364,Ricky Carpenter
32365,Ricky Castillo
32366,Ricky Clark
32367,Ricky Cole
32368,Ricky Contreras
32369,Ricky Cowan Phd
32370,Ricky Davis
32371,Ricky Flynn
32372,Ricky Foster
32373,Ricky Gardner
32374,Ricky Gonzalez
32375,Ricky Harmon
32376,Ricky Holmes
32377,Ricky Holt
32378,Ricky Jones
32379,Ricky Kelly
32380,Ricky Kim
32381,Ricky King
32382,Ricky Lewis
32383,Ricky Marquez
32384,Ricky Matthews
32385,Ricky Mccormick
32386,Ricky Morton
32387,Ricky Mosley
32388,Ricky Nguyen
32389,Ricky Norris
32390,Ricky Ortiz
32391,Ricky Patel
32392,Ricky Phillips
32393,Ricky Ramirez
32394,Ricky Romero
32395,Ricky Rowland
32396,Ricky Smith
32397,Ricky Taylor
32398,Ricky Terry
32399,Ricky Tran
32400,Ricky Underwood
32401,Ricky Velasquez
32402,Ricky Wagner
32403,Ricky Wall
32404,Ricky Williams
32405,Ricky Wilson
32406,Riley Craig
32407,Riley Decker
32408,Riley Jones
32409,Riley Kerr
32410,Riley Oconnell
32411,Riley Simmons
32412,Riley Townsend
32413,Riley Williams
32414,Rita Adams
32415,Rita Arias
32416,Rita Bailey
32417,Rita Baker
32418,Rita Bell
32419,Rita Brown
32420,Rita Daniel
32421,Rita Davis
32422,Rita Gonzalez
32423,Rita Jordan
32424,Rita Kemp
32425,Rita King
32426,Rita Medina
32427,Rita Melendez
32428,Rita Rivera
32429,Rita Rojas Dds
32430,Rita Sandoval
32431,Rita Williams
32432,Robert Abbott
32433,Robert Adams
32434,Robert Adams Md
32435,Robert Aguilar
32436,Robert Alexander
32437,Robert Alexander Md
32438,Robert Allen
32439,Robert Alvarado
32440,Robert Anderson
32441,Robert Andrade
32442,Robert Arellano
32443,Robert Armstrong
32444,Robert Arroyo
32445,Robert Ashley
32446,Robert Austin
32447,Robert Ayala
32448,Robert Bailey
32449,Robert Baker
32450,Robert Baldwin
32451,Robert Ball
32452,Robert Ballard
32453,Robert Banks
32454,Robert Barrera
32455,Robert Barrett
32456,Robert Bauer
32457,Robert Beard
32458,Robert Beck
32459,Robert Bell
32460,Robert Beltran
32461,Robert Bentley
32462,Robert Berg
32463,Robert Berry
32464,Robert Blake
32465,Robert Blankenship
32466,Robert Bonilla
32467,Robert Boone
32468,Robert Bowen
32469,Robert Bowman
32470,Robert Boyd
32471,Robert Boyer
32472,Robert Bradford
32473,Robert Bradley
32474,Robert Brady
32475,Robert Brennan
32476,Robert Brewer
32477,Robert Bright
32478,Robert Brooks
32479,Robert Brown
32480,Robert Bryant
32481,Robert Buchanan
32482,Robert Burke
32483,Robert Burns
32484,Robert Butler
32485,Robert Cabrera
32486,Robert Caldwell
32487,Robert Cardenas
32488,Robert Carlson
32489,Robert Carpenter
32490,Robert Carson
32491,Robert Carter
32492,Robert Casey
32493,Robert Casey Md
32494,Robert Castillo
32495,Robert Castro
32496,Robert Chapman
32497,Robert Chavez
32498,Robert Chen
32499,Robert Cherry
32500,Robert Christian
32501,Robert Clark
32502,Robert Clarke
32503,Robert Clements
32504,Robert Cohen
32505,Robert Cole
32506,Robert Coleman
32507,Robert Collins
32508,Robert Colon
32509,Robert Conley
32510,Robert Conrad
32511,Robert Cook
32512,Robert Cooper
32513,Robert Cox
32514,Robert Craig
32515,Robert Crosby
32516,Robert Cruz
32517,Robert Cummings
32518,Robert Cunningham
32519,Robert Curry
32520,Robert Daniels Iii
32521,Robert Davis
32522,Robert Day
32523,Robert Dean
32524,Robert Decker
32525,Robert Delacruz
32526,Robert Dennis
32527,Robert Diaz
32528,Robert Dickson
32529,Robert Dodson
32530,Robert Douglas
32531,Robert Duarte
32532,Robert Duffy
32533,Robert Duncan
32534,Robert Edwards
32535,Robert Ellis
32536,Robert Ellison
32537,Robert Esparza
32538,Robert Evans
32539,Robert Farley
32540,Robert Fernandez
32541,Robert Ferrell
32542,Robert Finley
32543,Robert Fisher
32544,Robert Fleming
32545,Robert Flores
32546,Robert Flynn
32547,Robert Ford
32548,Robert Foster
32549,Robert Fox
32550,Robert Francis
32551,Robert Frank
32552,Robert Franklin
32553,Robert Fuentes
32554,Robert Fuller
32555,Robert Garcia
32556,Robert Gardner
32557,Robert Garrett
32558,Robert Garza
32559,Robert Gentry
32560,Robert Gibbs
32561,Robert Gilbert
32562,Robert Gill
32563,Robert Glover
32564,Robert Gomez
32565,Robert Gonzales
32566,Robert Gonzalez
32567,Robert Gray
32568,Robert Gregory
32569,Robert Griffin
32570,Robert Guerra
32571,Robert Guerrero
32572,Robert Guzman
32573,Robert Hale
32574,Robert Hall
32575,Robert Hammond
32576,Robert Hampton
32577,Robert Hancock
32578,Robert Haney
32579,Robert Harmon
32580,Robert Harrington
32581,Robert Harris
32582,Robert Harris Dds
32583,Robert Harrison
32584,Robert Hartman
32585,Robert Harvey
32586,Robert Hawkins
32587,Robert Hayes
32588,Robert Hays
32589,Robert Heath
32590,Robert Hebert
32591,Robert Hendrix
32592,Robert Henry
32593,Robert Hernandez
32594,Robert Herrera
32595,Robert Herring
32596,Robert Hester
32597,Robert Higgins
32598,Robert Hill
32599,Robert Hobbs
32600,Robert Hogan
32601,Robert Holloway
32602,Robert Holt
32603,Robert Hoover
32604,Robert Hopkins
32605,Robert Horn
32606,Robert House
32607,Robert Houston
32608,Robert Howard
32609,Robert Howell
32610,Robert Hubbard
32611,Robert Huff
32612,Robert Huffman
32613,Robert Hunt
32614,Robert Hunter
32615,Robert Jackson
32616,Robert James
32617,Robert Jenkins
32618,Robert Jensen
32619,Robert Jimenez
32620,Robert Johnson
32621,Robert Johnston
32622,Robert Jones
32623,Robert Jordan
32624,Robert Kaiser
32625,Robert Keith
32626,Robert Keller
32627,Robert Kelly
32628,Robert Kent
32629,Robert Kerr
32630,Robert King
32631,Robert Kline
32632,Robert Lam
32633,Robert Lane
32634,Robert Lang
32635,Robert Lara
32636,Robert Larsen
32637,Robert Lawrence
32638,Robert Le
32639,Robert Lee
32640,Robert Leonard
32641,Robert Lester
32642,Robert Levine
32643,Robert Lewis
32644,Robert Lindsey
32645,Robert Little
32646,Robert Lopez
32647,Robert Love
32648,Robert Lowe
32649,Robert Lucero
32650,Robert Lynch
32651,Robert Lyons
32652,Robert Macias
32653,Robert Mack
32654,Robert Mahoney
32655,Robert Maldonado
32656,Robert Manning
32657,Robert Marquez
32658,Robert Martin
32659,Robert Martinez
32660,Robert Mata
32661,Robert May
32662,Robert Mccall
32663,Robert Mccarty
32664,Robert Mcclain
32665,Robert Mccullough
32666,Robert Mcdaniel
32667,Robert Mcdonald
32668,Robert Mcdowell
32669,Robert Mcfarland
32670,Robert Mclaughlin
32671,Robert Medina
32672,Robert Mendez
32673,Robert Mendoza
32674,Robert Merritt
32675,Robert Meyers
32676,Robert Meza
32677,Robert Miller
32678,Robert Miranda
32679,Robert Mitchell
32680,Robert Montgomery Md
32681,Robert Montoya
32682,Robert Moore
32683,Robert Mora
32684,Robert Morales
32685,Robert Moran
32686,Robert Morgan
32687,Robert Morris
32688,Robert Morrison
32689,Robert Morton
32690,Robert Murphy
32691,Robert Myers
32692,Robert Nash
32693,Robert Navarro Phd
32694,Robert Nelson
32695,Robert Nguyen
32696,Robert Nichols
32697,Robert Nielsen
32698,Robert Norman
32699,Robert Norris
32700,Robert Norton
32701,Robert Oconnell
32702,Robert Oliver
32703,Robert Olson
32704,Robert Orozco
32705,Robert Ortega
32706,Robert Ortiz
32707,Robert Owens
32708,Robert Page
32709,Robert Palmer
32710,Robert Parker
32711,Robert Parsons
32712,Robert Patel
32713,Robert Payne
32714,Robert Pena
32715,Robert Perkins
32716,Robert Petersen
32717,Robert Peterson
32718,Robert Phillips
32719,Robert Pierce
32720,Robert Ponce
32721,Robert Poole
32722,Robert Potter
32723,Robert Powell
32724,Robert Powers
32725,Robert Price
32726,Robert Proctor
32727,Robert Pugh
32728,Robert Quinn
32729,Robert Ramirez
32730,Robert Ray
32731,Robert Raymond
32732,Robert Reese
32733,Robert Reeves
32734,Robert Reynolds
32735,Robert Rhodes
32736,Robert Rios
32737,Robert Rivers
32738,Robert Roberson
32739,Robert Roberts
32740,Robert Robertson
32741,Robert Robinson
32742,Robert Rodriguez
32743,Robert Rogers
32744,Robert Romero
32745,Robert Rosales
32746,Robert Ross
32747,Robert Rowe
32748,Robert Rowland
32749,Robert Rubio
32750,Robert Ruiz
32751,Robert Rush
32752,Robert Salazar
32753,Robert Sanders
32754,Robert Santana
32755,Robert Santiago
32756,Robert Santos
32757,Robert Schneider
32758,Robert Scott
32759,Robert Scott Dds
32760,Robert Sexton
32761,Robert Sheppard
32762,Robert Short
32763,Robert Simmons
32764,Robert Simon
32765,Robert Simpson
32766,Robert Simpson Jr.
32767,Robert Sims
32768,Robert Smith
32769,Robert Soto
32770,Robert Spence
32771,Robert Stanton
32772,Robert Steele
32773,Robert Stein
32774,Robert Stevens
32775,Robert Stewart
32776,Robert Stout
32777,Robert Strickland
32778,Robert Sullivan
32779,Robert Summers
32780,Robert Taylor
32781,Robert Terry
32782,Robert Thomas
32783,Robert Thompson
32784,Robert Todd
32785,Robert Torres
32786,Robert Tran
32787,Robert Tucker
32788,Robert Turner
32789,Robert Tyler
32790,Robert Vasquez
32791,Robert Vaughn
32792,Robert Vega
32793,Robert Velazquez
32794,Robert Villanueva
32795,Robert Wagner
32796,Robert Walker
32797,Robert Wall
32798,Robert Waller
32799,Robert Walsh
32800,Robert Walters
32801,Robert Ward
32802,Robert Warner
32803,Robert Warren
32804,Robert Warren Ii
32805,Robert Washington
32806,Robert Watkins
32807,Robert Watson
32808,Robert Watts
32809,Robert Weaver
32810,Robert Weiss
32811,Robert Welch
32812,Robert Wells
32813,Robert West
32814,Robert Whitaker
32815,Robert White
32816,Robert Wilcox
32817,Robert Wilkerson
32818,Robert Wilkinson
32819,Robert Williams
32820,Robert Williamson
32821,Robert Wilson
32822,Robert Wolfe
32823,Robert Wood
32824,Robert Woodard
32825,Robert Woods
32826,Robert Wright
32827,Robert Wyatt
32828,Robert Young
32829,Robert Zavala
32830,Robert Zimmerman
32831,Roberta Bradshaw
32832,Roberta Carter
32833,Roberta Castillo
32834,Roberta Garcia
32835,Roberta Glass
32836,Roberta Johnson
32837,Roberta Lyons
32838,Roberta Osborne
32839,Roberta Rodriguez
32840,Roberta Scott
32841,Roberta Shaw
32842,Roberta Stewart
32843,Roberta Sutton
32844,Roberto Carlson
32845,Roberto Carson
32846,Roberto Clarke
32847,Roberto Curtis
32848,Roberto Dudley
32849,Roberto Elliott
32850,Roberto Franklin
32851,Roberto George
32852,Roberto Good
32853,Roberto Jenkins
32854,Roberto Madden
32855,Roberto Marsh
32856,Roberto Mitchell
32857,Roberto Norris
32858,Roberto Ortega
32859,Roberto Petersen
32860,Roberto Reid
32861,Roberto Schwartz
32862,Roberto Smith
32863,Roberto Snyder
32864,Roberto Vance Jr.
32865,Roberto Wade
32866,Roberto Wilson
32867,Robin Adams
32868,Robin Beck
32869,Robin Best
32870,Robin Boyer
32871,Robin Bradley
32872,Robin Bradshaw
32873,Robin Brewer
32874,Robin Brown
32875,Robin Burns
32876,Robin Carter
32877,Robin Chan
32878,Robin Chavez
32879,Robin Clark
32880,Robin Cochran
32881,Robin Colon
32882,Robin Cook
32883,Robin Cortez
32884,Robin Cross
32885,Robin Cruz
32886,Robin Davis
32887,Robin Esparza
32888,Robin Espinoza
32889,Robin Farley
32890,Robin Farmer
32891,Robin Flores
32892,Robin Gordon
32893,Robin Graham
32894,Robin Green Md
32895,Robin Hill
32896,Robin Holmes
32897,Robin Hopkins
32898,Robin House
32899,Robin Howell
32900,Robin Ingram
32901,Robin Jenkins
32902,Robin Jimenez
32903,Robin Johnson
32904,Robin Jones
32905,Robin Kim
32906,Robin Lee
32907,Robin Lowery Md
32908,Robin Mack
32909,Robin Marshall
32910,Robin Martin
32911,Robin Martinez
32912,Robin Mccall
32913,Robin Mcclure
32914,Robin Mendoza
32915,Robin Michael
32916,Robin Miles
32917,Robin Miller
32918,Robin Mitchell
32919,Robin Moore
32920,Robin Nelson
32921,Robin Obrien
32922,Robin Ortega
32923,Robin Peterson
32924,Robin Powers
32925,Robin Price
32926,Robin Raymond
32927,Robin Reed
32928,Robin Roberts
32929,Robin Robinson
32930,Robin Rogers
32931,Robin Rosales
32932,Robin Rowe
32933,Robin Roy
32934,Robin Russell
32935,Robin Savage
32936,Robin Schmidt
32937,Robin Schwartz
32938,Robin Sherman
32939,Robin Smith
32940,Robin Stanley
32941,Robin Taylor
32942,Robin Torres
32943,Robin Tucker
32944,Robin Turner
32945,Robin Walker
32946,Robin Williams
32947,Robin Williamson
32948,Robin Wilson
32949,Robin Wood
32950,Robin Wright
32951,Robin Yates Dds
32952,Robin Zimmerman
32953,Robyn Allen
32954,Robyn Anderson
32955,Robyn Atkinson
32956,Robyn Gonzalez
32957,Robyn Howard
32958,Robyn Livingston
32959,Robyn Martinez
32960,Robyn Maxwell
32961,Robyn Shaw
32962,Robyn Villarreal
32963,Rodney Alexander
32964,Rodney Armstrong
32965,Rodney Bentley
32966,Rodney Burke Dds
32967,Rodney Chang
32968,Rodney Chen
32969,Rodney Collins
32970,Rodney Combs
32971,Rodney Davis
32972,Rodney Ellis
32973,Rodney Glover
32974,Rodney Green
32975,Rodney Gregory
32976,Rodney Griffin
32977,Rodney Hall
32978,Rodney Harris
32979,Rodney Henry
32980,Rodney Hill
32981,Rodney Hudson
32982,Rodney Jackson
32983,Rodney Johnson
32984,Rodney Jones
32985,Rodney Kirby
32986,Rodney Lambert
32987,Rodney Lane
32988,Rodney Larsen
32989,Rodney Manning
32990,Rodney Martin
32991,Rodney Martinez
32992,Rodney May
32993,Rodney Moore
32994,Rodney Mosley
32995,Rodney Odom
32996,Rodney Oliver
32997,Rodney Ortiz
32998,Rodney Parker
32999,Rodney Parks
33000,Rodney Potter
33001,Rodney Reese
33002,Rodney Reyes
33003,Rodney Rice
33004,Rodney Richardson
33005,Rodney Sampson
33006,Rodney Smith
33007,Rodney Soto
33008,Rodney Stewart
33009,Rodney Vaughn
33010,Rodney Wise Jr.
33011,Rodney Wright
33012,Rodney Young
33013,Roger Bailey
33014,Roger Bates
33015,Roger Blanchard
33016,Roger Bradley
33017,Roger Brock
33018,Roger Brown
33019,Roger Burns
33020,Roger Caldwell
33021,Roger Carrillo
33022,Roger Carroll
33023,Roger Craig Dds
33024,Roger Davidson
33025,Roger Edwards
33026,Roger Espinoza
33027,Roger Garza
33028,Roger Grant
33029,Roger Hale
33030,Roger Harris
33031,Roger Harvey
33032,Roger Hoover
33033,Roger Jordan
33034,Roger Lewis
33035,Roger Martinez
33036,Roger Matthews
33037,Roger Mccall
33038,Roger Mccann
33039,Roger Miller
33040,Roger Morgan
33041,Roger Moyer
33042,Roger Nelson
33043,Roger Palmer
33044,Roger Park
33045,Roger Patrick
33046,Roger Rogers
33047,Roger Salazar
33048,Roger Serrano
33049,Roger Simmons
33050,Roger Taylor
33051,Roger Walters
33052,Roger Watkins
33053,Ronald Adams
33054,Ronald Adams Dds
33055,Ronald Allen
33056,Ronald Alvarez
33057,Ronald Arnold
33058,Ronald Ayers
33059,Ronald Barber
33060,Ronald Bernard
33061,Ronald Bishop
33062,Ronald Black
33063,Ronald Brown
33064,Ronald Buck
33065,Ronald Burch
33066,Ronald Bush
33067,Ronald Campbell
33068,Ronald Case
33069,Ronald Clark
33070,Ronald Conley
33071,Ronald Cook
33072,Ronald Cooley
33073,Ronald Crawford
33074,Ronald Curtis
33075,Ronald Davis
33076,Ronald Dawson
33077,Ronald Dunlap
33078,Ronald Durham
33079,Ronald Edwards
33080,Ronald Ellis
33081,Ronald Foley
33082,Ronald Fowler
33083,Ronald Francis
33084,Ronald Frank
33085,Ronald Franklin
33086,Ronald Frazier
33087,Ronald Gilbert
33088,Ronald Gonzalez
33089,Ronald Gordon
33090,Ronald Gray
33091,Ronald Haas
33092,Ronald Henderson
33093,Ronald Hernandez
33094,Ronald Hill
33095,Ronald Holmes
33096,Ronald Huerta
33097,Ronald Jackson
33098,Ronald Jenkins
33099,Ronald Jennings
33100,Ronald Johnson
33101,Ronald Jones
33102,Ronald Klein
33103,Ronald Knight
33104,Ronald Lambert
33105,Ronald Lang
33106,Ronald Lloyd
33107,Ronald Lutz
33108,Ronald Maddox
33109,Ronald Marks Dds
33110,Ronald Marquez
33111,Ronald Marshall
33112,Ronald Mata
33113,Ronald Mcdonald
33114,Ronald Mcmillan
33115,Ronald Meyers
33116,Ronald Miller Dds
33117,Ronald Mills
33118,Ronald Montoya
33119,Ronald Mora
33120,Ronald Morgan
33121,Ronald Moyer
33122,Ronald Munoz
33123,Ronald Murphy
33124,Ronald Murray
33125,Ronald Nelson
33126,Ronald Newton
33127,Ronald Norton
33128,Ronald Odom
33129,Ronald Ortiz
33130,Ronald Palmer
33131,Ronald Parker
33132,Ronald Patrick
33133,Ronald Perkins Jr.
33134,Ronald Phillips
33135,Ronald Powell
33136,Ronald Preston
33137,Ronald Ramirez
33138,Ronald Reed
33139,Ronald Reyes
33140,Ronald Roberts
33141,Ronald Rodriguez
33142,Ronald Rogers
33143,Ronald Rojas
33144,Ronald Russell
33145,Ronald Sanchez
33146,Ronald Sandoval
33147,Ronald Saunders
33148,Ronald Simmons
33149,Ronald Smith
33150,Ronald Snyder
33151,Ronald Sparks
33152,Ronald Stafford
33153,Ronald Stanley
33154,Ronald Stewart
33155,Ronald Stone
33156,Ronald Suarez
33157,Ronald Thomas
33158,Ronald Thompson
33159,Ronald Todd
33160,Ronald Torres
33161,Ronald Vasquez
33162,Ronald Washington
33163,Ronald Watson
33164,Ronald White
33165,Ronald Williams
33166,Ronald Wright
33167,Ronnie Austin
33168,Ronnie Baker
33169,Ronnie Bates
33170,Ronnie Berg
33171,Ronnie Bird
33172,Ronnie Blair Jr.
33173,Ronnie Booth
33174,Ronnie Bryant
33175,Ronnie Burgess
33176,Ronnie Cook
33177,Ronnie Garrett
33178,Ronnie Gray
33179,Ronnie Hampton Md
33180,Ronnie Hunter
33181,Ronnie Jackson
33182,Ronnie Miranda
33183,Ronnie Mullins
33184,Ronnie Robinson
33185,Ronnie Romero
33186,Ronnie Smith
33187,Ronnie Sutton
33188,Ronnie Torres
33189,Ronnie Valdez
33190,Rose Adams
33191,Rose Allen
33192,Rose Avila
33193,Rose Boyd
33194,Rose Campbell
33195,Rose Carrillo
33196,Rose Higgins
33197,Rose Holmes
33198,Rose Malone
33199,Rose Mejia
33200,Rose Meyers
33201,Rose Ramos
33202,Rose Sanders
33203,Rose Silva
33204,Rose Thomas
33205,Rose Whitaker
33206,Rose Zuniga
33207,Ross Davis
33208,Ross Mitchell
33209,Ross Moore
33210,Ross Sandoval
33211,Roy Andrews
33212,Roy Arias
33213,Roy Benson
33214,Roy Castillo
33215,Roy Conway
33216,Roy Diaz
33217,Roy Fitzgerald
33218,Roy Garcia
33219,Roy Hopkins
33220,Roy James
33221,Roy Jenkins Dds
33222,Roy Johnson Dds
33223,Roy Jones
33224,Roy Kelly
33225,Roy Mccoy
33226,Roy Moore
33227,Roy Murphy
33228,Roy Ochoa
33229,Roy Parker
33230,Roy Perkins
33231,Roy Richmond
33232,Roy Salas
33233,Roy Smith
33234,Roy Spears
33235,Roy Villa
33236,Roy Wall
33237,Roy Weber
33238,Ruben Bailey
33239,Ruben Collins
33240,Ruben Cross
33241,Ruben Elliott
33242,Ruben Flores
33243,Ruben Gibson
33244,Ruben Green
33245,Ruben Guerra
33246,Ruben Harris
33247,Ruben Johnson
33248,Ruben Jones
33249,Ruben Lynn
33250,Ruben Medina
33251,Ruben Morales
33252,Ruben Thompson
33253,Ruben Velazquez
33254,Ruben Weber
33255,Ruben Weiss
33256,Ruben Willis
33257,Russell Barton
33258,Russell Campos Jr.
33259,Russell Cowan
33260,Russell Cox
33261,Russell Craig
33262,Russell Daniels
33263,Russell Davis
33264,Russell Dorsey
33265,Russell Doyle
33266,Russell Fox
33267,Russell George
33268,Russell Gonzalez
33269,Russell Gordon
33270,Russell Green
33271,Russell Holt
33272,Russell Howell
33273,Russell Jackson
33274,Russell Jacobs
33275,Russell Key
33276,Russell King
33277,Russell Lozano
33278,Russell Mendoza
33279,Russell Miles
33280,Russell Moore
33281,Russell Morgan
33282,Russell Nelson
33283,Russell Patterson
33284,Russell Payne
33285,Russell Price
33286,Russell Pruitt
33287,Russell Rangel
33288,Russell Robinson
33289,Russell Rodriguez
33290,Russell Rodriguez Dvm
33291,Russell Rubio
33292,Russell Sawyer
33293,Russell Serrano
33294,Russell Silva
33295,Russell Smith
33296,Russell Soto
33297,Russell Washington
33298,Russell Welch
33299,Russell Wilson
33300,Russell Winters
33301,Russell Wood
33302,Russell Yoder
33303,Ruth Blair
33304,Ruth Burns
33305,Ruth Butler
33306,Ruth Castillo
33307,Ruth Fernandez
33308,Ruth Foster
33309,Ruth Griffith
33310,Ruth Hall
33311,Ruth Henry
33312,Ruth Jacobs
33313,Ruth James
33314,Ruth Johnson
33315,Ruth Johnston
33316,Ruth Little
33317,Ruth Mclean
33318,Ruth Meyer
33319,Ruth Miller Dds
33320,Ruth Newman
33321,Ruth Preston
33322,Ruth Price
33323,Ruth Robinson
33324,Ruth Stewart
33325,Ruth Vazquez
33326,Ryan Acosta
33327,Ryan Allen
33328,Ryan Andersen
33329,Ryan Anderson
33330,Ryan Andrews
33331,Ryan Ayala
33332,Ryan Baker
33333,Ryan Ballard
33334,Ryan Barker
33335,Ryan Barton
33336,Ryan Bautista
33337,Ryan Bean
33338,Ryan Beck
33339,Ryan Bennett
33340,Ryan Bowman
33341,Ryan Bradley
33342,Ryan Brennan
33343,Ryan Brown
33344,Ryan Bryant
33345,Ryan Buckley
33346,Ryan Burns
33347,Ryan Callahan
33348,Ryan Campbell
33349,Ryan Cantrell
33350,Ryan Carter
33351,Ryan Cervantes
33352,Ryan Chang
33353,Ryan Chavez
33354,Ryan Cisneros
33355,Ryan Clark
33356,Ryan Cline
33357,Ryan Cole Jr.
33358,Ryan Collier
33359,Ryan Collins
33360,Ryan Conner
33361,Ryan Cruz
33362,Ryan Davis
33363,Ryan Dawson
33364,Ryan Day
33365,Ryan Dean
33366,Ryan Dyer
33367,Ryan Edwards
33368,Ryan Evans
33369,Ryan Fisher
33370,Ryan Fitzpatrick
33371,Ryan Fleming
33372,Ryan Freeman
33373,Ryan Frye
33374,Ryan Fuentes
33375,Ryan Garcia
33376,Ryan Garcia Md
33377,Ryan Garza
33378,Ryan Gates
33379,Ryan George
33380,Ryan Gibbs
33381,Ryan Gibson
33382,Ryan Gill
33383,Ryan Glover
33384,Ryan Gomez
33385,Ryan Gonzalez
33386,Ryan Guerrero
33387,Ryan Hale
33388,Ryan Hall
33389,Ryan Hamilton
33390,Ryan Hammond
33391,Ryan Hanson
33392,Ryan Harper
33393,Ryan Harvey
33394,Ryan Hernandez
33395,Ryan Herring
33396,Ryan Hickman
33397,Ryan Hodges
33398,Ryan Hogan
33399,Ryan Holmes
33400,Ryan Horne
33401,Ryan Howard
33402,Ryan Huff
33403,Ryan Hughes
33404,Ryan Humphrey
33405,Ryan Hunt
33406,Ryan Hutchinson
33407,Ryan Jackson
33408,Ryan Jacobson
33409,Ryan Johnson
33410,Ryan Jones
33411,Ryan Joyce
33412,Ryan Keith
33413,Ryan Kent
33414,Ryan Kim
33415,Ryan King
33416,Ryan Knight
33417,Ryan Lane
33418,Ryan Lee
33419,Ryan Leonard
33420,Ryan Lewis
33421,Ryan Macdonald
33422,Ryan Malone
33423,Ryan Martin
33424,Ryan Martinez
33425,Ryan Mason
33426,Ryan Mata
33427,Ryan Mcclure
33428,Ryan Mcfarland
33429,Ryan Mcknight
33430,Ryan Mclean
33431,Ryan Mcmillan
33432,Ryan Mcpherson
33433,Ryan Melendez
33434,Ryan Meyer
33435,Ryan Miller
33436,Ryan Molina
33437,Ryan Moore
33438,Ryan Morgan
33439,Ryan Moss
33440,Ryan Munoz
33441,Ryan Murray
33442,Ryan Myers
33443,Ryan Nelson
33444,Ryan Newton
33445,Ryan Nguyen
33446,Ryan Nolan
33447,Ryan Nunez
33448,Ryan Obrien
33449,Ryan Oconnor
33450,Ryan Olson
33451,Ryan Osborne
33452,Ryan Owens
33453,Ryan Padilla
33454,Ryan Park
33455,Ryan Patterson
33456,Ryan Pearson
33457,Ryan Perez
33458,Ryan Perry
33459,Ryan Peters
33460,Ryan Peterson
33461,Ryan Phillips
33462,Ryan Pierce
33463,Ryan Ponce
33464,Ryan Porter
33465,Ryan Powers
33466,Ryan Price
33467,Ryan Quinn
33468,Ryan Ramirez
33469,Ryan Rangel
33470,Ryan Reid
33471,Ryan Rich
33472,Ryan Riggs
33473,Ryan Roberts
33474,Ryan Robertson
33475,Ryan Robinson
33476,Ryan Rodgers
33477,Ryan Rodriguez
33478,Ryan Rogers
33479,Ryan Romero
33480,Ryan Rose
33481,Ryan Ross
33482,Ryan Ruiz
33483,Ryan Ryan
33484,Ryan Salinas
33485,Ryan Sanchez
33486,Ryan Sanchez Md
33487,Ryan Santiago
33488,Ryan Sawyer
33489,Ryan Schneider
33490,Ryan Schultz
33491,Ryan Schwartz
33492,Ryan Shaw
33493,Ryan Shea
33494,Ryan Simmons
33495,Ryan Skinner
33496,Ryan Smith
33497,Ryan Stark
33498,Ryan Stephens
33499,Ryan Suarez
33500,Ryan Torres
33501,Ryan Tran
33502,Ryan Travis
33503,Ryan Turner
33504,Ryan Underwood
33505,Ryan Valencia
33506,Ryan Vargas
33507,Ryan Velazquez
33508,Ryan Villarreal
33509,Ryan Wagner
33510,Ryan Walker
33511,Ryan Wallace
33512,Ryan Walters
33513,Ryan Ward
33514,Ryan Warner
33515,Ryan Weaver
33516,Ryan Webb
33517,Ryan White
33518,Ryan Wiley
33519,Ryan Williams
33520,Ryan Williamson
33521,Ryan Wilson
33522,Ryan Wolfe
33523,Ryan Wong
33524,Ryan Wood
33525,Ryan Wright
33526,Sabrina Allen
33527,Sabrina Andrade
33528,Sabrina Black
33529,Sabrina Brown
33530,Sabrina Brown Md
33531,Sabrina Cruz
33532,Sabrina Donovan
33533,Sabrina Garcia
33534,Sabrina Gonzalez
33535,Sabrina Graves
33536,Sabrina Green
33537,Sabrina Guzman
33538,Sabrina Harmon
33539,Sabrina Haynes
33540,Sabrina Huff
33541,Sabrina Kennedy
33542,Sabrina Khan
33543,Sabrina Li
33544,Sabrina Liu
33545,Sabrina Mckenzie
33546,Sabrina Meadows
33547,Sabrina Moore
33548,Sabrina Moses
33549,Sabrina Norris
33550,Sabrina Ortega
33551,Sabrina Perez
33552,Sabrina Rasmussen
33553,Sabrina Rogers
33554,Sabrina Sanchez
33555,Sabrina Simpson
33556,Sabrina Smith
33557,Sabrina Terrell
33558,Sabrina Turner
33559,Sabrina Wells
33560,Sabrina Yang
33561,Sally Alvarado Dds
33562,Sally Cisneros
33563,Sally Foster
33564,Sally Hernandez
33565,Sally Hopkins
33566,Sally James
33567,Sally Keith
33568,Sally Nguyen
33569,Sally Poole
33570,Sally Smith
33571,Sally Thompson
33572,Samantha Alvarado
33573,Samantha Anderson
33574,Samantha Andrews
33575,Samantha Arnold
33576,Samantha Bailey
33577,Samantha Baker
33578,Samantha Banks
33579,Samantha Bishop
33580,Samantha Bowers
33581,Samantha Bowman
33582,Samantha Bradford
33583,Samantha Branch
33584,Samantha Brooks
33585,Samantha Brown
33586,Samantha Burton
33587,Samantha Callahan
33588,Samantha Cantu
33589,Samantha Carroll
33590,Samantha Church
33591,Samantha Contreras
33592,Samantha Conway
33593,Samantha Cook
33594,Samantha Cooper
33595,Samantha Curry
33596,Samantha Davies
33597,Samantha Davis
33598,Samantha Dawson
33599,Samantha Dennis
33600,Samantha Diaz
33601,Samantha Dominguez
33602,Samantha Doyle
33603,Samantha Duarte
33604,Samantha Eaton
33605,Samantha Edwards
33606,Samantha Evans
33607,Samantha Fisher
33608,Samantha Ford
33609,Samantha Freeman
33610,Samantha Garcia
33611,Samantha Garner
33612,Samantha Gray
33613,Samantha Grimes
33614,Samantha Harmon
33615,Samantha Harper
33616,Samantha Harrison
33617,Samantha Hart
33618,Samantha Herman
33619,Samantha Higgins
33620,Samantha Hill
33621,Samantha Holmes
33622,Samantha Hood
33623,Samantha Hoover
33624,Samantha House
33625,Samantha Howell
33626,Samantha Huang
33627,Samantha Hughes
33628,Samantha Jackson
33629,Samantha Johnson
33630,Samantha Johnston
33631,Samantha Jordan
33632,Samantha Kelley
33633,Samantha King
33634,Samantha Kirk
33635,Samantha Larson
33636,Samantha Leblanc
33637,Samantha Lee
33638,Samantha Leonard
33639,Samantha Lewis
33640,Samantha Long
33641,Samantha Long Md
33642,Samantha Lopez
33643,Samantha Lucas
33644,Samantha Mann
33645,Samantha Martinez
33646,Samantha Mason
33647,Samantha Matthews
33648,Samantha Mcclure
33649,Samantha Mclaughlin
33650,Samantha Mclean
33651,Samantha Melton
33652,Samantha Mendoza
33653,Samantha Meyers
33654,Samantha Miller
33655,Samantha Miranda
33656,Samantha Mitchell
33657,Samantha Monroe
33658,Samantha Moore
33659,Samantha Morales
33660,Samantha Morris
33661,Samantha Myers
33662,Samantha Neal
33663,Samantha Norton
33664,Samantha Odonnell
33665,Samantha Olson
33666,Samantha Park
33667,Samantha Pena
33668,Samantha Perkins
33669,Samantha Pittman
33670,Samantha Pratt
33671,Samantha Preston
33672,Samantha Ramirez
33673,Samantha Reed
33674,Samantha Reese
33675,Samantha Reyes
33676,Samantha Riggs
33677,Samantha Riley
33678,Samantha Ritter
33679,Samantha Roberts
33680,Samantha Robertson
33681,Samantha Robinson
33682,Samantha Robles
33683,Samantha Roman
33684,Samantha Romero
33685,Samantha Ross
33686,Samantha Russell
33687,Samantha Sanchez
33688,Samantha Sandoval
33689,Samantha Santiago
33690,Samantha Schneider
33691,Samantha Schwartz
33692,Samantha Scott
33693,Samantha Sexton
33694,Samantha Shaw
33695,Samantha Simmons
33696,Samantha Smith
33697,Samantha Snyder
33698,Samantha Solis
33699,Samantha Solomon
33700,Samantha Spencer
33701,Samantha Stewart
33702,Samantha Stone
33703,Samantha Sweeney
33704,Samantha Taylor
33705,Samantha Terry
33706,Samantha Thornton
33707,Samantha Torres
33708,Samantha Turner
33709,Samantha Vega
33710,Samantha Wade
33711,Samantha Wagner
33712,Samantha Walker
33713,Samantha Wall
33714,Samantha Wallace
33715,Samantha Walters
33716,Samantha Washington
33717,Samantha Watson
33718,Samantha Weaver
33719,Samantha Webb
33720,Samantha Williams
33721,Samantha Wilson
33722,Samantha Winters
33723,Samantha Wood
33724,Samantha Woodward
33725,Samantha Young
33726,Samantha Zimmerman
33727,Samuel Adkins
33728,Samuel Ali
33729,Samuel Allen
33730,Samuel Atkinson
33731,Samuel Bailey
33732,Samuel Beard
33733,Samuel Becker
33734,Samuel Bennett
33735,Samuel Blankenship
33736,Samuel Brewer
33737,Samuel Bright
33738,Samuel Brown
33739,Samuel Buck
33740,Samuel Byrd
33741,Samuel Carpenter
33742,Samuel Carson
33743,Samuel Clark
33744,Samuel Clayton
33745,Samuel Cochran
33746,Samuel Collier
33747,Samuel Collins
33748,Samuel Conner
33749,Samuel Craig
33750,Samuel Daniels
33751,Samuel Davis
33752,Samuel Edwards
33753,Samuel Ellison
33754,Samuel Estes
33755,Samuel Finley
33756,Samuel Flores
33757,Samuel Frederick
33758,Samuel Freeman
33759,Samuel Fuentes
33760,Samuel Gaines
33761,Samuel Gallagher
33762,Samuel Garcia
33763,Samuel Gilbert
33764,Samuel Gomez
33765,Samuel Grant
33766,Samuel Gray
33767,Samuel Guzman
33768,Samuel Hall
33769,Samuel Harrison
33770,Samuel Hebert
33771,Samuel Hendricks
33772,Samuel Herrera
33773,Samuel Ho
33774,Samuel Hoffman Md
33775,Samuel Hooper
33776,Samuel Hughes
33777,Samuel Hurley
33778,Samuel Hurst
33779,Samuel Huynh
33780,Samuel Jackson
33781,Samuel Jefferson
33782,Samuel Johnston
33783,Samuel Kerr
33784,Samuel Kim
33785,Samuel Le
33786,Samuel Lopez
33787,Samuel Martinez
33788,Samuel Mcclure
33789,Samuel Mcdaniel
33790,Samuel Mcdonald
33791,Samuel Meza
33792,Samuel Miller
33793,Samuel Mora
33794,Samuel Mueller
33795,Samuel Navarro
33796,Samuel Norris
33797,Samuel Nunez
33798,Samuel Ortiz
33799,Samuel Patel
33800,Samuel Patton
33801,Samuel Peck
33802,Samuel Perkins
33803,Samuel Porter
33804,Samuel Ray
33805,Samuel Rich
33806,Samuel Robinson
33807,Samuel Robles
33808,Samuel Rodriguez
33809,Samuel Rojas
33810,Samuel Rosales
33811,Samuel Ross
33812,Samuel Sanchez
33813,Samuel Schroeder
33814,Samuel Shepherd
33815,Samuel Shields
33816,Samuel Smith
33817,Samuel Soto Md
33818,Samuel Thomas
33819,Samuel Todd
33820,Samuel Turner
33821,Samuel Vargas
33822,Samuel Vasquez
33823,Samuel Vaughn
33824,Samuel Walker
33825,Samuel Wallace
33826,Samuel Walters
33827,Samuel Webb
33828,Samuel Weber
33829,Samuel Williams
33830,Samuel Wilson
33831,Samuel Wright
33832,Sandra Anderson
33833,Sandra Ayala
33834,Sandra Baldwin
33835,Sandra Barker
33836,Sandra Bell
33837,Sandra Bender
33838,Sandra Berry
33839,Sandra Bishop
33840,Sandra Blake
33841,Sandra Boyd
33842,Sandra Boyer
33843,Sandra Brooks
33844,Sandra Brown
33845,Sandra Buckley
33846,Sandra Calderon
33847,Sandra Cameron
33848,Sandra Carter
33849,Sandra Christensen
33850,Sandra Clay
33851,Sandra Cole
33852,Sandra Collins
33853,Sandra Costa
33854,Sandra Crane
33855,Sandra Cruz
33856,Sandra Daniel
33857,Sandra Davis
33858,Sandra Espinoza
33859,Sandra Evans
33860,Sandra Ferguson
33861,Sandra Fitzgerald
33862,Sandra Fleming
33863,Sandra Franco
33864,Sandra French
33865,Sandra Garcia
33866,Sandra Gibson
33867,Sandra Gonzales
33868,Sandra Gordon Md
33869,Sandra Guerra
33870,Sandra Hamilton
33871,Sandra Hanson
33872,Sandra Harris
33873,Sandra Hayes
33874,Sandra Hernandez
33875,Sandra Hill
33876,Sandra Hooper
33877,Sandra Hopkins
33878,Sandra Horne
33879,Sandra Howe Phd
33880,Sandra Howell
33881,Sandra Hudson
33882,Sandra Hughes
33883,Sandra Jackson
33884,Sandra James
33885,Sandra Johnson
33886,Sandra Jones
33887,Sandra Keller Md
33888,Sandra Key
33889,Sandra King
33890,Sandra Larsen
33891,Sandra Lawrence
33892,Sandra Lee Dvm
33893,Sandra Leonard
33894,Sandra Lin
33895,Sandra Lin Dvm
33896,Sandra Lloyd
33897,Sandra Logan
33898,Sandra Long
33899,Sandra Lopez
33900,Sandra Love
33901,Sandra Martin
33902,Sandra Martinez
33903,Sandra May
33904,Sandra Mcconnell
33905,Sandra Mcgee
33906,Sandra Medina
33907,Sandra Michael
33908,Sandra Miller
33909,Sandra Mitchell
33910,Sandra Moore
33911,Sandra Moreno
33912,Sandra Morris
33913,Sandra Murray
33914,Sandra Nelson
33915,Sandra Nguyen
33916,Sandra Noble
33917,Sandra Olson
33918,Sandra Oneal
33919,Sandra Page
33920,Sandra Palmer
33921,Sandra Patton
33922,Sandra Pearson
33923,Sandra Pennington
33924,Sandra Perkins
33925,Sandra Phelps
33926,Sandra Phillips
33927,Sandra Porter
33928,Sandra Powers
33929,Sandra Prince
33930,Sandra Ramirez
33931,Sandra Randall
33932,Sandra Reid
33933,Sandra Richardson
33934,Sandra Riley
33935,Sandra Robinson
33936,Sandra Rodriguez
33937,Sandra Rubio
33938,Sandra Rush
33939,Sandra Sanchez
33940,Sandra Saunders
33941,Sandra Scott
33942,Sandra Silva
33943,Sandra Simpson
33944,Sandra Smith
33945,Sandra Solomon
33946,Sandra Soto
33947,Sandra Stevenson
33948,Sandra Stewart
33949,Sandra Summers
33950,Sandra Taylor
33951,Sandra Terrell
33952,Sandra Thomas
33953,Sandra Thompson Dds
33954,Sandra Torres
33955,Sandra Valenzuela
33956,Sandra Wade
33957,Sandra Walls
33958,Sandra Watson
33959,Sandra White
33960,Sandra Williams
33961,Sandra Wilson
33962,Sandra Wyatt
33963,Sandra Young
33964,Sandy Adkins
33965,Sandy Bell
33966,Sandy Cruz
33967,Sandy Davidson
33968,Sandy Davis
33969,Sandy Green
33970,Sandy Hancock
33971,Sandy Hawkins
33972,Sandy Jones
33973,Sandy King
33974,Sandy Le
33975,Sandy Lewis
33976,Sandy Lyons
33977,Sandy Mckinney
33978,Sandy Rice
33979,Sandy Schneider
33980,Sandy Sherman
33981,Sandy Stewart
33982,Sandy Vincent
33983,Sara Arnold
33984,Sara Bowen
33985,Sara Brandt
33986,Sara Brooks
33987,Sara Brown
33988,Sara Butler
33989,Sara Campbell
33990,Sara Cannon
33991,Sara Cantu
33992,Sara Carlson
33993,Sara Carroll
33994,Sara Castillo
33995,Sara Clark
33996,Sara Cole
33997,Sara Contreras
33998,Sara Costa
33999,Sara Crawford
34000,Sara Cross
34001,Sara Davis
34002,Sara Dennis
34003,Sara Evans
34004,Sara Fitzpatrick
34005,Sara Fowler
34006,Sara Garcia
34007,Sara Glover
34008,Sara Harding
34009,Sara Harris
34010,Sara Hernandez
34011,Sara Hill
34012,Sara Hoffman
34013,Sara Hubbard
34014,Sara Hughes
34015,Sara Jackson
34016,Sara Jimenez
34017,Sara Johnson
34018,Sara Jones
34019,Sara Joseph
34020,Sara Kelley
34021,Sara Kidd
34022,Sara Kim
34023,Sara Knight
34024,Sara Larson
34025,Sara Long
34026,Sara Marshall
34027,Sara Martin
34028,Sara Mcdonald
34029,Sara Mcdowell
34030,Sara Miller
34031,Sara Molina
34032,Sara Montgomery Dvm
34033,Sara Morgan
34034,Sara Morris
34035,Sara Morrison
34036,Sara Nguyen
34037,Sara Nichols
34038,Sara Nielsen
34039,Sara Nolan
34040,Sara Oconnor
34041,Sara Olson
34042,Sara Ortiz
34043,Sara Padilla
34044,Sara Page
34045,Sara Parker
34046,Sara Perry
34047,Sara Peters
34048,Sara Price
34049,Sara Ramirez
34050,Sara Reed
34051,Sara Reese
34052,Sara Reyes
34053,Sara Reynolds
34054,Sara Rivera
34055,Sara Rodriguez
34056,Sara Schultz
34057,Sara Scott
34058,Sara Shaffer
34059,Sara Shelton
34060,Sara Simmons
34061,Sara Singh
34062,Sara Smith
34063,Sara Steele
34064,Sara Stevenson
34065,Sara Stewart
34066,Sara Summers
34067,Sara Sutton
34068,Sara Taylor
34069,Sara Thomas
34070,Sara Thornton
34071,Sara Torres
34072,Sara Tucker
34073,Sara Turner
34074,Sara Wagner
34075,Sara Wang
34076,Sara Warner
34077,Sara Washington
34078,Sara Waters
34079,Sara Watson
34080,Sara Webb
34081,Sara Wells
34082,Sara White
34083,Sara Williams
34084,Sara Wood Dds
34085,Sara Woods
34086,Sara Wright
34087,Sara Young
34088,Sarah Adams
34089,Sarah Allen
34090,Sarah Alvarez
34091,Sarah Anderson
34092,Sarah Arnold
34093,Sarah Austin
34094,Sarah Avila
34095,Sarah Barker
34096,Sarah Barr
34097,Sarah Bartlett
34098,Sarah Bates
34099,Sarah Beasley
34100,Sarah Becker
34101,Sarah Bennett
34102,Sarah Berg
34103,Sarah Bishop
34104,Sarah Bowen
34105,Sarah Boyer
34106,Sarah Bradford
34107,Sarah Bradley
34108,Sarah Bradshaw
34109,Sarah Brennan
34110,Sarah Brown
34111,Sarah Burke
34112,Sarah Burns
34113,Sarah Cameron
34114,Sarah Campbell
34115,Sarah Cannon
34116,Sarah Carter
34117,Sarah Cervantes
34118,Sarah Chan
34119,Sarah Christensen
34120,Sarah Clark
34121,Sarah Cohen
34122,Sarah Cole
34123,Sarah Collins
34124,Sarah Collins Md
34125,Sarah Cook
34126,Sarah Cooke
34127,Sarah Cooper
34128,Sarah Costa
34129,Sarah Cox
34130,Sarah Cruz
34131,Sarah Davidson
34132,Sarah Davis
34133,Sarah Diaz
34134,Sarah Dickerson
34135,Sarah Dixon
34136,Sarah Dunn
34137,Sarah Dyer
34138,Sarah Erickson
34139,Sarah Espinoza
34140,Sarah Evans
34141,Sarah Farley
34142,Sarah Fields
34143,Sarah Fitzpatrick
34144,Sarah Fleming
34145,Sarah Flynn
34146,Sarah Fowler
34147,Sarah Franklin
34148,Sarah Freeman
34149,Sarah Fry
34150,Sarah Frye
34151,Sarah Garcia
34152,Sarah Gibson
34153,Sarah Gillespie
34154,Sarah Gilmore
34155,Sarah Glass
34156,Sarah Golden
34157,Sarah Gomez
34158,Sarah Gomez Phd
34159,Sarah Gonzalez
34160,Sarah Gordon
34161,Sarah Grant Dds
34162,Sarah Gray
34163,Sarah Gregory
34164,Sarah Guerra
34165,Sarah Hahn
34166,Sarah Hall
34167,Sarah Hansen
34168,Sarah Hanson
34169,Sarah Harper
34170,Sarah Harris
34171,Sarah Harrison
34172,Sarah Hart
34173,Sarah Hays
34174,Sarah Henderson
34175,Sarah Herman
34176,Sarah Hernandez
34177,Sarah Herrera
34178,Sarah Hicks
34179,Sarah Hill
34180,Sarah Ho
34181,Sarah Holmes
34182,Sarah Hood
34183,Sarah Horton
34184,Sarah Howell
34185,Sarah Hudson
34186,Sarah Hughes
34187,Sarah Ibarra
34188,Sarah Ingram
34189,Sarah Jackson
34190,Sarah Jacobs
34191,Sarah Jenkins
34192,Sarah Jennings
34193,Sarah Johns
34194,Sarah Johnson
34195,Sarah Johnston
34196,Sarah Jones
34197,Sarah Keith
34198,Sarah Kemp Phd
34199,Sarah Kim
34200,Sarah King
34201,Sarah Klein
34202,Sarah Kline
34203,Sarah Knapp
34204,Sarah Lamb
34205,Sarah Lang
34206,Sarah Lara
34207,Sarah Larson
34208,Sarah Lawrence
34209,Sarah Lawson
34210,Sarah Leach
34211,Sarah Lee
34212,Sarah Lester
34213,Sarah Lewis Phd
34214,Sarah Little
34215,Sarah Long
34216,Sarah Lopez
34217,Sarah Macias
34218,Sarah Marks
34219,Sarah Marshall
34220,Sarah Martin
34221,Sarah Martinez
34222,Sarah Mason
34223,Sarah Mcbride
34224,Sarah Mcclain
34225,Sarah Mckinney
34226,Sarah Miller
34227,Sarah Mitchell
34228,Sarah Monroe
34229,Sarah Moore
34230,Sarah Moran
34231,Sarah Morris
34232,Sarah Morrison
34233,Sarah Morton
34234,Sarah Munoz
34235,Sarah Murphy
34236,Sarah Murray
34237,Sarah Myers
34238,Sarah Nelson
34239,Sarah Nguyen
34240,Sarah Ochoa
34241,Sarah Ortiz
34242,Sarah Osborne
34243,Sarah Page
34244,Sarah Palmer
34245,Sarah Park
34246,Sarah Patel
34247,Sarah Patterson
34248,Sarah Perkins
34249,Sarah Perry
34250,Sarah Peters
34251,Sarah Phillips
34252,Sarah Porter
34253,Sarah Powell
34254,Sarah Pratt
34255,Sarah Preston
34256,Sarah Price
34257,Sarah Ramirez
34258,Sarah Ramos
34259,Sarah Ramsey
34260,Sarah Reed
34261,Sarah Reid
34262,Sarah Reilly
34263,Sarah Reynolds
34264,Sarah Rich
34265,Sarah Richards
34266,Sarah Richardson
34267,Sarah Richmond
34268,Sarah Riddle
34269,Sarah Rivas
34270,Sarah Rivera
34271,Sarah Roach
34272,Sarah Robbins
34273,Sarah Robinson
34274,Sarah Rodriguez
34275,Sarah Rogers
34276,Sarah Rose
34277,Sarah Ross
34278,Sarah Rowe
34279,Sarah Rubio
34280,Sarah Russo
34281,Sarah Salazar
34282,Sarah Savage
34283,Sarah Schmidt
34284,Sarah Schneider
34285,Sarah Shaffer
34286,Sarah Simmons
34287,Sarah Simon
34288,Sarah Smith
34289,Sarah Soto
34290,Sarah Stafford
34291,Sarah Stevenson
34292,Sarah Stewart
34293,Sarah Stout
34294,Sarah Sullivan
34295,Sarah Taylor
34296,Sarah Thomas
34297,Sarah Thomas Md
34298,Sarah Todd
34299,Sarah Townsend
34300,Sarah Turner
34301,Sarah Vang
34302,Sarah Vasquez
34303,Sarah Vaughn
34304,Sarah Villegas
34305,Sarah Wade
34306,Sarah Walker
34307,Sarah Ware
34308,Sarah Washington
34309,Sarah Waters
34310,Sarah Watson
34311,Sarah Weaver
34312,Sarah Webster
34313,Sarah West
34314,Sarah Wheeler
34315,Sarah White
34316,Sarah Williams
34317,Sarah Willis
34318,Sarah Wilson
34319,Sarah Wise
34320,Sarah Wolf
34321,Sarah Wong
34322,Sarah Wood
34323,Sarah Woodward
34324,Sarah Wright
34325,Sarah Young
34326,Sarah Zimmerman
34327,Savannah Adams
34328,Savannah Allen
34329,Savannah Coleman
34330,Savannah Colon
34331,Savannah Cruz
34332,Savannah Davis
34333,Savannah Davis Dvm
34334,Savannah Ellis
34335,Savannah Fuller
34336,Savannah Grant
34337,Savannah Harrell
34338,Savannah Hart
34339,Savannah Hendrix
34340,Savannah Hernandez
34341,Savannah Herrera
34342,Savannah Hill
34343,Savannah Hurst
34344,Savannah Jensen
34345,Savannah Kirk
34346,Savannah Mahoney
34347,Savannah Murray
34348,Savannah Ramsey
34349,Savannah Rose
34350,Savannah Scott
34351,Savannah Stewart
34352,Savannah Taylor
34353,Savannah Vega
34354,Savannah Welch
34355,Scott Adams
34356,Scott Adams Dds
34357,Scott Adkins
34358,Scott Aguilar
34359,Scott Allen
34360,Scott Alvarez
34361,Scott Andrews
34362,Scott Arias
34363,Scott Armstrong
34364,Scott Arnold
34365,Scott Arroyo
34366,Scott Bailey
34367,Scott Baker
34368,Scott Barber
34369,Scott Bates
34370,Scott Bell
34371,Scott Beltran
34372,Scott Berger
34373,Scott Best
34374,Scott Booth
34375,Scott Boyd
34376,Scott Brown
34377,Scott Bryan
34378,Scott Buck
34379,Scott Bullock
34380,Scott Burns
34381,Scott Burton
34382,Scott Byrd
34383,Scott Cain
34384,Scott Camacho
34385,Scott Campbell
34386,Scott Chavez
34387,Scott Clark
34388,Scott Cobb
34389,Scott Cole
34390,Scott Coleman
34391,Scott Collins
34392,Scott Contreras
34393,Scott Cook
34394,Scott Copeland
34395,Scott Costa
34396,Scott Cox
34397,Scott Craig
34398,Scott Cruz
34399,Scott David
34400,Scott Davis
34401,Scott Day
34402,Scott Decker
34403,Scott Deleon
34404,Scott Delgado
34405,Scott Diaz
34406,Scott Dickson
34407,Scott Dunn
34408,Scott Farmer
34409,Scott Fernandez
34410,Scott Fisher
34411,Scott Foster
34412,Scott Frank
34413,Scott Franklin
34414,Scott Fuller
34415,Scott Galloway
34416,Scott Garcia
34417,Scott Gibson
34418,Scott Gillespie
34419,Scott Gilmore
34420,Scott Gonzales
34421,Scott Gordon
34422,Scott Grant
34423,Scott Graves
34424,Scott Gray
34425,Scott Green
34426,Scott Greene
34427,Scott Hall
34428,Scott Harmon
34429,Scott Harrell
34430,Scott Harrington
34431,Scott Hayes
34432,Scott Heath
34433,Scott Henderson
34434,Scott Henson
34435,Scott Herring
34436,Scott Hester
34437,Scott Hill
34438,Scott Horn
34439,Scott Hudson
34440,Scott Huffman
34441,Scott Hull
34442,Scott Hunter
34443,Scott Jackson
34444,Scott Jefferson
34445,Scott Jenkins
34446,Scott Jensen
34447,Scott Johns
34448,Scott Johnson
34449,Scott Johnson Md
34450,Scott Jones
34451,Scott Kane
34452,Scott Kelly
34453,Scott Kennedy
34454,Scott Kerr
34455,Scott King
34456,Scott Krause
34457,Scott Lang
34458,Scott Larson
34459,Scott Leach
34460,Scott Leonard
34461,Scott Lewis
34462,Scott Li
34463,Scott Lopez
34464,Scott Love
34465,Scott Lyons
34466,Scott Marquez
34467,Scott Marshall
34468,Scott Martin
34469,Scott Martinez
34470,Scott Maxwell
34471,Scott Maxwell Md
34472,Scott Mccormick
34473,Scott Mcdaniel
34474,Scott Mcknight
34475,Scott Meadows
34476,Scott Meyer
34477,Scott Miles
34478,Scott Mitchell
34479,Scott Montgomery
34480,Scott Moore
34481,Scott Munoz
34482,Scott Murillo
34483,Scott Nelson
34484,Scott Nguyen
34485,Scott Osborne
34486,Scott Padilla
34487,Scott Patel
34488,Scott Patterson
34489,Scott Pearson
34490,Scott Perkins
34491,Scott Peterson
34492,Scott Porter
34493,Scott Powell
34494,Scott Prince
34495,Scott Proctor
34496,Scott Ramirez
34497,Scott Reed
34498,Scott Reid
34499,Scott Reilly
34500,Scott Reyes
34501,Scott Rice
34502,Scott Riley
34503,Scott Rios
34504,Scott Rivera
34505,Scott Robinson
34506,Scott Robles
34507,Scott Rojas
34508,Scott Ross
34509,Scott Roth
34510,Scott Roy
34511,Scott Ruiz
34512,Scott Salazar
34513,Scott Sandoval
34514,Scott Schmidt
34515,Scott Scott
34516,Scott Sexton
34517,Scott Shaw
34518,Scott Sims
34519,Scott Skinner
34520,Scott Small
34521,Scott Smith
34522,Scott Snyder
34523,Scott Sosa
34524,Scott Soto
34525,Scott Steele
34526,Scott Stephens
34527,Scott Stewart
34528,Scott Strickland
34529,Scott Suarez
34530,Scott Taylor
34531,Scott Terry
34532,Scott Thomas
34533,Scott Thompson
34534,Scott Torres
34535,Scott Turner
34536,Scott Vargas
34537,Scott Velasquez
34538,Scott Wagner
34539,Scott Walker
34540,Scott Walter
34541,Scott Walton
34542,Scott Ward
34543,Scott Weaver
34544,Scott Weber
34545,Scott Weeks
34546,Scott Weiss
34547,Scott West
34548,Scott Whitehead
34549,Scott Williams
34550,Scott Wilson
34551,Scott Woodward
34552,Scott York
34553,Sean Adams
34554,Sean Allen
34555,Sean Anderson
34556,Sean Avila
34557,Sean Ayers
34558,Sean Baker
34559,Sean Ball
34560,Sean Black
34561,Sean Boyer
34562,Sean Brooks
34563,Sean Brown
34564,Sean Bryant
34565,Sean Buckley
34566,Sean Carlson
34567,Sean Carter
34568,Sean Chambers
34569,Sean Chavez
34570,Sean Clark
34571,Sean Coleman
34572,Sean Colon
34573,Sean Cooper Phd
34574,Sean Crawford
34575,Sean Curry
34576,Sean Davis
34577,Sean Fernandez
34578,Sean Garcia
34579,Sean Garrison
34580,Sean Gilbert
34581,Sean Gill
34582,Sean Gilmore
34583,Sean Gomez
34584,Sean Gonzales
34585,Sean Gonzalez
34586,Sean Grant
34587,Sean Gray
34588,Sean Green
34589,Sean Greene
34590,Sean Guerra
34591,Sean Hall
34592,Sean Harper
34593,Sean Harris
34594,Sean Hawkins
34595,Sean Hendricks
34596,Sean Henry
34597,Sean Hensley
34598,Sean Hernandez
34599,Sean Hodges
34600,Sean Houston
34601,Sean Howe
34602,Sean Howell
34603,Sean Hunter
34604,Sean Ingram
34605,Sean Jackson
34606,Sean Jacobs
34607,Sean Jimenez
34608,Sean Johnson
34609,Sean Johnson Md
34610,Sean Jones
34611,Sean Jordan
34612,Sean Kennedy
34613,Sean Klein
34614,Sean Krause
34615,Sean Lawrence
34616,Sean Lawson
34617,Sean Lee
34618,Sean Levine
34619,Sean Lindsey
34620,Sean Lopez
34621,Sean Mahoney
34622,Sean Martin
34623,Sean Martinez
34624,Sean Matthews
34625,Sean Mayer Iii
34626,Sean Mcgee
34627,Sean Mclean
34628,Sean Merritt
34629,Sean Mills
34630,Sean Moody
34631,Sean Morris
34632,Sean Morris Md
34633,Sean Murphy
34634,Sean Nguyen
34635,Sean Novak
34636,Sean Ochoa
34637,Sean Olsen
34638,Sean Ortiz
34639,Sean Osborne
34640,Sean Peck
34641,Sean Pena
34642,Sean Peters
34643,Sean Reid
34644,Sean Rhodes
34645,Sean Rivera
34646,Sean Robinson
34647,Sean Robles
34648,Sean Rodgers
34649,Sean Rodriguez
34650,Sean Ryan
34651,Sean Salazar
34652,Sean Savage
34653,Sean Schmidt
34654,Sean Schneider
34655,Sean Scott
34656,Sean Shaw
34657,Sean Silva
34658,Sean Smith
34659,Sean Soto Dvm
34660,Sean Stewart
34661,Sean Stout
34662,Sean Tate
34663,Sean Thomas
34664,Sean Thompson
34665,Sean Todd
34666,Sean Turner
34667,Sean Washington
34668,Sean White
34669,Sean Williams
34670,Sean Wood
34671,Sean Wright
34672,Selena Bell
34673,Selena Callahan
34674,Selena Conner
34675,Selena Daniel
34676,Selena Evans
34677,Selena Hall
34678,Selena Hardy
34679,Selena Maddox
34680,Selena Moody
34681,Sergio Atkins
34682,Sergio Brandt
34683,Sergio Campbell Dvm
34684,Sergio Davenport
34685,Sergio Garcia
34686,Sergio Jones
34687,Sergio Lee
34688,Sergio Moody
34689,Sergio Palmer
34690,Sergio Pena
34691,Sergio Shelton
34692,Sergio Tran
34693,Sergio Vazquez
34694,Sergio White
34695,Seth Ball
34696,Seth Bates
34697,Seth Beck
34698,Seth Burnett
34699,Seth Byrd
34700,Seth Christensen
34701,Seth Evans
34702,Seth Ferguson
34703,Seth Goodman
34704,Seth Guzman
34705,Seth Hayden
34706,Seth Hernandez
34707,Seth Hill
34708,Seth Huber
34709,Seth Kennedy
34710,Seth Le
34711,Seth Leach
34712,Seth Long
34713,Seth Miller
34714,Seth Munoz
34715,Seth Murphy
34716,Seth Nelson
34717,Seth Oconnor
34718,Seth Ponce
34719,Seth Rivera
34720,Seth Rivers
34721,Seth Sutton
34722,Seth Trevino
34723,Seth Weaver
34724,Shane Alexander
34725,Shane Andrews
34726,Shane Austin
34727,Shane Baker
34728,Shane Barnes
34729,Shane Beard
34730,Shane Beasley
34731,Shane Bentley
34732,Shane Blackwell
34733,Shane Brown
34734,Shane Carter
34735,Shane Chavez
34736,Shane Daniel
34737,Shane Edwards
34738,Shane Ferguson
34739,Shane Garcia
34740,Shane Gates
34741,Shane Gibson
34742,Shane Gordon
34743,Shane Graham
34744,Shane Green
34745,Shane Gross
34746,Shane Hayes
34747,Shane Hernandez
34748,Shane Herring
34749,Shane Hudson
34750,Shane Jackson
34751,Shane Jenkins
34752,Shane Johnson
34753,Shane Larsen
34754,Shane Larson
34755,Shane Lyons
34756,Shane Marshall
34757,Shane Martinez
34758,Shane Maxwell
34759,Shane Mcdonald
34760,Shane Mcintosh
34761,Shane Meza
34762,Shane Mitchell
34763,Shane Morales
34764,Shane Morgan
34765,Shane Morris
34766,Shane Murphy
34767,Shane Oconnell
34768,Shane Owen
34769,Shane Perez
34770,Shane Peters
34771,Shane Pierce
34772,Shane Powell
34773,Shane Reilly
34774,Shane Rodriguez
34775,Shane Rogers
34776,Shane Russell
34777,Shane Sanchez
34778,Shane Sanford
34779,Shane Simpson
34780,Shane Smith
34781,Shane Stanley
34782,Shane Stanton
34783,Shane Tate
34784,Shane Taylor
34785,Shane Terry
34786,Shane Turner
34787,Shane Wade
34788,Shane Walsh
34789,Shane Webb
34790,Shane Wilson
34791,Shane Wong
34792,Shane Wood
34793,Shannon Adkins
34794,Shannon Aguilar
34795,Shannon Allen
34796,Shannon Allen Ii
34797,Shannon Allison
34798,Shannon Alvarez Phd
34799,Shannon Anderson
34800,Shannon Baker
34801,Shannon Ballard
34802,Shannon Bates
34803,Shannon Becker
34804,Shannon Benson
34805,Shannon Brandt
34806,Shannon Brooks
34807,Shannon Buchanan
34808,Shannon Butler
34809,Shannon Cabrera
34810,Shannon Cameron
34811,Shannon Carey
34812,Shannon Carter
34813,Shannon Case
34814,Shannon Cherry
34815,Shannon Christian
34816,Shannon Clark Md
34817,Shannon Clarke
34818,Shannon Cortez
34819,Shannon Crawford
34820,Shannon Cunningham
34821,Shannon Daugherty
34822,Shannon David
34823,Shannon Davidson
34824,Shannon Davis
34825,Shannon Dawson
34826,Shannon Dodson
34827,Shannon Drake
34828,Shannon Edwards
34829,Shannon Estes
34830,Shannon Faulkner
34831,Shannon Fernandez
34832,Shannon Francis
34833,Shannon Friedman
34834,Shannon Garcia
34835,Shannon Gilbert
34836,Shannon Glover
34837,Shannon Gonzalez
34838,Shannon Gross
34839,Shannon Guzman
34840,Shannon Hall
34841,Shannon Harris
34842,Shannon Hawkins
34843,Shannon Haynes
34844,Shannon Hernandez
34845,Shannon Hickman
34846,Shannon Hicks
34847,Shannon Hines
34848,Shannon Holmes
34849,Shannon Huang
34850,Shannon Humphrey
34851,Shannon James
34852,Shannon Johnston
34853,Shannon Jones
34854,Shannon Joseph
34855,Shannon Keith
34856,Shannon Kelley
34857,Shannon Key
34858,Shannon King
34859,Shannon Kirby
34860,Shannon Leon
34861,Shannon Leonard
34862,Shannon Lucas
34863,Shannon Luna
34864,Shannon Mann
34865,Shannon Martin
34866,Shannon Mata
34867,Shannon Mathews
34868,Shannon Mccarthy
34869,Shannon Medina
34870,Shannon Meyer
34871,Shannon Miller
34872,Shannon Mitchell
34873,Shannon Moore
34874,Shannon Moore Md
34875,Shannon Morales
34876,Shannon Mueller
34877,Shannon Oconnor
34878,Shannon Olson
34879,Shannon Ortiz
34880,Shannon Palmer
34881,Shannon Parsons
34882,Shannon Patterson
34883,Shannon Perez
34884,Shannon Peterson
34885,Shannon Porter
34886,Shannon Quinn
34887,Shannon Ramirez
34888,Shannon Ramsey
34889,Shannon Reed
34890,Shannon Richardson
34891,Shannon Riley
34892,Shannon Rivera
34893,Shannon Roberts
34894,Shannon Robinson
34895,Shannon Rocha
34896,Shannon Rodgers
34897,Shannon Rojas
34898,Shannon Romero
34899,Shannon Ross
34900,Shannon Rowe
34901,Shannon Roy
34902,Shannon Russell
34903,Shannon Sanchez
34904,Shannon Sandoval
34905,Shannon Savage
34906,Shannon Schroeder
34907,Shannon Scott
34908,Shannon Shah
34909,Shannon Silva
34910,Shannon Small
34911,Shannon Smith
34912,Shannon Snow
34913,Shannon Snyder
34914,Shannon Soto
34915,Shannon Stewart
34916,Shannon Sutton
34917,Shannon Taylor
34918,Shannon Thomas
34919,Shannon Thompson
34920,Shannon Tran
34921,Shannon Turner
34922,Shannon Underwood
34923,Shannon Valdez
34924,Shannon Wallace
34925,Shannon Ward
34926,Shannon Warren
34927,Shannon Webb
34928,Shannon West
34929,Shannon Wheeler
34930,Shannon Williams
34931,Shannon Willis
34932,Shannon Wyatt
34933,Shannon Yang
34934,Shari Allen
34935,Shari Bryant
34936,Shari Davis
34937,Shari Foster
34938,Shari Fry
34939,Shari Miller
34940,Shari Norris
34941,Shari Orr
34942,Shari Rodriguez Md
34943,Shari Underwood
34944,Shari Wolfe
34945,Sharon Acosta
34946,Sharon Adkins
34947,Sharon Aguilar
34948,Sharon Anderson
34949,Sharon Barber
34950,Sharon Barker
34951,Sharon Barton
34952,Sharon Benson
34953,Sharon Bird
34954,Sharon Brady
34955,Sharon Calhoun Dds
34956,Sharon Campbell
34957,Sharon Campos
34958,Sharon Cardenas
34959,Sharon Carroll
34960,Sharon Carter
34961,Sharon Choi
34962,Sharon Cole
34963,Sharon Contreras
34964,Sharon Cook
34965,Sharon Cooper
34966,Sharon Cox
34967,Sharon Crawford
34968,Sharon Davis
34969,Sharon Dominguez
34970,Sharon Eaton
34971,Sharon Edwards
34972,Sharon Fitzpatrick
34973,Sharon Fleming
34974,Sharon Franklin
34975,Sharon Freeman
34976,Sharon Gaines
34977,Sharon Garcia
34978,Sharon Gomez
34979,Sharon Griffin
34980,Sharon Guerrero
34981,Sharon Gutierrez
34982,Sharon Hall
34983,Sharon Harding
34984,Sharon Harris
34985,Sharon Hawkins
34986,Sharon Hensley
34987,Sharon Higgins
34988,Sharon Hill
34989,Sharon Hogan
34990,Sharon Howell
34991,Sharon Hughes
34992,Sharon Hurley
34993,Sharon Jacobs
34994,Sharon Johnson
34995,Sharon Jones
34996,Sharon King
34997,Sharon Leonard
34998,Sharon Marquez
34999,Sharon Martinez
35000,Sharon Mercado
35001,Sharon Miller
35002,Sharon Mills
35003,Sharon Miranda
35004,Sharon Morris
35005,Sharon Morrison
35006,Sharon Nelson
35007,Sharon Newman
35008,Sharon Nguyen
35009,Sharon Nunez
35010,Sharon Ochoa
35011,Sharon Olsen
35012,Sharon Parsons
35013,Sharon Paul
35014,Sharon Payne
35015,Sharon Perez
35016,Sharon Phillips
35017,Sharon Porter
35018,Sharon Rivers
35019,Sharon Robbins
35020,Sharon Roberts
35021,Sharon Robinson
35022,Sharon Rojas Dvm
35023,Sharon Sanchez
35024,Sharon Savage
35025,Sharon Schultz
35026,Sharon Shaw
35027,Sharon Smith
35028,Sharon Snyder
35029,Sharon Stanley
35030,Sharon Stephens
35031,Sharon Taylor
35032,Sharon Terry
35033,Sharon Thomas
35034,Sharon Tucker
35035,Sharon Turner
35036,Sharon Underwood
35037,Sharon Vance
35038,Sharon Vazquez
35039,Sharon Walters
35040,Sharon Waters
35041,Sharon Weber
35042,Sharon Whitaker
35043,Sharon White
35044,Sharon Williams
35045,Sharon Wilson
35046,Sharon Wood
35047,Shaun Cooper
35048,Shaun Hill
35049,Shaun Jackson
35050,Shaun Jordan
35051,Shaun Murray
35052,Shaun Phillips
35053,Shaun Price
35054,Shaun Smith
35055,Shaun Stafford
35056,Shaun Warren
35057,Shawn Adams
35058,Shawn Allen
35059,Shawn Alvarado
35060,Shawn Anderson
35061,Shawn Austin
35062,Shawn Bailey
35063,Shawn Baker
35064,Shawn Bell
35065,Shawn Boyd
35066,Shawn Brock
35067,Shawn Brown
35068,Shawn Brown Jr.
35069,Shawn Butler
35070,Shawn Cain
35071,Shawn Campbell
35072,Shawn Cantu
35073,Shawn Carroll
35074,Shawn Carter
35075,Shawn Cummings
35076,Shawn Curry
35077,Shawn Davis
35078,Shawn Diaz
35079,Shawn Dominguez
35080,Shawn Evans
35081,Shawn Flores
35082,Shawn Foley
35083,Shawn Garcia
35084,Shawn Gonzales
35085,Shawn Gonzalez
35086,Shawn Green Dds
35087,Shawn Guerrero
35088,Shawn Hall
35089,Shawn Hamilton
35090,Shawn Hanna
35091,Shawn Herring
35092,Shawn Hicks
35093,Shawn Hill
35094,Shawn Hobbs
35095,Shawn Howard
35096,Shawn Hughes
35097,Shawn Jennings
35098,Shawn Johnson
35099,Shawn Jordan
35100,Shawn Kerr
35101,Shawn Kim
35102,Shawn King
35103,Shawn Kirk
35104,Shawn Lane
35105,Shawn Lee
35106,Shawn Martinez
35107,Shawn Mcclain
35108,Shawn Mcfarland
35109,Shawn Mckinney
35110,Shawn Mejia
35111,Shawn Mendoza
35112,Shawn Miller
35113,Shawn Moore
35114,Shawn Morris
35115,Shawn Morrison Dvm
35116,Shawn Nelson
35117,Shawn Nielsen
35118,Shawn Peters
35119,Shawn Phillips
35120,Shawn Price
35121,Shawn Ramirez
35122,Shawn Reyes
35123,Shawn Reyes Dds
35124,Shawn Richardson
35125,Shawn Rios
35126,Shawn Rivera
35127,Shawn Roberson
35128,Shawn Roberts
35129,Shawn Rojas
35130,Shawn Roman
35131,Shawn Rubio
35132,Shawn Russell
35133,Shawn Santiago
35134,Shawn Santos
35135,Shawn Scott
35136,Shawn Shepherd
35137,Shawn Simmons
35138,Shawn Simon
35139,Shawn Sloan
35140,Shawn Sullivan
35141,Shawn Tate
35142,Shawn Thomas
35143,Shawn Todd
35144,Shawn Torres
35145,Shawn Townsend
35146,Shawn Vincent
35147,Shawn Warren
35148,Shawn Washington
35149,Shawn Webb
35150,Shawn Whitaker
35151,Shawn White
35152,Shawn Wiggins
35153,Shawn Williams
35154,Shawn Wilson
35155,Shawn Woods
35156,Shawna Alvarez
35157,Shawna Barber
35158,Shawna Higgins
35159,Shawna Vaughn
35160,Sheena Anderson
35161,Sheena Carlson
35162,Sheena Farley
35163,Sheena Jackson
35164,Sheena Nash
35165,Sheena Ramirez
35166,Sheena Rivas
35167,Sheena Weaver
35168,Sheena Wilson
35169,Sheila Adams
35170,Sheila Alvarado
35171,Sheila Anderson
35172,Sheila Ayers
35173,Sheila Ball
35174,Sheila Bowen
35175,Sheila Bowers
35176,Sheila Bradley
35177,Sheila Brennan
35178,Sheila Brewer
35179,Sheila Butler
35180,Sheila Byrd
35181,Sheila Campbell
35182,Sheila Cardenas
35183,Sheila Collins
35184,Sheila Cooper
35185,Sheila David
35186,Sheila Edwards
35187,Sheila Fleming
35188,Sheila Flowers
35189,Sheila Foster
35190,Sheila Fuller
35191,Sheila Gallagher
35192,Sheila Galloway
35193,Sheila Hartman
35194,Sheila Hill
35195,Sheila Ho
35196,Sheila James
35197,Sheila Johnson
35198,Sheila Kelly
35199,Sheila Mccormick
35200,Sheila Medina
35201,Sheila Moore
35202,Sheila Morris
35203,Sheila Munoz
35204,Sheila Nelson
35205,Sheila Nguyen
35206,Sheila Perry
35207,Sheila Porter
35208,Sheila Rivera
35209,Sheila Rodgers
35210,Sheila Rodriguez
35211,Sheila Schwartz
35212,Sheila Shepherd
35213,Sheila Smith
35214,Sheila Trevino
35215,Sheila Valencia
35216,Sheila Vega
35217,Sheila Walker
35218,Sheila Wallace
35219,Sheila Walters
35220,Sheila Walton
35221,Sheila Washington
35222,Sheila Wilson
35223,Sheila Young
35224,Shelby Aguirre
35225,Shelby Alexander
35226,Shelby Alvarez
35227,Shelby Baker
35228,Shelby Charles
35229,Shelby Clark
35230,Shelby Diaz
35231,Shelby Dickerson
35232,Shelby Duffy
35233,Shelby Evans
35234,Shelby Fox
35235,Shelby Green
35236,Shelby Hudson
35237,Shelby Huffman
35238,Shelby Johnson
35239,Shelby Jones
35240,Shelby Lyons
35241,Shelby Mcguire
35242,Shelby Miller
35243,Shelby Morgan
35244,Shelby Oconnor
35245,Shelby Peters
35246,Shelby Ramirez
35247,Shelby Reyes
35248,Shelby Simmons
35249,Shelby Simpson
35250,Shelby Smith
35251,Shelby Terry
35252,Shelby Walters
35253,Shelia Adams Phd
35254,Shelia Barrett
35255,Shelia Boyer
35256,Shelia Burns
35257,Shelia Cabrera
35258,Shelia Freeman Dds
35259,Shelia Johnson
35260,Shelia Kim
35261,Shelia Oconnor
35262,Shelia Powell
35263,Shelia Reeves
35264,Shelia Thomas
35265,Shelia Vasquez
35266,Shelley Aguirre
35267,Shelley Alexander
35268,Shelley Anderson
35269,Shelley Campbell
35270,Shelley Collins
35271,Shelley Garcia
35272,Shelley Garrison
35273,Shelley Green
35274,Shelley Greer
35275,Shelley Harper
35276,Shelley Hoover
35277,Shelley Jackson
35278,Shelley Jones
35279,Shelley Lopez
35280,Shelley Lucas
35281,Shelley Maldonado
35282,Shelley Martinez
35283,Shelley Mcbride
35284,Shelley Miller
35285,Shelley Mitchell
35286,Shelley Poole
35287,Shelley Ramirez
35288,Shelley Sloan
35289,Shelley Smith
35290,Shelley Stevens
35291,Shelly Andrade
35292,Shelly Bright
35293,Shelly Burns
35294,Shelly Davis
35295,Shelly Ferguson
35296,Shelly Fowler
35297,Shelly Frank
35298,Shelly Griffith
35299,Shelly Harrison
35300,Shelly Hart
35301,Shelly Hogan
35302,Shelly Kelley
35303,Shelly Kelly
35304,Shelly King
35305,Shelly Martin
35306,Shelly Mccullough
35307,Shelly Meadows
35308,Shelly Miller
35309,Shelly Moreno
35310,Shelly Mosley
35311,Shelly Murphy
35312,Shelly Myers
35313,Shelly Neal
35314,Shelly Payne
35315,Shelly Phillips
35316,Shelly Rodriguez
35317,Shelly Russell
35318,Shelly Smith
35319,Shelly Stephenson
35320,Shelly Stevens
35321,Shelly Taylor
35322,Shelly Tran
35323,Sheri Bennett
35324,Sheri Castro
35325,Sheri Daniels
35326,Sheri Fitzgerald
35327,Sheri Galvan
35328,Sheri Gill
35329,Sheri Gomez
35330,Sheri Gould
35331,Sheri Hoffman
35332,Sheri Holland Phd
35333,Sheri Johnson
35334,Sheri Lee
35335,Sheri Mercer
35336,Sheri Moore
35337,Sheri Nguyen
35338,Sheri Parker
35339,Sheri Thomas
35340,Sheri Waters
35341,Sheri Watkins
35342,Sherri Alexander
35343,Sherri Campbell
35344,Sherri Campos
35345,Sherri Contreras
35346,Sherri Cook
35347,Sherri Fisher
35348,Sherri Fowler
35349,Sherri Frazier
35350,Sherri Gibson
35351,Sherri Greene
35352,Sherri Gregory
35353,Sherri Henderson
35354,Sherri Hill
35355,Sherri Hopkins
35356,Sherri Humphrey
35357,Sherri Jimenez
35358,Sherri Johnson
35359,Sherri Mckay
35360,Sherri Mckee
35361,Sherri Pruitt
35362,Sherri Rose
35363,Sherri Sanchez
35364,Sherri Sanchez Dvm
35365,Sherri Simon
35366,Sherri Tate
35367,Sherri Turner
35368,Sherry Acosta
35369,Sherry Allen
35370,Sherry Anderson
35371,Sherry Arnold
35372,Sherry Banks
35373,Sherry Brown
35374,Sherry Burns
35375,Sherry Case
35376,Sherry Cisneros
35377,Sherry Clark
35378,Sherry Dudley
35379,Sherry Durham
35380,Sherry Edwards
35381,Sherry Garcia
35382,Sherry Gonzalez
35383,Sherry Gordon
35384,Sherry Hahn
35385,Sherry Hall
35386,Sherry Hill
35387,Sherry Howard
35388,Sherry Howell
35389,Sherry Jenkins
35390,Sherry Johnson
35391,Sherry Jones
35392,Sherry Kelley
35393,Sherry Long
35394,Sherry Maxwell
35395,Sherry Moreno
35396,Sherry Murphy
35397,Sherry Navarro
35398,Sherry Nguyen
35399,Sherry Nichols
35400,Sherry Oneal
35401,Sherry Oneill
35402,Sherry Ortiz
35403,Sherry Parker
35404,Sherry Patel
35405,Sherry Riley
35406,Sherry Robbins
35407,Sherry Ryan
35408,Sherry Salazar
35409,Sherry Sanchez
35410,Sherry Sexton
35411,Sherry Smith
35412,Sherry Stafford
35413,Sherry Steele
35414,Sherry Swanson
35415,Sherry Torres
35416,Sherry Turner
35417,Sherry Vazquez
35418,Sherry Washington
35419,Sherry Watson
35420,Sherry White
35421,Sherry Williams
35422,Sherry Williamson
35423,Sherry Wilson
35424,Sherry Young
35425,Sheryl Brady
35426,Sheryl Brown
35427,Sheryl Gibbs
35428,Sheryl Harris
35429,Sheryl Kelly
35430,Sheryl Mccarthy
35431,Sheryl Medina
35432,Sheryl Olsen
35433,Sheryl Pena
35434,Sheryl Pruitt
35435,Sheryl Reed
35436,Shirley Armstrong
35437,Shirley Brock
35438,Shirley Buck
35439,Shirley Carpenter
35440,Shirley Cooke
35441,Shirley Davis
35442,Shirley Dawson
35443,Shirley Hubbard
35444,Shirley Huber
35445,Shirley Johnson
35446,Shirley Martin
35447,Shirley Martinez
35448,Shirley Oneill
35449,Shirley Palmer
35450,Shirley Pierce
35451,Shirley Proctor
35452,Shirley Salas
35453,Shirley Smith
35454,Shirley Vaughn
35455,Shirley Villa
35456,Shirley Walker
35457,Shirley Williams
35458,Sierra Adams
35459,Sierra Bryant
35460,Sierra Carlson
35461,Sierra Coleman
35462,Sierra Cooper
35463,Sierra Cortez
35464,Sierra Dean
35465,Sierra Gomez
35466,Sierra Graves
35467,Sierra Harris
35468,Sierra Henderson
35469,Sierra Kerr
35470,Sierra Larson
35471,Sierra Lopez
35472,Sierra Nolan
35473,Sierra Patel
35474,Sierra Pugh
35475,Sierra Reed
35476,Sierra Rodgers
35477,Sierra Rowe
35478,Sierra Thompson
35479,Sierra Werner
35480,Sonia Davis
35481,Sonia Gonzalez
35482,Sonia Gray
35483,Sonia Morris
35484,Sonia Norman
35485,Sonia Ponce
35486,Sonia Ramirez
35487,Sonia Shields
35488,Sonia Townsend
35489,Sonia Williams
35490,Sonya Bernard
35491,Sonya Castillo
35492,Sonya Combs
35493,Sonya Costa
35494,Sonya Davila
35495,Sonya Fletcher
35496,Sonya Gamble
35497,Sonya Gonzalez
35498,Sonya Grant
35499,Sonya Graves
35500,Sonya Hicks
35501,Sonya Jackson
35502,Sonya Jones
35503,Sonya Kent
35504,Sonya Mcgee
35505,Sonya Miller
35506,Sonya Nolan
35507,Sonya Olson
35508,Sonya Owens
35509,Sonya Russell
35510,Sonya Smith
35511,Sonya Steele
35512,Sonya Wallace
35513,Sonya Williams
35514,Sonya Wright
35515,Sophia Austin
35516,Sophia Farmer
35517,Sophia Gibbs
35518,Sophia James
35519,Sophia Lam
35520,Sophia Munoz
35521,Sophia Price
35522,Sophia Reeves
35523,Sophia Shaw
35524,Sophia Vasquez
35525,Spencer Allen
35526,Spencer Anthony
35527,Spencer Benson
35528,Spencer Berry
35529,Spencer Carpenter
35530,Spencer Escobar
35531,Spencer Floyd
35532,Spencer Gallagher
35533,Spencer Miller
35534,Spencer Nelson
35535,Spencer Obrien
35536,Spencer Odom
35537,Spencer Ramirez
35538,Spencer Rivera
35539,Spencer Rodriguez
35540,Spencer Rogers
35541,Spencer Rollins
35542,Spencer Short
35543,Spencer Sims
35544,Spencer Smith
35545,Spencer York
35546,Stacey Allen Phd
35547,Stacey Andersen
35548,Stacey Armstrong
35549,Stacey Arnold
35550,Stacey Atkinson
35551,Stacey Benton
35552,Stacey Blair
35553,Stacey Braun
35554,Stacey Bryant
35555,Stacey Buchanan
35556,Stacey Burgess
35557,Stacey Caldwell
35558,Stacey Campbell
35559,Stacey Carpenter
35560,Stacey Castillo
35561,Stacey Christensen
35562,Stacey Coleman
35563,Stacey Daniels
35564,Stacey Duncan
35565,Stacey Elliott
35566,Stacey Estrada
35567,Stacey Fletcher
35568,Stacey Garcia
35569,Stacey Glover
35570,Stacey Gonzalez
35571,Stacey Hamilton
35572,Stacey Harris
35573,Stacey Hayes
35574,Stacey Henderson
35575,Stacey Irwin
35576,Stacey Jackson
35577,Stacey James
35578,Stacey Lamb
35579,Stacey Lewis
35580,Stacey Lopez
35581,Stacey Marshall
35582,Stacey Martin
35583,Stacey Mccarthy
35584,Stacey Mccarty
35585,Stacey Melendez
35586,Stacey Melton
35587,Stacey Mendez
35588,Stacey Mendoza
35589,Stacey Miranda
35590,Stacey Montgomery
35591,Stacey Myers
35592,Stacey Nguyen
35593,Stacey Oconnell
35594,Stacey Oneal
35595,Stacey Owen
35596,Stacey Parker
35597,Stacey Parks
35598,Stacey Ray
35599,Stacey Reed
35600,Stacey Rice
35601,Stacey Rios
35602,Stacey Robinson
35603,Stacey Rodriguez
35604,Stacey Russell
35605,Stacey Sandoval
35606,Stacey Simmons
35607,Stacey Smith
35608,Stacey Stone
35609,Stacey Taylor
35610,Stacey Terry
35611,Stacey Thomas
35612,Stacey Vasquez
35613,Stacey Ward
35614,Stacey Weaver
35615,Stacey Webb
35616,Stacey White
35617,Stacey White Phd
35618,Stacey Wiggins
35619,Stacey Wood
35620,Stacey Yoder
35621,Stacie Alvarez
35622,Stacie Andrade
35623,Stacie Brown
35624,Stacie Clarke
35625,Stacie Hardin
35626,Stacie Hinton
35627,Stacie King
35628,Stacie Moran
35629,Stacie Peterson
35630,Stacie Robinson
35631,Stacy Allen
35632,Stacy Allison
35633,Stacy Bender
35634,Stacy Best
35635,Stacy Boone
35636,Stacy Brewer
35637,Stacy Castro
35638,Stacy Clark
35639,Stacy Collier
35640,Stacy Davis
35641,Stacy Dean
35642,Stacy Dunn
35643,Stacy Farrell
35644,Stacy Ferguson
35645,Stacy Garcia
35646,Stacy Gonzalez
35647,Stacy Green
35648,Stacy Harris
35649,Stacy Hernandez
35650,Stacy Holt
35651,Stacy Hunt
35652,Stacy Jackson
35653,Stacy Johnson
35654,Stacy Jones
35655,Stacy Knight
35656,Stacy Little
35657,Stacy Long
35658,Stacy Love
35659,Stacy Marquez
35660,Stacy Martinez
35661,Stacy Meza
35662,Stacy Miller
35663,Stacy Nelson
35664,Stacy Newton
35665,Stacy Page
35666,Stacy Patterson
35667,Stacy Pierce
35668,Stacy Potter
35669,Stacy Powell Dvm
35670,Stacy Ramirez
35671,Stacy Rodriguez
35672,Stacy Romero
35673,Stacy Saunders
35674,Stacy Smith
35675,Stacy Soto
35676,Stacy Stevens
35677,Stacy Stewart
35678,Stacy Sutton
35679,Stacy Taylor
35680,Stacy Valencia
35681,Stacy White
35682,Stacy Williams
35683,Stacy Wilson
35684,Stacy Zhang
35685,Stanley Berry
35686,Stanley Browning
35687,Stanley Clark
35688,Stanley Day
35689,Stanley Edwards
35690,Stanley Gray
35691,Stanley Henson
35692,Stanley Hubbard
35693,Stanley Kim
35694,Stanley King
35695,Stanley Long
35696,Stanley Mckenzie
35697,Stanley Moreno
35698,Stanley Murray
35699,Stanley Newman
35700,Stanley Reed
35701,Stanley Sanford
35702,Stanley Smith
35703,Stanley Thompson
35704,Stefanie Bridges
35705,Stefanie Hendricks
35706,Stefanie Howard
35707,Stefanie King
35708,Stefanie Lawson
35709,Stefanie Martinez
35710,Stefanie Meyer
35711,Stefanie Mitchell
35712,Stefanie Rogers
35713,Stefanie Wilson
35714,Stephanie Aguirre
35715,Stephanie Alexander
35716,Stephanie Allen
35717,Stephanie Alvarez
35718,Stephanie Anderson
35719,Stephanie Armstrong
35720,Stephanie Arnold
35721,Stephanie Arroyo
35722,Stephanie Austin
35723,Stephanie Bailey
35724,Stephanie Baker
35725,Stephanie Baldwin
35726,Stephanie Barker
35727,Stephanie Barnett
35728,Stephanie Barry
35729,Stephanie Bass
35730,Stephanie Bates
35731,Stephanie Berg
35732,Stephanie Bowman
35733,Stephanie Boyd
35734,Stephanie Boyle
35735,Stephanie Bradley
35736,Stephanie Brandt
35737,Stephanie Brewer
35738,Stephanie Brown
35739,Stephanie Buckley
35740,Stephanie Burke
35741,Stephanie Butler
35742,Stephanie Calderon
35743,Stephanie Cantrell
35744,Stephanie Cardenas
35745,Stephanie Carpenter
35746,Stephanie Casey
35747,Stephanie Castillo
35748,Stephanie Castro
35749,Stephanie Chan
35750,Stephanie Chavez
35751,Stephanie Christensen
35752,Stephanie Cisneros
35753,Stephanie Clark
35754,Stephanie Clarke
35755,Stephanie Clements
35756,Stephanie Cole
35757,Stephanie Cook
35758,Stephanie Cox
35759,Stephanie Cross
35760,Stephanie Cruz
35761,Stephanie Cunningham
35762,Stephanie Curry
35763,Stephanie Davis
35764,Stephanie Dawson
35765,Stephanie Delacruz
35766,Stephanie Deleon
35767,Stephanie Delgado
35768,Stephanie Diaz
35769,Stephanie Dillon
35770,Stephanie Duran Dds
35771,Stephanie Elliott
35772,Stephanie Everett
35773,Stephanie Farley
35774,Stephanie Farmer
35775,Stephanie Ferguson
35776,Stephanie Fernandez
35777,Stephanie Fleming
35778,Stephanie Flores
35779,Stephanie Ford
35780,Stephanie Frazier
35781,Stephanie Gallegos
35782,Stephanie Garcia
35783,Stephanie Garza
35784,Stephanie George
35785,Stephanie Gibson
35786,Stephanie Gomez
35787,Stephanie Gonzalez
35788,Stephanie Green
35789,Stephanie Greene
35790,Stephanie Griffin
35791,Stephanie Hancock
35792,Stephanie Hardy Dds
35793,Stephanie Harris
35794,Stephanie Harrison
35795,Stephanie Hartman
35796,Stephanie Harvey
35797,Stephanie Hatfield
35798,Stephanie Hawkins
35799,Stephanie Henderson
35800,Stephanie Hernandez
35801,Stephanie Herrera
35802,Stephanie Hicks
35803,Stephanie Hill
35804,Stephanie Hoffman
35805,Stephanie Holloway
35806,Stephanie Hood
35807,Stephanie Hopkins
35808,Stephanie Howard
35809,Stephanie Hutchinson Phd
35810,Stephanie Ibarra
35811,Stephanie Ingram
35812,Stephanie Jacobson
35813,Stephanie James
35814,Stephanie Johnson
35815,Stephanie Jones
35816,Stephanie Joseph
35817,Stephanie Kelley
35818,Stephanie Kemp
35819,Stephanie Kent
35820,Stephanie King
35821,Stephanie Knox
35822,Stephanie Koch
35823,Stephanie Kramer
35824,Stephanie Lamb
35825,Stephanie Larson
35826,Stephanie Lee
35827,Stephanie Lewis
35828,Stephanie Little
35829,Stephanie Lopez
35830,Stephanie Love
35831,Stephanie Lowery Md
35832,Stephanie Macdonald
35833,Stephanie Maldonado
35834,Stephanie Malone
35835,Stephanie Mann
35836,Stephanie Marks
35837,Stephanie Marsh
35838,Stephanie Marshall
35839,Stephanie Mata
35840,Stephanie Mathis
35841,Stephanie Maynard
35842,Stephanie Mays
35843,Stephanie Mccarthy
35844,Stephanie Mckinney
35845,Stephanie Meadows
35846,Stephanie Mejia
35847,Stephanie Melendez
35848,Stephanie Middleton
35849,Stephanie Miller
35850,Stephanie Mitchell
35851,Stephanie Moore
35852,Stephanie Morales
35853,Stephanie Morgan
35854,Stephanie Morris
35855,Stephanie Morrison
35856,Stephanie Morton
35857,Stephanie Mullen
35858,Stephanie Munoz
35859,Stephanie Navarro
35860,Stephanie Nelson
35861,Stephanie Newman
35862,Stephanie Newton
35863,Stephanie Obrien
35864,Stephanie Owen
35865,Stephanie Owens
35866,Stephanie Pace
35867,Stephanie Pacheco
35868,Stephanie Parker
35869,Stephanie Patel
35870,Stephanie Paul
35871,Stephanie Payne
35872,Stephanie Pena
35873,Stephanie Perry
35874,Stephanie Petty
35875,Stephanie Pham
35876,Stephanie Phillips
35877,Stephanie Pope
35878,Stephanie Porter
35879,Stephanie Powell
35880,Stephanie Quinn
35881,Stephanie Ramirez
35882,Stephanie Reyes
35883,Stephanie Reynolds
35884,Stephanie Richards
35885,Stephanie Rios
35886,Stephanie Rivera
35887,Stephanie Robinson
35888,Stephanie Rodriguez
35889,Stephanie Rogers
35890,Stephanie Rubio
35891,Stephanie Sanchez
35892,Stephanie Sandoval Phd
35893,Stephanie Schaefer
35894,Stephanie Schultz
35895,Stephanie Scott
35896,Stephanie Shepard
35897,Stephanie Silva
35898,Stephanie Sims
35899,Stephanie Singh
35900,Stephanie Skinner
35901,Stephanie Smith
35902,Stephanie Spears
35903,Stephanie Spencer
35904,Stephanie Stewart
35905,Stephanie Suarez
35906,Stephanie Sweeney
35907,Stephanie Taylor
35908,Stephanie Thomas
35909,Stephanie Thomas Dds
35910,Stephanie Thompson
35911,Stephanie Torres
35912,Stephanie Tran
35913,Stephanie Travis
35914,Stephanie Tucker
35915,Stephanie Turner
35916,Stephanie Underwood
35917,Stephanie Valentine
35918,Stephanie Vance
35919,Stephanie Vazquez
35920,Stephanie Walker
35921,Stephanie Wallace
35922,Stephanie Walsh
35923,Stephanie Warner
35924,Stephanie Watson
35925,Stephanie Weber
35926,Stephanie Weeks
35927,Stephanie Welch
35928,Stephanie Wells
35929,Stephanie West
35930,Stephanie Wheeler
35931,Stephanie White
35932,Stephanie Whitney
35933,Stephanie Wilcox
35934,Stephanie Williams
35935,Stephanie Wilson
35936,Stephanie Wolf
35937,Stephanie Wolfe
35938,Stephanie Woodard
35939,Stephanie Young
35940,Stephen Adams
35941,Stephen Adkins
35942,Stephen Atkinson
35943,Stephen Austin
35944,Stephen Bailey
35945,Stephen Baker
35946,Stephen Ball
35947,Stephen Beck
35948,Stephen Becker
35949,Stephen Bell
35950,Stephen Berg
35951,Stephen Berry
35952,Stephen Black
35953,Stephen Blackwell
35954,Stephen Bond
35955,Stephen Bradford
35956,Stephen Brooks
35957,Stephen Brown
35958,Stephen Burke
35959,Stephen Burnett
35960,Stephen Burton
35961,Stephen Carlson
35962,Stephen Carr
35963,Stephen Casey
35964,Stephen Chavez
35965,Stephen Clark
35966,Stephen Cochran
35967,Stephen Cole
35968,Stephen Coleman
35969,Stephen Cordova
35970,Stephen Davis
35971,Stephen Decker
35972,Stephen Deleon
35973,Stephen Duncan
35974,Stephen Edwards Dds
35975,Stephen Ellison
35976,Stephen Escobar
35977,Stephen Evans
35978,Stephen Ferguson
35979,Stephen Fitzgerald
35980,Stephen Flores
35981,Stephen Garcia
35982,Stephen Gates
35983,Stephen George
35984,Stephen Gibson
35985,Stephen Gill
35986,Stephen Gomez
35987,Stephen Gonzalez
35988,Stephen Gordon
35989,Stephen Gould
35990,Stephen Gray
35991,Stephen Gregory
35992,Stephen Griffin
35993,Stephen Hardy
35994,Stephen Harris
35995,Stephen Harrison
35996,Stephen Harvey
35997,Stephen Hayes
35998,Stephen Heath
35999,Stephen Hebert
36000,Stephen Hendrix
36001,Stephen Hernandez
36002,Stephen Hess
36003,Stephen Holloway
36004,Stephen Holt
36005,Stephen Hood Phd
36006,Stephen Hudson
36007,Stephen Ibarra
36008,Stephen Jimenez
36009,Stephen Johns
36010,Stephen Johnson
36011,Stephen Jones
36012,Stephen Kelly
36013,Stephen King
36014,Stephen Larson
36015,Stephen Lawson
36016,Stephen Lewis
36017,Stephen Lopez
36018,Stephen Manning
36019,Stephen Marquez
36020,Stephen Martin
36021,Stephen Maxwell
36022,Stephen May
36023,Stephen Mcdaniel
36024,Stephen Mckenzie
36025,Stephen Mejia
36026,Stephen Miller
36027,Stephen Mills
36028,Stephen Moore
36029,Stephen Munoz
36030,Stephen Murray
36031,Stephen Myers
36032,Stephen Newton
36033,Stephen Nguyen
36034,Stephen Obrien
36035,Stephen Oconnor
36036,Stephen Olsen
36037,Stephen Olson
36038,Stephen Ortiz
36039,Stephen Parsons
36040,Stephen Patterson
36041,Stephen Patton
36042,Stephen Perkins
36043,Stephen Perry
36044,Stephen Phillips
36045,Stephen Proctor
36046,Stephen Ray
36047,Stephen Riggs
36048,Stephen Rios
36049,Stephen Robbins
36050,Stephen Robinson
36051,Stephen Robles
36052,Stephen Rodriguez
36053,Stephen Rogers
36054,Stephen Rosales
36055,Stephen Ruiz
36056,Stephen Salazar
36057,Stephen Sampson
36058,Stephen Sanchez Dds
36059,Stephen Santana
36060,Stephen Schaefer
36061,Stephen Schultz
36062,Stephen Shaw
36063,Stephen Shields
36064,Stephen Smith
36065,Stephen Soto
36066,Stephen Stanley
36067,Stephen Steele
36068,Stephen Stephenson
36069,Stephen Stevens
36070,Stephen Stokes
36071,Stephen Sweeney
36072,Stephen Tate
36073,Stephen Taylor
36074,Stephen Terry
36075,Stephen Torres
36076,Stephen Tran
36077,Stephen Turner
36078,Stephen Turner Md
36079,Stephen Tyler
36080,Stephen Valencia
36081,Stephen Vang
36082,Stephen Vasquez
36083,Stephen Vaughan
36084,Stephen Walker
36085,Stephen Wallace
36086,Stephen Ward
36087,Stephen Welch
36088,Stephen White
36089,Stephen Wiley
36090,Stephen Williams
36091,Stephen Wilson
36092,Stephen Woods
36093,Stephen Yates
36094,Steve Adams
36095,Steve Anderson
36096,Steve Avila
36097,Steve Baker
36098,Steve Black
36099,Steve Brown
36100,Steve Carrillo
36101,Steve Casey
36102,Steve Cook
36103,Steve Cunningham
36104,Steve Elliott
36105,Steve Goodwin
36106,Steve Hester
36107,Steve Hood
36108,Steve Huang
36109,Steve Hull
36110,Steve Johnson
36111,Steve Joseph
36112,Steve Kelly
36113,Steve King
36114,Steve Lewis
36115,Steve Mcdaniel
36116,Steve Owens
36117,Steve Phelps
36118,Steve Potts
36119,Steve Shaw
36120,Steve Stephenson
36121,Steve West
36122,Steve Williams
36123,Steven Adams
36124,Steven Aguilar
36125,Steven Allen
36126,Steven Alvarado
36127,Steven Anderson
36128,Steven Atkins
36129,Steven Bailey
36130,Steven Baker
36131,Steven Barber
36132,Steven Barnett
36133,Steven Barrera
36134,Steven Beard
36135,Steven Benson
36136,Steven Black
36137,Steven Blanchard
36138,Steven Blanchard Md
36139,Steven Boyle
36140,Steven Bradley
36141,Steven Brandt
36142,Steven Brooks
36143,Steven Brown
36144,Steven Burgess
36145,Steven Byrd
36146,Steven Carr
36147,Steven Castaneda
36148,Steven Castro
36149,Steven Chambers
36150,Steven Chavez
36151,Steven Clark
36152,Steven Conley
36153,Steven Cook
36154,Steven Cooley
36155,Steven Costa
36156,Steven Craig
36157,Steven Crane
36158,Steven Crawford
36159,Steven Davenport
36160,Steven Davis
36161,Steven Dawson
36162,Steven Dixon
36163,Steven Dominguez
36164,Steven Douglas
36165,Steven Duncan
36166,Steven Eaton
36167,Steven Edwards
36168,Steven Ellis
36169,Steven Esparza
36170,Steven Fischer
36171,Steven Fisher
36172,Steven Fitzgerald
36173,Steven Freeman
36174,Steven Fuller
36175,Steven Garcia
36176,Steven George
36177,Steven Gibbs
36178,Steven Gibson
36179,Steven Gonzalez
36180,Steven Gordon
36181,Steven Grant
36182,Steven Gray
36183,Steven Green
36184,Steven Gross
36185,Steven Guerrero
36186,Steven Hall
36187,Steven Hamilton
36188,Steven Hancock
36189,Steven Hansen
36190,Steven Hardin
36191,Steven Harmon
36192,Steven Harper
36193,Steven Harris
36194,Steven Hart
36195,Steven Hayden
36196,Steven Henderson
36197,Steven Henson
36198,Steven Hernandez
36199,Steven Herrera
36200,Steven Hess
36201,Steven Hester
36202,Steven Hicks
36203,Steven Hoover
36204,Steven Horton
36205,Steven Howard
36206,Steven Hubbard
36207,Steven Huff
36208,Steven Hunt
36209,Steven Ingram
36210,Steven Jackson
36211,Steven Jacobs
36212,Steven James
36213,Steven Jarvis
36214,Steven Jennings
36215,Steven Johnson
36216,Steven Johnston
36217,Steven Jones
36218,Steven Jones Jr.
36219,Steven Jordan
36220,Steven Kelley
36221,Steven Kim
36222,Steven King
36223,Steven Klein Dvm
36224,Steven Landry
36225,Steven Larson
36226,Steven Leblanc
36227,Steven Lee
36228,Steven Levy
36229,Steven Lewis
36230,Steven Lewis Md
36231,Steven Lindsey
36232,Steven Little
36233,Steven Lloyd
36234,Steven Lopez
36235,Steven Lucas
36236,Steven Lynn
36237,Steven Lyons
36238,Steven Mack
36239,Steven Martinez
36240,Steven Mason
36241,Steven Maxwell
36242,Steven May
36243,Steven Mayer
36244,Steven Mcdaniel
36245,Steven Mcdonald
36246,Steven Mcintyre
36247,Steven Mckay
36248,Steven Mclean
36249,Steven Mcmillan
36250,Steven Mendez
36251,Steven Mendoza
36252,Steven Mercado
36253,Steven Merritt
36254,Steven Miller
36255,Steven Mills
36256,Steven Mitchell
36257,Steven Moore
36258,Steven Morales
36259,Steven Moran
36260,Steven Moreno
36261,Steven Morgan
36262,Steven Moses
36263,Steven Moyer
36264,Steven Mueller
36265,Steven Munoz
36266,Steven Murphy
36267,Steven Myers
36268,Steven Nelson
36269,Steven Newton
36270,Steven Nichols
36271,Steven Nicholson
36272,Steven Obrien
36273,Steven Olson
36274,Steven Ortiz
36275,Steven Owen
36276,Steven Pacheco
36277,Steven Padilla
36278,Steven Palmer Md
36279,Steven Parker
36280,Steven Parrish
36281,Steven Patel
36282,Steven Patterson
36283,Steven Paul
36284,Steven Perkins
36285,Steven Peters
36286,Steven Peterson
36287,Steven Phillips
36288,Steven Pierce
36289,Steven Pittman
36290,Steven Pollard
36291,Steven Porter
36292,Steven Ramirez
36293,Steven Randall
36294,Steven Reed
36295,Steven Riddle
36296,Steven Riley
36297,Steven Rios
36298,Steven Rivas
36299,Steven Roberts
36300,Steven Robinson
36301,Steven Rodriguez
36302,Steven Rogers
36303,Steven Romero
36304,Steven Ross
36305,Steven Russell
36306,Steven Santos
36307,Steven Schmidt
36308,Steven Schwartz
36309,Steven Scott
36310,Steven Sexton
36311,Steven Silva
36312,Steven Simmons
36313,Steven Simon
36314,Steven Sloan
36315,Steven Smith
36316,Steven Snyder
36317,Steven Stark
36318,Steven Stephens
36319,Steven Stephenson
36320,Steven Stevens
36321,Steven Stewart
36322,Steven Strickland
36323,Steven Sutton
36324,Steven Taylor
36325,Steven Thomas
36326,Steven Thompson
36327,Steven Tran
36328,Steven Trujillo
36329,Steven Turner
36330,Steven Valdez
36331,Steven Valentine
36332,Steven Vasquez
36333,Steven Vega
36334,Steven Villegas
36335,Steven Walker
36336,Steven Walsh
36337,Steven Walters
36338,Steven Walton
36339,Steven Warner
36340,Steven Warren
36341,Steven Watson
36342,Steven Watts
36343,Steven Webster
36344,Steven Welch
36345,Steven West
36346,Steven Wheeler
36347,Steven Williams
36348,Steven Willis
36349,Steven Wilson
36350,Steven Wong
36351,Steven Wright
36352,Steven Young
36353,Steven Yu
36354,Steven Zhang
36355,Steven Zimmerman
36356,Stuart Cowan
36357,Stuart Harris
36358,Stuart Johnson
36359,Stuart Knox
36360,Stuart Lowe
36361,Stuart Moore
36362,Stuart Rivera
36363,Stuart Walker
36364,Stuart Watkins
36365,Sue Bell
36366,Sue Cooper
36367,Sue Hicks
36368,Sue Hodges
36369,Sue Johnson
36370,Sue Nguyen
36371,Sue Ortiz
36372,Sue Sherman
36373,Sue Travis
36374,Sue Valdez
36375,Sue Wade
36376,Sue Zimmerman
36377,Summer Adams
36378,Summer Ball
36379,Summer Becker
36380,Summer Fuller
36381,Summer Gonzalez
36382,Summer Hernandez
36383,Summer Meyer
36384,Summer Miller
36385,Summer Smith
36386,Summer Stevenson
36387,Summer Ward
36388,Susan Adkins
36389,Susan Aguilar
36390,Susan Alvarez
36391,Susan Andersen
36392,Susan Anderson
36393,Susan Bailey
36394,Susan Bates
36395,Susan Bauer
36396,Susan Beck
36397,Susan Berg
36398,Susan Bond
36399,Susan Bradford
36400,Susan Bradley
36401,Susan Brandt
36402,Susan Brennan
36403,Susan Brown
36404,Susan Caldwell
36405,Susan Carter
36406,Susan Castillo
36407,Susan Chang
36408,Susan Chapman
36409,Susan Chavez
36410,Susan Clark
36411,Susan Coleman
36412,Susan Collins
36413,Susan Cooke
36414,Susan Cox
36415,Susan Cummings
36416,Susan Daniels
36417,Susan Davis
36418,Susan Dawson
36419,Susan Diaz
36420,Susan Dixon
36421,Susan Downs
36422,Susan Elliott
36423,Susan Farrell
36424,Susan Fisher
36425,Susan Fitzpatrick
36426,Susan Forbes
36427,Susan Fowler
36428,Susan Fuller
36429,Susan Gaines
36430,Susan Garcia
36431,Susan Garza
36432,Susan George
36433,Susan Gibson
36434,Susan Gill
36435,Susan Gordon
36436,Susan Green
36437,Susan Gregory
36438,Susan Guerrero
36439,Susan Hall
36440,Susan Hamilton
36441,Susan Hampton
36442,Susan Haney
36443,Susan Hansen
36444,Susan Hanson
36445,Susan Hardy
36446,Susan Harris
36447,Susan Haynes
36448,Susan Henderson
36449,Susan Hernandez
36450,Susan Herrera
36451,Susan Hess
36452,Susan Hill
36453,Susan Hoffman
36454,Susan Holmes
36455,Susan Hopkins
36456,Susan Howard
36457,Susan Hubbard
36458,Susan Humphrey
36459,Susan Hunt
36460,Susan Hunt Dds
36461,Susan Hunter
36462,Susan Jackson
36463,Susan Jensen
36464,Susan Jimenez
36465,Susan Johnson
36466,Susan Jones
36467,Susan Jordan
36468,Susan Lamb
36469,Susan Lawson
36470,Susan Lester
36471,Susan Lewis
36472,Susan Lloyd
36473,Susan Lopez
36474,Susan Luna
36475,Susan Mack
36476,Susan Martin
36477,Susan Martinez
36478,Susan Mason
36479,Susan Mccann
36480,Susan Mccoy
36481,Susan Mclaughlin
36482,Susan Mcneil
36483,Susan Mendoza
36484,Susan Miller
36485,Susan Miranda
36486,Susan Mitchell
36487,Susan Moon
36488,Susan Morris
36489,Susan Mullen
36490,Susan Munoz
36491,Susan Murphy
36492,Susan Murray
36493,Susan Myers
36494,Susan Navarro
36495,Susan Newton
36496,Susan Nguyen
36497,Susan Nichols
36498,Susan Nielsen Md
36499,Susan Oliver
36500,Susan Oneal
36501,Susan Oneill
36502,Susan Pace
36503,Susan Pacheco
36504,Susan Parker
36505,Susan Parsons
36506,Susan Patel
36507,Susan Petersen
36508,Susan Phillips
36509,Susan Porter
36510,Susan Powell
36511,Susan Powers
36512,Susan Pratt
36513,Susan Proctor
36514,Susan Ramirez
36515,Susan Ramsey
36516,Susan Reed
36517,Susan Reeves
36518,Susan Reid
36519,Susan Rios Dds
36520,Susan Roberts
36521,Susan Rodriguez
36522,Susan Rose
36523,Susan Roy
36524,Susan Russell
36525,Susan Ryan
36526,Susan Salazar
36527,Susan Sampson
36528,Susan Sanchez
36529,Susan Santiago
36530,Susan Schmitt
36531,Susan Schwartz Md
36532,Susan Scott
36533,Susan Sexton
36534,Susan Sharp
36535,Susan Silva
36536,Susan Smith
36537,Susan Solomon
36538,Susan Spencer
36539,Susan Steele
36540,Susan Stewart
36541,Susan Taylor
36542,Susan Terrell
36543,Susan Terry
36544,Susan Thompson
36545,Susan Torres
36546,Susan Trujillo
36547,Susan Turner
36548,Susan Vargas
36549,Susan Vasquez
36550,Susan Wade
36551,Susan Wang
36552,Susan Welch
36553,Susan Wheeler
36554,Susan White
36555,Susan Whitehead
36556,Susan Whitney
36557,Susan Williams
36558,Susan Woods
36559,Susan Woodward
36560,Susan Wright
36561,Suzanne Adams
36562,Suzanne Allen
36563,Suzanne Anderson
36564,Suzanne Armstrong
36565,Suzanne Barrett
36566,Suzanne Bell
36567,Suzanne Butler
36568,Suzanne Ellis
36569,Suzanne Gallegos
36570,Suzanne Gonzalez
36571,Suzanne Guerra
36572,Suzanne Hammond
36573,Suzanne Harmon
36574,Suzanne Hayes
36575,Suzanne Heath
36576,Suzanne Henderson
36577,Suzanne Holt
36578,Suzanne Huerta
36579,Suzanne Hull
36580,Suzanne Jenkins
36581,Suzanne Jones
36582,Suzanne Kent
36583,Suzanne Knight Dds
36584,Suzanne Lee
36585,Suzanne Lindsey
36586,Suzanne Marquez
36587,Suzanne Meyer
36588,Suzanne Morgan
36589,Suzanne Moss Phd
36590,Suzanne Newton
36591,Suzanne Ortiz
36592,Suzanne Padilla
36593,Suzanne Park
36594,Suzanne Phillips
36595,Suzanne Reilly
36596,Suzanne Reyes
36597,Suzanne Rivera
36598,Suzanne Sandoval
36599,Suzanne Snyder
36600,Suzanne Thomas
36601,Suzanne Thompson
36602,Suzanne Vargas
36603,Suzanne Watson
36604,Suzanne Wood
36605,Suzanne Wright
36606,Sydney Anderson
36607,Sydney Andrews
36608,Sydney Baker
36609,Sydney Burke
36610,Sydney Chapman
36611,Sydney Davis
36612,Sydney Diaz
36613,Sydney Garcia
36614,Sydney Gordon
36615,Sydney Holmes
36616,Sydney Johnson
36617,Sydney Jordan
36618,Sydney Landry
36619,Sydney Mason
36620,Sydney Mcbride
36621,Sydney Mendez
36622,Sydney Miller
36623,Sydney Montgomery
36624,Sydney Nunez
36625,Sydney Osborne
36626,Sydney Patrick
36627,Sydney Peterson
36628,Sydney Reyes
36629,Sydney Robbins
36630,Sydney Rodriguez
36631,Sydney Smith
36632,Sydney Stokes
36633,Sydney Thomas
36634,Sydney Vincent
36635,Sydney Weiss
36636,Sydney Wilson
36637,Sydney Wyatt
36638,Sydney Young
36639,Sylvia Adams
36640,Sylvia Alexander
36641,Sylvia Bell
36642,Sylvia Carson
36643,Sylvia Clarke
36644,Sylvia Frederick
36645,Sylvia Garcia
36646,Sylvia Gregory
36647,Sylvia Hansen
36648,Sylvia Hernandez
36649,Sylvia Lopez
36650,Sylvia Mendez
36651,Sylvia Mitchell
36652,Sylvia Moreno
36653,Sylvia Murphy
36654,Sylvia Oneal
36655,Sylvia Richmond
36656,Sylvia Shannon
36657,Sylvia Taylor
36658,Sylvia Thomas
36659,Sylvia Townsend
36660,Sylvia Trevino
36661,Sylvia Villarreal
36662,Sylvia Walton
36663,Tabitha Baker
36664,Tabitha Holloway
36665,Tabitha Kelly
36666,Tabitha Mccall
36667,Tabitha Mcgrath
36668,Tabitha Norris
36669,Tabitha Walker
36670,Tabitha Watson
36671,Tamara Anderson
36672,Tamara Blair
36673,Tamara Chavez
36674,Tamara Collins
36675,Tamara Cunningham
36676,Tamara Dennis
36677,Tamara Doyle
36678,Tamara Flores
36679,Tamara Ford
36680,Tamara Gibson
36681,Tamara Hamilton
36682,Tamara Hammond
36683,Tamara Hill
36684,Tamara Hinton
36685,Tamara Jackson
36686,Tamara Johnson
36687,Tamara Jones
36688,Tamara Kennedy
36689,Tamara Lewis
36690,Tamara Maddox
36691,Tamara Mcbride
36692,Tamara Mckee
36693,Tamara Mckinney
36694,Tamara Mendoza
36695,Tamara Miles
36696,Tamara Miller
36697,Tamara Moody
36698,Tamara Moore
36699,Tamara Mullins
36700,Tamara Olsen
36701,Tamara Pearson
36702,Tamara Perry
36703,Tamara Powers
36704,Tamara Sanchez
36705,Tamara Santos
36706,Tamara Schneider
36707,Tamara Singleton
36708,Tamara Smith
36709,Tamara Taylor
36710,Tamara Torres
36711,Tamara Travis
36712,Tamara Tucker
36713,Tamara Walker
36714,Tamara West
36715,Tamara Young
36716,Tami Baker
36717,Tami Davis
36718,Tami Little Dds
36719,Tami Miller Dds
36720,Tami Miranda
36721,Tami Moran
36722,Tami Taylor
36723,Tami Thompson
36724,Tammie Boyd
36725,Tammie Clark
36726,Tammie Dalton
36727,Tammie Dudley
36728,Tammie Hill
36729,Tammie Jones
36730,Tammie Meyer
36731,Tammie Ramirez
36732,Tammie White
36733,Tammy Aguilar
36734,Tammy Anderson
36735,Tammy Andrews
36736,Tammy Barron
36737,Tammy Bates
36738,Tammy Benjamin
36739,Tammy Briggs
36740,Tammy Brown
36741,Tammy Campbell
36742,Tammy Cantu
36743,Tammy Carter
36744,Tammy Chan
36745,Tammy Chavez
36746,Tammy Cisneros
36747,Tammy Clay
36748,Tammy Coleman
36749,Tammy Cortez
36750,Tammy Costa
36751,Tammy Crosby
36752,Tammy Cummings
36753,Tammy David
36754,Tammy Davis
36755,Tammy Edwards
36756,Tammy Ellis
36757,Tammy Ewing
36758,Tammy Farmer Dds
36759,Tammy Fernandez
36760,Tammy Fischer
36761,Tammy Frederick
36762,Tammy Garcia
36763,Tammy Gilmore
36764,Tammy Graham
36765,Tammy Green
36766,Tammy Greene
36767,Tammy Hall
36768,Tammy Harper
36769,Tammy Harris
36770,Tammy Hart
36771,Tammy Hayes
36772,Tammy Hicks
36773,Tammy Hill
36774,Tammy Hogan
36775,Tammy Holt
36776,Tammy Howard
36777,Tammy Hudson
36778,Tammy Johnson
36779,Tammy Jones
36780,Tammy Kelley
36781,Tammy King
36782,Tammy Lawson
36783,Tammy Lee
36784,Tammy Lester
36785,Tammy Liu
36786,Tammy Lopez
36787,Tammy Love
36788,Tammy Macdonald
36789,Tammy Malone
36790,Tammy Mason
36791,Tammy Massey
36792,Tammy Mathis
36793,Tammy May
36794,Tammy Mcdonald
36795,Tammy Mckee
36796,Tammy Meadows
36797,Tammy Mejia
36798,Tammy Miller
36799,Tammy Moody
36800,Tammy Moore
36801,Tammy Morgan
36802,Tammy Morris
36803,Tammy Morrison
36804,Tammy Moss
36805,Tammy Nicholson
36806,Tammy Orozco
36807,Tammy Osborn
36808,Tammy Parker
36809,Tammy Patterson
36810,Tammy Perez
36811,Tammy Peterson
36812,Tammy Powell
36813,Tammy Quinn
36814,Tammy Ramos
36815,Tammy Reed
36816,Tammy Reid
36817,Tammy Rice
36818,Tammy Rivera
36819,Tammy Robinson
36820,Tammy Rodriguez
36821,Tammy Rogers
36822,Tammy Rose
36823,Tammy Ruiz
36824,Tammy Ryan
36825,Tammy Salazar
36826,Tammy Sanders
36827,Tammy Santiago
36828,Tammy Schwartz
36829,Tammy Shea
36830,Tammy Simpson
36831,Tammy Smith
36832,Tammy Sosa
36833,Tammy Steele
36834,Tammy Stevens
36835,Tammy Stevenson
36836,Tammy Sutton
36837,Tammy Thompson
36838,Tammy Underwood
36839,Tammy Valentine
36840,Tammy Velasquez
36841,Tammy Villa
36842,Tammy Walker
36843,Tammy Wallace
36844,Tammy Walton
36845,Tammy Weiss
36846,Tammy West
36847,Tammy White
36848,Tammy Wilkinson
36849,Tammy Williams
36850,Tammy Willis
36851,Tammy Wilson
36852,Tammy Wise
36853,Tammy Young
36854,Tanner Dean
36855,Tanner Dixon
36856,Tanner Gallegos
36857,Tanner Gomez
36858,Tanner Howard
36859,Tanner Keller
36860,Tanner Riley
36861,Tanner Schroeder
36862,Tanner Shannon
36863,Tanner Weiss
36864,Tanner Williams
36865,Tanya Arellano
36866,Tanya Barr
36867,Tanya Bean
36868,Tanya Beck
36869,Tanya Black
36870,Tanya Brown
36871,Tanya Buckley
36872,Tanya Burgess
36873,Tanya Calhoun
36874,Tanya Clarke
36875,Tanya Collins
36876,Tanya Conrad
36877,Tanya Evans
36878,Tanya Everett
36879,Tanya Fletcher
36880,Tanya Francis
36881,Tanya Grant
36882,Tanya Gregory
36883,Tanya Gutierrez
36884,Tanya Hall
36885,Tanya Harmon
36886,Tanya Harrell
36887,Tanya Holmes
36888,Tanya Jackson
36889,Tanya Johnson
36890,Tanya Jones
36891,Tanya Kelley
36892,Tanya Larson
36893,Tanya Long
36894,Tanya Lopez
36895,Tanya Martin
36896,Tanya Moore
36897,Tanya Pugh
36898,Tanya Reed
36899,Tanya Rogers
36900,Tanya Skinner
36901,Tanya Smith
36902,Tanya Sparks
36903,Tanya Taylor
36904,Tanya Thompson
36905,Tanya Vega
36906,Tanya Wade
36907,Tanya Walker
36908,Tanya Walton
36909,Tanya Watkins
36910,Tanya Weber
36911,Tanya Weiss
36912,Tanya West
36913,Tanya Wilson
36914,Tanya Young
36915,Tara Anderson
36916,Tara Bender
36917,Tara Berry
36918,Tara Bishop
36919,Tara Butler
36920,Tara Carpenter
36921,Tara Carter
36922,Tara Cline
36923,Tara Cole
36924,Tara Collins
36925,Tara Compton
36926,Tara Cooper
36927,Tara Edwards
36928,Tara Ford
36929,Tara Galloway
36930,Tara George
36931,Tara Gilbert
36932,Tara Gomez
36933,Tara Hanna
36934,Tara Hanson
36935,Tara Harper
36936,Tara Hayden
36937,Tara Jones
36938,Tara Kennedy
36939,Tara King
36940,Tara Krause
36941,Tara Lee
36942,Tara Leonard
36943,Tara Lopez
36944,Tara Love
36945,Tara Martin
36946,Tara Martinez
36947,Tara Mendez
36948,Tara Mendoza
36949,Tara Meyer
36950,Tara Miller
36951,Tara Morales
36952,Tara Moreno
36953,Tara Newton
36954,Tara Pennington
36955,Tara Perkins
36956,Tara Ramos
36957,Tara Reynolds
36958,Tara Rhodes
36959,Tara Riddle
36960,Tara Robertson
36961,Tara Robinson Dds
36962,Tara Romero
36963,Tara Ruiz
36964,Tara Schaefer
36965,Tara Schwartz
36966,Tara Smith
36967,Tara Thomas
36968,Tara Tucker
36969,Tara Valdez
36970,Tara Ward
36971,Tara Wilkins
36972,Tara Williams
36973,Tara Wilson
36974,Tara Wood
36975,Tara Yang
36976,Tara Young
36977,Tasha Adams
36978,Tasha Ellis
36979,Tasha Hines
36980,Tasha Jones
36981,Tasha Meyer
36982,Tasha Padilla Md
36983,Tasha Roberts
36984,Tasha Russell
36985,Tasha Stevens
36986,Taylor Adams
36987,Taylor Allen
36988,Taylor Baker
36989,Taylor Baldwin
36990,Taylor Barker
36991,Taylor Bass
36992,Taylor Becker
36993,Taylor Bell
36994,Taylor Black
36995,Taylor Bond
36996,Taylor Boyd
36997,Taylor Bradley
36998,Taylor Brady
36999,Taylor Brewer
37000,Taylor Brown
37001,Taylor Burke
37002,Taylor Burton
37003,Taylor Caldwell
37004,Taylor Campbell
37005,Taylor Case Md
37006,Taylor Charles
37007,Taylor Clark
37008,Taylor Cole
37009,Taylor Craig
37010,Taylor Cruz
37011,Taylor Davis
37012,Taylor Deleon
37013,Taylor Diaz
37014,Taylor Dillon
37015,Taylor Dunn
37016,Taylor Dyer
37017,Taylor Estrada
37018,Taylor Evans
37019,Taylor Floyd
37020,Taylor Frank
37021,Taylor Fry
37022,Taylor Garcia
37023,Taylor Gardner
37024,Taylor Gates
37025,Taylor Gibson
37026,Taylor Gomez
37027,Taylor Gonzalez
37028,Taylor Graves
37029,Taylor Gregory
37030,Taylor Gregory Md
37031,Taylor Hanson
37032,Taylor Hernandez
37033,Taylor Hogan
37034,Taylor Holder
37035,Taylor Hood
37036,Taylor Horton
37037,Taylor Howard
37038,Taylor Jackson
37039,Taylor Jackson Dvm
37040,Taylor Jacobs
37041,Taylor Jefferson
37042,Taylor Johnson
37043,Taylor Jones
37044,Taylor Juarez
37045,Taylor King
37046,Taylor Knox
37047,Taylor Lopez
37048,Taylor Love
37049,Taylor Mann
37050,Taylor Marshall
37051,Taylor Martin
37052,Taylor May
37053,Taylor Mcbride
37054,Taylor Mckenzie
37055,Taylor Mcpherson
37056,Taylor Meyer
37057,Taylor Miller
37058,Taylor Moore
37059,Taylor Morgan
37060,Taylor Morris
37061,Taylor Newman
37062,Taylor Newton
37063,Taylor Nichols
37064,Taylor Norman
37065,Taylor Novak
37066,Taylor Oliver
37067,Taylor Osborne
37068,Taylor Pace
37069,Taylor Parker
37070,Taylor Peck
37071,Taylor Perry
37072,Taylor Peterson
37073,Taylor Phillips
37074,Taylor Preston
37075,Taylor Ramirez
37076,Taylor Ramos
37077,Taylor Randolph
37078,Taylor Reed
37079,Taylor Rivera
37080,Taylor Roberson
37081,Taylor Rodgers
37082,Taylor Rodriguez
37083,Taylor Rogers
37084,Taylor Romero
37085,Taylor Ross
37086,Taylor Sanders
37087,Taylor Sharp
37088,Taylor Smith
37089,Taylor Snyder
37090,Taylor Sullivan
37091,Taylor Swanson
37092,Taylor Taylor
37093,Taylor Thompson
37094,Taylor Torres
37095,Taylor Townsend Jr.
37096,Taylor Turner
37097,Taylor Valdez
37098,Taylor Wall
37099,Taylor Wallace
37100,Taylor Watson
37101,Taylor Weeks
37102,Taylor Wheeler
37103,Taylor White
37104,Taylor Wilkins
37105,Taylor Williams
37106,Taylor Wilson
37107,Taylor Wolfe
37108,Taylor Wood
37109,Taylor Yang
37110,Teresa Adams
37111,Teresa Arnold
37112,Teresa Baker
37113,Teresa Bean
37114,Teresa Bell
37115,Teresa Boyd
37116,Teresa Bradshaw
37117,Teresa Brown
37118,Teresa Bryant Md
37119,Teresa Burch
37120,Teresa Callahan
37121,Teresa Campbell
37122,Teresa Carroll
37123,Teresa Carson
37124,Teresa Chambers
37125,Teresa Chase
37126,Teresa Chavez
37127,Teresa Clarke
37128,Teresa Cline
37129,Teresa Colon
37130,Teresa Daniels
37131,Teresa Davis
37132,Teresa Dennis
37133,Teresa Dominguez
37134,Teresa Douglas
37135,Teresa Doyle
37136,Teresa Duncan
37137,Teresa Eaton
37138,Teresa Edwards
37139,Teresa Erickson
37140,Teresa Estes
37141,Teresa Ewing
37142,Teresa Fernandez
37143,Teresa Figueroa
37144,Teresa Francis
37145,Teresa Fry
37146,Teresa Garcia
37147,Teresa Gardner
37148,Teresa Gates Md
37149,Teresa Gonzalez
37150,Teresa Gordon
37151,Teresa Gray
37152,Teresa Green
37153,Teresa Harper
37154,Teresa Harris
37155,Teresa Haynes Dvm
37156,Teresa Hess
37157,Teresa Hoffman
37158,Teresa Holmes
37159,Teresa Hughes
37160,Teresa Jenkins
37161,Teresa Johnson
37162,Teresa Jones
37163,Teresa Kelley
37164,Teresa Knight
37165,Teresa Lamb
37166,Teresa Lewis
37167,Teresa Lopez
37168,Teresa Lutz
37169,Teresa Lynch
37170,Teresa Martin
37171,Teresa Mathis
37172,Teresa May Md
37173,Teresa Mccall
37174,Teresa Mccarthy
37175,Teresa Mccoy
37176,Teresa Mcgee
37177,Teresa Medina
37178,Teresa Melton
37179,Teresa Miller
37180,Teresa Mills
37181,Teresa Moore
37182,Teresa Morgan
37183,Teresa Nelson
37184,Teresa Oliver
37185,Teresa Olson
37186,Teresa Osborn
37187,Teresa Parker
37188,Teresa Patrick
37189,Teresa Patton
37190,Teresa Pearson
37191,Teresa Perry
37192,Teresa Pittman
37193,Teresa Reed
37194,Teresa Reyes
37195,Teresa Reynolds
37196,Teresa Rivera
37197,Teresa Roberson
37198,Teresa Robinson
37199,Teresa Roman
37200,Teresa Romero
37201,Teresa Ross
37202,Teresa Russell
37203,Teresa Schultz
37204,Teresa Scott
37205,Teresa Sexton
37206,Teresa Simmons
37207,Teresa Simon
37208,Teresa Smith
37209,Teresa Solis
37210,Teresa Stevens
37211,Teresa Strong
37212,Teresa Swanson
37213,Teresa Thomas
37214,Teresa Thompson
37215,Teresa Thornton Dvm
37216,Teresa Tucker
37217,Teresa Wallace
37218,Teresa Walsh
37219,Teresa Ward
37220,Teresa Washington
37221,Teresa White
37222,Teresa Wiggins
37223,Teresa Wise
37224,Teresa Wood
37225,Teresa Young
37226,Teresa Zavala
37227,Teresa Zuniga
37228,Terrance Griffin
37229,Terrance Perez
37230,Terrance Rodriguez
37231,Terrance Rosales
37232,Terrence Brandt
37233,Terrence Garcia
37234,Terrence James
37235,Terrence May
37236,Terrence Williams
37237,Terri Baker
37238,Terri Black
37239,Terri Chen
37240,Terri Cherry
37241,Terri Christian
37242,Terri Cole
37243,Terri Collins
37244,Terri Contreras
37245,Terri Crawford
37246,Terri Davies
37247,Terri Ferguson
37248,Terri Frost
37249,Terri Gonzalez
37250,Terri Harris
37251,Terri Hernandez
37252,Terri Hill
37253,Terri Hodges
37254,Terri Jackson
37255,Terri King
37256,Terri Klein
37257,Terri Malone
37258,Terri Montes
37259,Terri Odonnell
37260,Terri Pratt
37261,Terri Rangel
37262,Terri Richardson
37263,Terri Roman
37264,Terri Rowe
37265,Terri Sherman
37266,Terri Tanner
37267,Terri Thompson
37268,Terri Wade
37269,Terri White
37270,Terri Williams
37271,Terri Wise
37272,Terri Wong
37273,Terri Wood
37274,Terri Woods
37275,Terry Allen
37276,Terry Alvarado
37277,Terry Bennett
37278,Terry Brock
37279,Terry Brown
37280,Terry Burns
37281,Terry Burton
37282,Terry Campbell
37283,Terry Castaneda
37284,Terry Chan
37285,Terry Collins
37286,Terry Cook
37287,Terry Douglas
37288,Terry Edwards
37289,Terry Escobar Dvm
37290,Terry Ferguson
37291,Terry Fritz
37292,Terry Garcia
37293,Terry Gibson
37294,Terry Glover
37295,Terry Goodman
37296,Terry Hart
37297,Terry Henderson
37298,Terry Hernandez
37299,Terry Higgins
37300,Terry Howard
37301,Terry Johnson
37302,Terry Knapp
37303,Terry Leon
37304,Terry Lewis
37305,Terry Lopez
37306,Terry Lopez Md
37307,Terry Martinez
37308,Terry Maxwell
37309,Terry Mejia
37310,Terry Miller
37311,Terry Moran
37312,Terry Moreno
37313,Terry Morris
37314,Terry Morrow
37315,Terry Mullen
37316,Terry Murphy
37317,Terry Nelson
37318,Terry Norris
37319,Terry Pearson
37320,Terry Powell
37321,Terry Proctor
37322,Terry Richards
37323,Terry Riley
37324,Terry Russell
37325,Terry Sanchez
37326,Terry Sandoval
37327,Terry Schneider
37328,Terry Scott
37329,Terry Smith
37330,Terry Solomon
37331,Terry Sullivan
37332,Terry Vaughn
37333,Terry Watson
37334,Terry Webster
37335,Terry Wells
37336,Terry White
37337,Terry Williams
37338,Terry Young
37339,Theodore Bass
37340,Theodore Frazier
37341,Theodore Gill
37342,Theodore Johnson
37343,Theodore Marsh
37344,Theodore Nelson
37345,Theodore Perez
37346,Theodore Porter
37347,Theodore Ramos
37348,Theodore Richards
37349,Theodore Shaw Dds
37350,Theodore Singleton
37351,Theodore Sloan
37352,Theodore Stewart
37353,Theodore Tate
37354,Theodore Walker
37355,Theodore Walter
37356,Theodore Willis
37357,Theodore Wilson
37358,Theodore Wu
37359,Theresa Anderson
37360,Theresa Bailey
37361,Theresa Bell
37362,Theresa Bowers
37363,Theresa Bradley
37364,Theresa Brown
37365,Theresa Chavez
37366,Theresa Cohen
37367,Theresa Coleman
37368,Theresa Crawford
37369,Theresa Cuevas
37370,Theresa Cummings
37371,Theresa Dillon
37372,Theresa Eaton
37373,Theresa Ellis
37374,Theresa Farrell
37375,Theresa Fitzgerald
37376,Theresa Foley
37377,Theresa Freeman
37378,Theresa George
37379,Theresa Hall
37380,Theresa Hardin
37381,Theresa Harris
37382,Theresa Harrison
37383,Theresa Hawkins
37384,Theresa Hebert
37385,Theresa Hill
37386,Theresa Hoffman
37387,Theresa Holmes
37388,Theresa Howard
37389,Theresa Jackson
37390,Theresa Jones
37391,Theresa Kerr
37392,Theresa Kidd
37393,Theresa Knox
37394,Theresa Lewis
37395,Theresa Liu
37396,Theresa Lopez
37397,Theresa Lynch
37398,Theresa Martin
37399,Theresa Martinez
37400,Theresa Miranda
37401,Theresa Mitchell
37402,Theresa Montes
37403,Theresa Morales
37404,Theresa Murphy
37405,Theresa Newton
37406,Theresa Nixon
37407,Theresa Nunez
37408,Theresa Patel
37409,Theresa Perry
37410,Theresa Peterson
37411,Theresa Phillips
37412,Theresa Potter
37413,Theresa Price
37414,Theresa Reeves
37415,Theresa Rodriguez
37416,Theresa Rogers
37417,Theresa Romero
37418,Theresa Sanchez
37419,Theresa Schneider
37420,Theresa Shannon
37421,Theresa Sharp
37422,Theresa Silva
37423,Theresa Smith
37424,Theresa Stephens
37425,Theresa Taylor
37426,Theresa Thompson
37427,Theresa Torres
37428,Theresa Turner
37429,Theresa Walker
37430,Theresa Warren
37431,Theresa White
37432,Theresa Whitehead Md
37433,Theresa Wilson
37434,Theresa Woodard
37435,Thomas Aguilar
37436,Thomas Allen
37437,Thomas Anderson
37438,Thomas Armstrong
37439,Thomas Arnold
37440,Thomas Austin
37441,Thomas Bailey
37442,Thomas Baker
37443,Thomas Baker Dds
37444,Thomas Baldwin
37445,Thomas Barker
37446,Thomas Barnes
37447,Thomas Barnett
37448,Thomas Barrett
37449,Thomas Barry
37450,Thomas Barton
37451,Thomas Baxter
37452,Thomas Beck
37453,Thomas Benson
37454,Thomas Best
37455,Thomas Bishop
37456,Thomas Black
37457,Thomas Bowers
37458,Thomas Boyd Dds
37459,Thomas Bradford
37460,Thomas Brown
37461,Thomas Bruce
37462,Thomas Burke
37463,Thomas Burnett
37464,Thomas Calderon
37465,Thomas Carey
37466,Thomas Carlson
37467,Thomas Carter
37468,Thomas Chang
37469,Thomas Clark
37470,Thomas Coleman
37471,Thomas Collins
37472,Thomas Contreras
37473,Thomas Conway
37474,Thomas Cook
37475,Thomas Cooke
37476,Thomas Cooper
37477,Thomas Craig
37478,Thomas Cross
37479,Thomas Cruz
37480,Thomas Curtis
37481,Thomas Davis
37482,Thomas Day
37483,Thomas Dean
37484,Thomas Delgado
37485,Thomas Diaz
37486,Thomas Dixon
37487,Thomas Duncan
37488,Thomas Dyer
37489,Thomas English
37490,Thomas Figueroa
37491,Thomas Fisher
37492,Thomas Foster
37493,Thomas Fox
37494,Thomas Franco Dds
37495,Thomas Franklin
37496,Thomas Fuentes
37497,Thomas Fuller
37498,Thomas Garcia
37499,Thomas Gardner
37500,Thomas Garrett
37501,Thomas Gay
37502,Thomas Gentry
37503,Thomas Glover
37504,Thomas Gomez
37505,Thomas Gonzalez
37506,Thomas Gordon
37507,Thomas Grant
37508,Thomas Green
37509,Thomas Greene
37510,Thomas Gregory
37511,Thomas Gutierrez
37512,Thomas Hale
37513,Thomas Hamilton
37514,Thomas Hammond
37515,Thomas Hanna
37516,Thomas Harding
37517,Thomas Harrison
37518,Thomas Hawkins
37519,Thomas Hendricks
37520,Thomas Henry
37521,Thomas Hernandez
37522,Thomas Hill
37523,Thomas Hodges
37524,Thomas Hoffman
37525,Thomas Hoffman Dds
37526,Thomas Holmes
37527,Thomas Howard
37528,Thomas Huber
37529,Thomas Huffman
37530,Thomas Hughes
37531,Thomas Hunt
37532,Thomas Jackson
37533,Thomas Jenkins
37534,Thomas Jimenez
37535,Thomas Johnson
37536,Thomas Jones
37537,Thomas Kelly
37538,Thomas Kemp
37539,Thomas King
37540,Thomas Kirk
37541,Thomas Klein
37542,Thomas Kramer
37543,Thomas Lamb
37544,Thomas Lambert
37545,Thomas Lane
37546,Thomas Lang
37547,Thomas Larsen
37548,Thomas Lawrence
37549,Thomas Lee
37550,Thomas Lewis
37551,Thomas Li
37552,Thomas Liu
37553,Thomas Lloyd
37554,Thomas Long
37555,Thomas Lopez
37556,Thomas Love
37557,Thomas Mahoney
37558,Thomas Maldonado
37559,Thomas Marsh
37560,Thomas Martinez
37561,Thomas Maxwell
37562,Thomas Mayer
37563,Thomas Maynard
37564,Thomas Mcbride
37565,Thomas Mccormick
37566,Thomas Mcdaniel
37567,Thomas Mcdonald
37568,Thomas Mcdowell
37569,Thomas Mcfarland
37570,Thomas Mcgee
37571,Thomas Mcintyre
37572,Thomas Mcknight
37573,Thomas Miles
37574,Thomas Miranda
37575,Thomas Mitchell
37576,Thomas Monroe
37577,Thomas Montoya
37578,Thomas Moody
37579,Thomas Moon
37580,Thomas Moore
37581,Thomas Moreno
37582,Thomas Morgan
37583,Thomas Morris
37584,Thomas Morrison
37585,Thomas Morse
37586,Thomas Morton
37587,Thomas Mueller
37588,Thomas Mullins
37589,Thomas Murphy
37590,Thomas Myers
37591,Thomas Neal
37592,Thomas Nelson
37593,Thomas Newman
37594,Thomas Newton
37595,Thomas Nguyen
37596,Thomas Nixon
37597,Thomas Obrien
37598,Thomas Oconnell
37599,Thomas Odonnell
37600,Thomas Oliver
37601,Thomas Olson
37602,Thomas Oneill
37603,Thomas Owens
37604,Thomas Pace
37605,Thomas Park
37606,Thomas Patel
37607,Thomas Patrick
37608,Thomas Perez
37609,Thomas Perkins
37610,Thomas Perry
37611,Thomas Peterson
37612,Thomas Powell
37613,Thomas Pratt
37614,Thomas Quinn
37615,Thomas Ramirez
37616,Thomas Ramos
37617,Thomas Rangel
37618,Thomas Reed
37619,Thomas Reid
37620,Thomas Reyes
37621,Thomas Reynolds
37622,Thomas Rhodes
37623,Thomas Rice
37624,Thomas Richardson
37625,Thomas Riley
37626,Thomas Robinson
37627,Thomas Rodriguez
37628,Thomas Rogers
37629,Thomas Rosales
37630,Thomas Rose
37631,Thomas Russell
37632,Thomas Salazar
37633,Thomas Sampson
37634,Thomas Sanchez
37635,Thomas Sanders
37636,Thomas Sandoval
37637,Thomas Santiago
37638,Thomas Savage
37639,Thomas Schwartz
37640,Thomas Scott
37641,Thomas Shaffer
37642,Thomas Shaw
37643,Thomas Simmons
37644,Thomas Smith
37645,Thomas Solomon
37646,Thomas Steele
37647,Thomas Stevens
37648,Thomas Stewart
37649,Thomas Stone
37650,Thomas Sullivan
37651,Thomas Swanson
37652,Thomas Taylor
37653,Thomas Thomas
37654,Thomas Thompson
37655,Thomas Todd
37656,Thomas Townsend
37657,Thomas Trevino
37658,Thomas Valdez
37659,Thomas Valenzuela
37660,Thomas Vega
37661,Thomas Velazquez
37662,Thomas Velez
37663,Thomas Walsh
37664,Thomas Wang
37665,Thomas Watkins
37666,Thomas Watson
37667,Thomas Watts
37668,Thomas Wells
37669,Thomas White
37670,Thomas Whitney
37671,Thomas Williams
37672,Thomas Wilson
37673,Thomas Wolf
37674,Thomas Wolfe
37675,Thomas Yang
37676,Thomas Yoder
37677,Thomas Young
37678,Tiffany Abbott
37679,Tiffany Acosta
37680,Tiffany Aguilar
37681,Tiffany Alexander
37682,Tiffany Alvarez
37683,Tiffany Andrews
37684,Tiffany Bailey
37685,Tiffany Baker
37686,Tiffany Baldwin
37687,Tiffany Barnes
37688,Tiffany Barrett Md
37689,Tiffany Bender
37690,Tiffany Bennett
37691,Tiffany Bond
37692,Tiffany Bowen
37693,Tiffany Brock
37694,Tiffany Brooks
37695,Tiffany Brown
37696,Tiffany Burke
37697,Tiffany Cabrera
37698,Tiffany Carney
37699,Tiffany Carr
37700,Tiffany Carrillo
37701,Tiffany Carson
37702,Tiffany Castro
37703,Tiffany Chambers
37704,Tiffany Chandler
37705,Tiffany Clark
37706,Tiffany Cobb
37707,Tiffany Coleman Dvm
37708,Tiffany Cook
37709,Tiffany Cooke
37710,Tiffany Copeland
37711,Tiffany Cortez
37712,Tiffany Craig
37713,Tiffany Cruz
37714,Tiffany Daniel
37715,Tiffany Davis
37716,Tiffany Dawson
37717,Tiffany Dickerson
37718,Tiffany Duffy
37719,Tiffany Dunn
37720,Tiffany Duran
37721,Tiffany Edwards
37722,Tiffany Ellis
37723,Tiffany Esparza
37724,Tiffany Fitzgerald
37725,Tiffany Ford
37726,Tiffany Fox
37727,Tiffany Frank
37728,Tiffany Frye
37729,Tiffany Garrett
37730,Tiffany George
37731,Tiffany Gibson
37732,Tiffany Gilbert
37733,Tiffany Gray
37734,Tiffany Green
37735,Tiffany Gutierrez
37736,Tiffany Gutierrez Phd
37737,Tiffany Hancock
37738,Tiffany Hansen
37739,Tiffany Harper
37740,Tiffany Harris
37741,Tiffany Harvey
37742,Tiffany Herrera
37743,Tiffany Higgins
37744,Tiffany Hill
37745,Tiffany Holmes
37746,Tiffany Holt
37747,Tiffany Howard
37748,Tiffany Humphrey
37749,Tiffany Hunt
37750,Tiffany Jackson
37751,Tiffany James
37752,Tiffany Jennings
37753,Tiffany Johns
37754,Tiffany Johnson
37755,Tiffany Jones
37756,Tiffany Kaiser
37757,Tiffany King
37758,Tiffany Leblanc
37759,Tiffany Leonard
37760,Tiffany Lewis
37761,Tiffany Lopez
37762,Tiffany Lynch
37763,Tiffany Marquez
37764,Tiffany Marshall
37765,Tiffany Mclaughlin
37766,Tiffany Meadows
37767,Tiffany Mejia
37768,Tiffany Miller
37769,Tiffany Mitchell
37770,Tiffany Moody
37771,Tiffany Moore
37772,Tiffany Morales
37773,Tiffany Morton
37774,Tiffany Moss
37775,Tiffany Moss Md
37776,Tiffany Myers
37777,Tiffany Nelson
37778,Tiffany Olsen
37779,Tiffany Orozco
37780,Tiffany Ortega
37781,Tiffany Ortiz
37782,Tiffany Palmer
37783,Tiffany Perez
37784,Tiffany Perkins
37785,Tiffany Pierce
37786,Tiffany Poole
37787,Tiffany Powell
37788,Tiffany Ramirez
37789,Tiffany Randolph
37790,Tiffany Reed
37791,Tiffany Rich
37792,Tiffany Richmond
37793,Tiffany Rivera
37794,Tiffany Roberts
37795,Tiffany Robinson
37796,Tiffany Rodriguez
37797,Tiffany Santiago
37798,Tiffany Schultz Dvm
37799,Tiffany Simmons
37800,Tiffany Singh
37801,Tiffany Skinner
37802,Tiffany Smith
37803,Tiffany Spears
37804,Tiffany Stevens
37805,Tiffany Summers
37806,Tiffany Taylor
37807,Tiffany Torres
37808,Tiffany Trujillo
37809,Tiffany Underwood
37810,Tiffany Wallace
37811,Tiffany Webb
37812,Tiffany Werner
37813,Tiffany White
37814,Tiffany Whitney
37815,Tiffany Williams
37816,Tiffany Wilson
37817,Tiffany Wright
37818,Tiffany Wyatt
37819,Tiffany Yoder
37820,Tiffany York
37821,Tiffany Young
37822,Tim Bates
37823,Tim Bennett
37824,Tim Benson
37825,Tim Gonzales
37826,Tim Holmes Jr.
37827,Tim Marks
37828,Tim Moore
37829,Tim Newton
37830,Tim Rodriguez
37831,Tim Smith
37832,Tim Williams Md
37833,Tim Wright
37834,Timothy Adams
37835,Timothy Aguilar
37836,Timothy Alexander
37837,Timothy Allen
37838,Timothy Allison
37839,Timothy Alvarado
37840,Timothy Alvarez
37841,Timothy Anderson
37842,Timothy Andrews
37843,Timothy Archer
37844,Timothy Austin
37845,Timothy Ayala
37846,Timothy Bailey
37847,Timothy Baker
37848,Timothy Ball
37849,Timothy Barnes
37850,Timothy Beck
37851,Timothy Bell
37852,Timothy Bennett
37853,Timothy Benson
37854,Timothy Bernard
37855,Timothy Blair
37856,Timothy Brooks
37857,Timothy Brown
37858,Timothy Bryant
37859,Timothy Buck
37860,Timothy Burke
37861,Timothy Bush
37862,Timothy Butler
37863,Timothy Calderon
37864,Timothy Campbell
37865,Timothy Carey
37866,Timothy Carter
37867,Timothy Casey
37868,Timothy Chan
37869,Timothy Chapman
37870,Timothy Charles
37871,Timothy Chen
37872,Timothy Choi
37873,Timothy Collins
37874,Timothy Compton
37875,Timothy Cortez
37876,Timothy Cross
37877,Timothy Cummings
37878,Timothy Davis
37879,Timothy Dean
37880,Timothy Dorsey
37881,Timothy Dunn
37882,Timothy Edwards
37883,Timothy Ellis
37884,Timothy Evans
37885,Timothy Everett
37886,Timothy Farrell
37887,Timothy Fields
37888,Timothy Fisher
37889,Timothy Fletcher
37890,Timothy Flores
37891,Timothy Foster
37892,Timothy Francis
37893,Timothy Frey
37894,Timothy Garcia
37895,Timothy Glover
37896,Timothy Gomez
37897,Timothy Gonzalez
37898,Timothy Graves
37899,Timothy Guerra
37900,Timothy Guerrero
37901,Timothy Gutierrez
37902,Timothy Guzman
37903,Timothy Haley
37904,Timothy Hall
37905,Timothy Hamilton
37906,Timothy Hanna
37907,Timothy Hansen
37908,Timothy Hayes
37909,Timothy Hays
37910,Timothy Henderson
37911,Timothy Hendricks
37912,Timothy Henry
37913,Timothy Herrera
37914,Timothy Hodges
37915,Timothy Holder
37916,Timothy Holland
37917,Timothy Holt
37918,Timothy Hoover
37919,Timothy Hunt
37920,Timothy Hunter
37921,Timothy Hurst
37922,Timothy Ibarra
37923,Timothy Ingram
37924,Timothy Jackson
37925,Timothy Jacobs
37926,Timothy Jefferson
37927,Timothy Jimenez
37928,Timothy Johnson
37929,Timothy Jones
37930,Timothy Kelley
37931,Timothy Kennedy
37932,Timothy Kerr
37933,Timothy Kim
37934,Timothy Lane
37935,Timothy Lawson
37936,Timothy Lee
37937,Timothy Lin
37938,Timothy Long
37939,Timothy Lopez
37940,Timothy Love
37941,Timothy Martin
37942,Timothy Martinez
37943,Timothy Maynard
37944,Timothy Mccarthy
37945,Timothy Mccormick
37946,Timothy Mccullough
37947,Timothy Mcgee
37948,Timothy Mcgrath
37949,Timothy Mcintyre
37950,Timothy Mendez
37951,Timothy Mercer
37952,Timothy Miller
37953,Timothy Miranda
37954,Timothy Mitchell
37955,Timothy Montgomery
37956,Timothy Moore
37957,Timothy Morgan
37958,Timothy Morrison
37959,Timothy Mullins
37960,Timothy Murphy
37961,Timothy Myers
37962,Timothy Newton
37963,Timothy Nguyen
37964,Timothy Nunez
37965,Timothy Oliver
37966,Timothy Orozco
37967,Timothy Parker
37968,Timothy Patterson
37969,Timothy Payne
37970,Timothy Perez
37971,Timothy Perkins
37972,Timothy Peters
37973,Timothy Phillips
37974,Timothy Pierce
37975,Timothy Potter
37976,Timothy Price
37977,Timothy Ramos
37978,Timothy Reyes
37979,Timothy Richardson
37980,Timothy Riddle
37981,Timothy Rodgers
37982,Timothy Rodriguez
37983,Timothy Rose
37984,Timothy Rowe
37985,Timothy Ruiz
37986,Timothy Ryan
37987,Timothy Salazar
37988,Timothy Sanders
37989,Timothy Schultz
37990,Timothy Shaw
37991,Timothy Silva
37992,Timothy Smith
37993,Timothy Smith Ii
37994,Timothy Sosa
37995,Timothy Soto
37996,Timothy Spencer
37997,Timothy Stanley
37998,Timothy Steele
37999,Timothy Stewart
38000,Timothy Stout
38001,Timothy Taylor
38002,Timothy Thomas
38003,Timothy Thompson
38004,Timothy Todd
38005,Timothy Torres
38006,Timothy Tucker
38007,Timothy Turner
38008,Timothy Valencia
38009,Timothy Velez
38010,Timothy Wagner
38011,Timothy Walker
38012,Timothy Watkins
38013,Timothy Weiss
38014,Timothy Welch
38015,Timothy Wheeler
38016,Timothy White
38017,Timothy Wilkinson
38018,Timothy Williams
38019,Timothy Wilson
38020,Timothy Winters
38021,Timothy Wolfe
38022,Timothy Wood
38023,Timothy Wyatt
38024,Timothy Young Jr.
38025,Timothy Zamora
38026,Timothy Zavala
38027,Timothy Zimmerman
38028,Tina Aguirre
38029,Tina Alvarez
38030,Tina Baker
38031,Tina Ballard
38032,Tina Barnes
38033,Tina Blevins
38034,Tina Brown
38035,Tina Butler
38036,Tina Campbell
38037,Tina Cantrell
38038,Tina Castaneda
38039,Tina Chaney
38040,Tina Chapman
38041,Tina Chavez
38042,Tina Chung
38043,Tina Cruz
38044,Tina Daniels
38045,Tina Diaz
38046,Tina Dominguez
38047,Tina Edwards
38048,Tina Elliott
38049,Tina Escobar
38050,Tina Evans
38051,Tina Faulkner
38052,Tina Finley
38053,Tina Francis
38054,Tina Garcia
38055,Tina Garza
38056,Tina Gillespie
38057,Tina Gomez
38058,Tina Graham
38059,Tina Griffin
38060,Tina Gutierrez
38061,Tina Hammond
38062,Tina Harrell
38063,Tina Harris
38064,Tina Heath
38065,Tina Hensley
38066,Tina Herrera
38067,Tina Hopkins
38068,Tina Hudson
38069,Tina Hughes
38070,Tina James
38071,Tina Johnson
38072,Tina Johnston
38073,Tina Joseph
38074,Tina Keller
38075,Tina King
38076,Tina Lamb
38077,Tina Lee
38078,Tina Lewis
38079,Tina Liu
38080,Tina Lynn
38081,Tina Lyons
38082,Tina Maddox
38083,Tina Martin
38084,Tina Martinez
38085,Tina Mason
38086,Tina Mitchell
38087,Tina Montoya
38088,Tina Nelson
38089,Tina Oneill
38090,Tina Owen
38091,Tina Owens
38092,Tina Payne
38093,Tina Pena
38094,Tina Perez
38095,Tina Perkins
38096,Tina Perry
38097,Tina Peterson
38098,Tina Phillips
38099,Tina Pugh
38100,Tina Ramirez
38101,Tina Rangel
38102,Tina Ray
38103,Tina Richmond Md
38104,Tina Robinson
38105,Tina Rodriguez
38106,Tina Rogers
38107,Tina Romero
38108,Tina Rose
38109,Tina Ruiz
38110,Tina Salas
38111,Tina Salazar
38112,Tina Schmidt
38113,Tina Shannon
38114,Tina Shea
38115,Tina Shields
38116,Tina Smith
38117,Tina Swanson
38118,Tina Thomas
38119,Tina Thompson
38120,Tina Turner
38121,Tina Walker
38122,Tina Watson
38123,Tina Wells
38124,Tina Wheeler
38125,Tina Wiley
38126,Tina Williams
38127,Tina Willis
38128,Tina Wilson
38129,Tina Young
38130,Tina Young Md
38131,Todd Adams
38132,Todd Allen
38133,Todd Anderson
38134,Todd Bailey
38135,Todd Barr
38136,Todd Beck
38137,Todd Brooks
38138,Todd Brown
38139,Todd Cannon
38140,Todd Cardenas
38141,Todd Case
38142,Todd Castillo
38143,Todd Chang
38144,Todd Colon
38145,Todd Cox
38146,Todd Diaz
38147,Todd Duncan
38148,Todd Dunlap
38149,Todd Ellis
38150,Todd Evans
38151,Todd Faulkner
38152,Todd Fowler
38153,Todd French
38154,Todd Gardner
38155,Todd George
38156,Todd Hamilton
38157,Todd Hartman
38158,Todd Hicks
38159,Todd Higgins
38160,Todd Houston
38161,Todd Jackson
38162,Todd Kirby
38163,Todd Knight
38164,Todd Krueger
38165,Todd Lester
38166,Todd Li
38167,Todd Lowe
38168,Todd Marshall
38169,Todd Mccall
38170,Todd Miller
38171,Todd Moran
38172,Todd Morgan
38173,Todd Morris
38174,Todd Myers
38175,Todd Nguyen
38176,Todd Nielsen
38177,Todd Norris
38178,Todd Oconnell
38179,Todd Ortega
38180,Todd Ortiz
38181,Todd Pacheco
38182,Todd Pearson
38183,Todd Ramirez
38184,Todd Reynolds Md
38185,Todd Richardson
38186,Todd Robinson
38187,Todd Rodriguez
38188,Todd Rubio
38189,Todd Russell
38190,Todd Sampson
38191,Todd Sanchez
38192,Todd Scott
38193,Todd Smith
38194,Todd Solomon
38195,Todd Spears
38196,Todd Stevens
38197,Todd Stevens Md
38198,Todd Sullivan
38199,Todd Tate
38200,Todd Thompson
38201,Todd Tran
38202,Todd Vazquez
38203,Todd Vega
38204,Todd Velazquez
38205,Todd Villegas
38206,Todd Wagner
38207,Todd Walker
38208,Todd Walsh
38209,Todd Wang
38210,Todd Weber
38211,Todd Wells
38212,Todd White
38213,Todd Wilkerson
38214,Todd Zavala
38215,Todd Zhang
38216,Tom Cole
38217,Tom Garcia
38218,Tom Hill Dds
38219,Tom Johnson
38220,Tom Jones
38221,Tom Matthews
38222,Tom Mcconnell
38223,Tom Roberts
38224,Tom Rosales
38225,Tom Sanders
38226,Tom Wilcox
38227,Tom Wilson
38228,Tommy Ayers
38229,Tommy Baker
38230,Tommy Carroll
38231,Tommy Ellis
38232,Tommy Foster
38233,Tommy Gomez
38234,Tommy Graves
38235,Tommy Kennedy
38236,Tommy Larsen
38237,Tommy Livingston
38238,Tommy Miles Jr.
38239,Tommy Mitchell
38240,Tommy Murray
38241,Tommy Ramirez
38242,Tommy Reynolds
38243,Tommy Rivera
38244,Tommy Rogers
38245,Tommy Taylor
38246,Toni Ashley
38247,Toni Carey
38248,Toni Castillo
38249,Toni Cox
38250,Toni Cuevas
38251,Toni Davis
38252,Toni Frazier
38253,Toni Gonzalez
38254,Toni Gordon
38255,Toni Harris
38256,Toni Hodges
38257,Toni Horn
38258,Toni Johnson
38259,Toni Mitchell
38260,Toni Nguyen
38261,Toni Padilla
38262,Toni Parker
38263,Toni Perry Md
38264,Toni Rodriguez Dvm
38265,Toni Russell
38266,Toni Taylor
38267,Toni Thomas
38268,Toni Turner
38269,Toni Williams
38270,Toni Willis
38271,Tony Anderson
38272,Tony Baker
38273,Tony Barber
38274,Tony Barron
38275,Tony Bryant
38276,Tony Carlson
38277,Tony Carroll
38278,Tony Casey
38279,Tony Clark
38280,Tony Clements
38281,Tony Coleman
38282,Tony Combs
38283,Tony Cook
38284,Tony Cortez
38285,Tony Dalton
38286,Tony Dawson
38287,Tony Dunlap
38288,Tony Fisher
38289,Tony Ford
38290,Tony Fowler
38291,Tony Franklin
38292,Tony Garcia
38293,Tony Gill
38294,Tony Gomez
38295,Tony Goodman
38296,Tony Grimes
38297,Tony Gross
38298,Tony Gutierrez
38299,Tony Hall
38300,Tony Harper
38301,Tony Harris
38302,Tony Hernandez
38303,Tony Jimenez
38304,Tony Johnson
38305,Tony King
38306,Tony Lawson
38307,Tony Long
38308,Tony Lopez
38309,Tony Lynch
38310,Tony Martin
38311,Tony Martinez
38312,Tony Matthews
38313,Tony Mcdowell
38314,Tony Morgan
38315,Tony Morse
38316,Tony Nelson
38317,Tony Olsen
38318,Tony Peterson
38319,Tony Potter
38320,Tony Rodriguez
38321,Tony Ross
38322,Tony Ruiz
38323,Tony Schmidt
38324,Tony Simmons
38325,Tony Thompson
38326,Tony Torres
38327,Tony Turner
38328,Tony Vang
38329,Tony Vazquez
38330,Tony Watson
38331,Tony West
38332,Tony White
38333,Tony Williams
38334,Tony Wilson
38335,Tony Woods
38336,Tony Young
38337,Tonya Anderson
38338,Tonya Barker
38339,Tonya Beck
38340,Tonya Black
38341,Tonya Bolton
38342,Tonya Brandt
38343,Tonya Burton
38344,Tonya Carey
38345,Tonya Carter
38346,Tonya Castaneda
38347,Tonya Chavez
38348,Tonya Cobb
38349,Tonya Cooper
38350,Tonya Cummings
38351,Tonya Curtis Md
38352,Tonya Daniel
38353,Tonya Dodson
38354,Tonya Fisher
38355,Tonya Fuller
38356,Tonya Gonzales
38357,Tonya Hall
38358,Tonya Harmon
38359,Tonya Haynes
38360,Tonya Hughes
38361,Tonya Jackson
38362,Tonya Jenkins
38363,Tonya Johnson
38364,Tonya Jones
38365,Tonya Kelley
38366,Tonya Kelly
38367,Tonya Key
38368,Tonya Klein
38369,Tonya Kline
38370,Tonya Lee
38371,Tonya Liu
38372,Tonya Lozano
38373,Tonya Martin
38374,Tonya Mccoy
38375,Tonya Mejia
38376,Tonya Miller
38377,Tonya Mooney Dds
38378,Tonya Moore
38379,Tonya Moss
38380,Tonya Nguyen
38381,Tonya Novak
38382,Tonya Phillips
38383,Tonya Potter
38384,Tonya Reynolds
38385,Tonya Stephenson
38386,Tonya Stevens Dds
38387,Tonya Taylor
38388,Tonya Terry Md
38389,Tonya Thomas
38390,Tonya Wade
38391,Tonya Wagner
38392,Tonya Watson
38393,Tonya Wells
38394,Tonya West
38395,Tonya Whitaker
38396,Tonya Williams
38397,Tonya Williams Md
38398,Tonya Wilson
38399,Tonya Yang
38400,Tonya Yates
38401,Tracey Cannon
38402,Tracey Daniels
38403,Tracey Dodson
38404,Tracey Donaldson
38405,Tracey Donovan
38406,Tracey Foster
38407,Tracey Huffman
38408,Tracey Johnson
38409,Tracey Knight
38410,Tracey Long
38411,Tracey Martin
38412,Tracey Miller
38413,Tracey Mitchell
38414,Tracey Moore
38415,Tracey Parker
38416,Tracey Patel
38417,Tracey Perez
38418,Tracey Rodriguez
38419,Tracey Ryan
38420,Tracey Schwartz
38421,Tracey Small
38422,Tracey Smith
38423,Tracey Spence
38424,Tracey Taylor
38425,Tracey Walton
38426,Tracey Watson
38427,Tracey Webb
38428,Tracey Young
38429,Traci Anderson
38430,Traci Andrade
38431,Traci Burgess
38432,Traci Carter
38433,Traci David
38434,Traci Flores
38435,Traci Francis
38436,Traci Harris
38437,Traci Holland
38438,Traci Hughes
38439,Traci Jones
38440,Traci Larsen
38441,Traci Morris
38442,Traci Morrow
38443,Traci Perez
38444,Traci Powell
38445,Traci Schmitt
38446,Traci Wagner
38447,Traci Walker
38448,Traci Wang
38449,Traci White Md
38450,Tracie Haley
38451,Tracie Lester
38452,Tracie Nelson
38453,Tracie Riley
38454,Tracie Sanchez
38455,Tracie Wright
38456,Tracy Allen
38457,Tracy Anderson
38458,Tracy Austin
38459,Tracy Ayers
38460,Tracy Beck
38461,Tracy Benton
38462,Tracy Bernard
38463,Tracy Berry Md
38464,Tracy Blackwell
38465,Tracy Bowman
38466,Tracy Boyd
38467,Tracy Brady
38468,Tracy Brewer
38469,Tracy Brown
38470,Tracy Buck
38471,Tracy Byrd
38472,Tracy Campos
38473,Tracy Carlson
38474,Tracy Castillo
38475,Tracy Charles
38476,Tracy Chavez
38477,Tracy Cole
38478,Tracy Collins
38479,Tracy Combs
38480,Tracy David
38481,Tracy Dodson
38482,Tracy Dorsey
38483,Tracy Dunn
38484,Tracy Ellison
38485,Tracy Figueroa
38486,Tracy Fleming
38487,Tracy Flores
38488,Tracy Foster
38489,Tracy Freeman
38490,Tracy Galloway
38491,Tracy Garcia
38492,Tracy Gibson
38493,Tracy Gonzales
38494,Tracy Gonzalez
38495,Tracy Gray
38496,Tracy Greer
38497,Tracy Gutierrez
38498,Tracy Hendricks
38499,Tracy Hooper
38500,Tracy Horne
38501,Tracy Howard
38502,Tracy Hudson
38503,Tracy Huff
38504,Tracy Hunter
38505,Tracy Jackson
38506,Tracy James
38507,Tracy Jimenez
38508,Tracy Johnson
38509,Tracy Johnson Dds
38510,Tracy Kelley
38511,Tracy King
38512,Tracy Landry
38513,Tracy Larson
38514,Tracy Logan
38515,Tracy Lopez
38516,Tracy Mack
38517,Tracy Marks
38518,Tracy Martin
38519,Tracy Martinez
38520,Tracy Mccarthy
38521,Tracy Mccoy
38522,Tracy Mcdonald
38523,Tracy Meadows
38524,Tracy Medina
38525,Tracy Mercado
38526,Tracy Miller
38527,Tracy Mills
38528,Tracy Moore
38529,Tracy Murray
38530,Tracy Nguyen
38531,Tracy Nichols
38532,Tracy Noble
38533,Tracy Oneill
38534,Tracy Page
38535,Tracy Parker
38536,Tracy Parks
38537,Tracy Patterson
38538,Tracy Pena
38539,Tracy Perez
38540,Tracy Peterson
38541,Tracy Preston
38542,Tracy Ramos
38543,Tracy Reynolds
38544,Tracy Rhodes
38545,Tracy Rice
38546,Tracy Roberts
38547,Tracy Rodriguez
38548,Tracy Rogers
38549,Tracy Rojas
38550,Tracy Romero
38551,Tracy Rose
38552,Tracy Salazar
38553,Tracy Sanchez
38554,Tracy Sandoval
38555,Tracy Santos
38556,Tracy Serrano
38557,Tracy Shelton
38558,Tracy Simon
38559,Tracy Smith
38560,Tracy Solomon
38561,Tracy Stevens
38562,Tracy Sullivan
38563,Tracy Sweeney
38564,Tracy Thomas
38565,Tracy Thompson
38566,Tracy Torres
38567,Tracy Tran
38568,Tracy Turner
38569,Tracy Tyler
38570,Tracy Valencia
38571,Tracy Wade
38572,Tracy Walters Md
38573,Tracy Watson
38574,Tracy Wells
38575,Tracy White
38576,Tracy Williams
38577,Tracy Wilson
38578,Tracy Woodard
38579,Tracy Woods
38580,Tracy Young
38581,Travis Adams
38582,Travis Alexander
38583,Travis Allen
38584,Travis Anderson
38585,Travis Barry
38586,Travis Bradley
38587,Travis Brooks
38588,Travis Burke
38589,Travis Campbell
38590,Travis Carson
38591,Travis Chavez
38592,Travis Contreras
38593,Travis Cooke
38594,Travis Craig
38595,Travis Cunningham
38596,Travis Davis
38597,Travis Dawson
38598,Travis Dean
38599,Travis Dixon
38600,Travis Dominguez
38601,Travis Eaton Md
38602,Travis Ferguson
38603,Travis Fleming
38604,Travis Foster
38605,Travis Frank
38606,Travis Fuller
38607,Travis Garcia
38608,Travis Glass
38609,Travis Green
38610,Travis Griffin Dvm
38611,Travis Guerrero
38612,Travis Holmes
38613,Travis Irwin
38614,Travis James
38615,Travis Johnson
38616,Travis Kennedy
38617,Travis Lawson
38618,Travis Long
38619,Travis Lowe
38620,Travis Lucero
38621,Travis Marshall
38622,Travis Martin
38623,Travis Mckay
38624,Travis Mclaughlin
38625,Travis Mendoza
38626,Travis Miller
38627,Travis Mills
38628,Travis Mitchell
38629,Travis Montgomery
38630,Travis Moore
38631,Travis Morales
38632,Travis Morton
38633,Travis Munoz
38634,Travis Noble
38635,Travis Olson
38636,Travis Parker
38637,Travis Parsons
38638,Travis Perez
38639,Travis Pope
38640,Travis Pratt
38641,Travis Richardson
38642,Travis Riley
38643,Travis Robinson
38644,Travis Rodriguez
38645,Travis Ross
38646,Travis Rowe
38647,Travis Rubio
38648,Travis Rush
38649,Travis Ryan
38650,Travis Schultz
38651,Travis Sexton
38652,Travis Smith
38653,Travis Snyder
38654,Travis Soto
38655,Travis Sweeney Md
38656,Travis Thomas
38657,Travis Thompson
38658,Travis Torres
38659,Travis Turner
38660,Travis Valdez
38661,Travis Walton
38662,Travis Ward
38663,Travis Washington
38664,Travis Weaver
38665,Travis Whitaker
38666,Travis White
38667,Travis Wilson
38668,Travis Wilson Dds
38669,Travis Zamora
38670,Trevor Anderson
38671,Trevor Ballard
38672,Trevor Brown
38673,Trevor Caldwell
38674,Trevor Chang
38675,Trevor Choi
38676,Trevor Davis
38677,Trevor Evans
38678,Trevor Farrell
38679,Trevor Fernandez
38680,Trevor Fisher
38681,Trevor Ford
38682,Trevor Fowler
38683,Trevor Gallagher
38684,Trevor Garcia
38685,Trevor Glass
38686,Trevor Griffin
38687,Trevor Hayden
38688,Trevor Hickman
38689,Trevor Huff
38690,Trevor Hunter
38691,Trevor Jackson
38692,Trevor Johnson
38693,Trevor Jones
38694,Trevor Mays
38695,Trevor Mcclain
38696,Trevor Murillo
38697,Trevor Novak
38698,Trevor Pacheco
38699,Trevor Perez
38700,Trevor Pierce Md
38701,Trevor Rodriguez
38702,Trevor Sanchez
38703,Trevor Schneider
38704,Trevor Schwartz
38705,Trevor Smith
38706,Trevor Walker
38707,Trevor Wood
38708,Trevor Wright
38709,Trevor Young Dds
38710,Tricia Dixon
38711,Tricia Harris
38712,Tricia Hill
38713,Tricia Mcgee
38714,Tricia Meyer
38715,Tricia Reynolds
38716,Tricia Sanchez
38717,Tricia Santos
38718,Tricia Schneider
38719,Tricia Wong
38720,Tricia Zimmerman
38721,Tristan Boyd
38722,Tristan Hernandez
38723,Tristan Huang
38724,Tristan Jones
38725,Tristan Lee
38726,Tristan Navarro
38727,Tristan Young
38728,Troy Anderson
38729,Troy Arnold
38730,Troy Bailey
38731,Troy Banks
38732,Troy Bautista
38733,Troy Beck
38734,Troy Bird
38735,Troy Blackburn Jr.
38736,Troy Bowman
38737,Troy Bradley
38738,Troy Brooks
38739,Troy Brown
38740,Troy Buck
38741,Troy Choi
38742,Troy Clark
38743,Troy Clements
38744,Troy Cross
38745,Troy Cruz
38746,Troy Davis
38747,Troy Duarte
38748,Troy Duncan
38749,Troy Durham
38750,Troy Frederick
38751,Troy Garcia
38752,Troy Glenn
38753,Troy Gonzales
38754,Troy Gutierrez
38755,Troy Harris
38756,Troy Hart
38757,Troy Henderson
38758,Troy Herrera
38759,Troy Hicks
38760,Troy Kennedy
38761,Troy Leonard
38762,Troy Lyons
38763,Troy Mcbride
38764,Troy Mccullough
38765,Troy Mcknight
38766,Troy Moody
38767,Troy Morales
38768,Troy Morrison Md
38769,Troy Myers
38770,Troy Osborne
38771,Troy Parsons
38772,Troy Patterson
38773,Troy Pierce
38774,Troy Powell
38775,Troy Reed
38776,Troy Ross
38777,Troy Salas
38778,Troy Sandoval
38779,Troy Sellers
38780,Troy Smith
38781,Troy Snyder
38782,Troy Taylor
38783,Troy Torres
38784,Troy Wagner
38785,Troy Washington
38786,Troy Williams
38787,Troy Wilson
38788,Troy Woodward
38789,Troy York
38790,Tyler Adams Dds
38791,Tyler Aguilar
38792,Tyler Anderson
38793,Tyler Bailey
38794,Tyler Bell
38795,Tyler Bishop
38796,Tyler Bowers
38797,Tyler Braun
38798,Tyler Brown
38799,Tyler Burch
38800,Tyler Butler
38801,Tyler Campbell
38802,Tyler Carroll
38803,Tyler Castaneda
38804,Tyler Castillo
38805,Tyler Chang
38806,Tyler Chapman
38807,Tyler Chavez
38808,Tyler Chen
38809,Tyler Clark
38810,Tyler Cochran
38811,Tyler Coffey
38812,Tyler Collins
38813,Tyler Craig
38814,Tyler Daniels
38815,Tyler Davis
38816,Tyler Dawson
38817,Tyler Day
38818,Tyler Dillon
38819,Tyler Edwards
38820,Tyler Ellison
38821,Tyler English
38822,Tyler Farmer
38823,Tyler Farrell Dds
38824,Tyler Faulkner
38825,Tyler Fletcher
38826,Tyler Flores
38827,Tyler Fox
38828,Tyler Freeman
38829,Tyler Frey
38830,Tyler Fritz
38831,Tyler Garcia
38832,Tyler Gardner
38833,Tyler Garner
38834,Tyler Gibson
38835,Tyler Gonzalez
38836,Tyler Gordon
38837,Tyler Green
38838,Tyler Greer
38839,Tyler Griffin
38840,Tyler Hall
38841,Tyler Hamilton
38842,Tyler Hammond
38843,Tyler Hawkins
38844,Tyler Hendrix
38845,Tyler Henry
38846,Tyler Hernandez
38847,Tyler Howell
38848,Tyler Hudson
38849,Tyler Hughes
38850,Tyler Hunter
38851,Tyler Hurley
38852,Tyler Jackson
38853,Tyler Jacobs
38854,Tyler Jacobson
38855,Tyler Jensen
38856,Tyler Johnson
38857,Tyler Jones
38858,Tyler Kramer
38859,Tyler Lara
38860,Tyler Lee
38861,Tyler Leon
38862,Tyler Lewis
38863,Tyler Lopez
38864,Tyler Lutz
38865,Tyler Manning
38866,Tyler Martinez
38867,Tyler Mckee
38868,Tyler Merritt
38869,Tyler Miller
38870,Tyler Miranda
38871,Tyler Montes
38872,Tyler Morales
38873,Tyler Morales V
38874,Tyler Moses
38875,Tyler Munoz
38876,Tyler Nichols
38877,Tyler Obrien
38878,Tyler Osborne
38879,Tyler Owens
38880,Tyler Parsons
38881,Tyler Payne
38882,Tyler Pearson
38883,Tyler Phillips
38884,Tyler Potter
38885,Tyler Rivera
38886,Tyler Robinson
38887,Tyler Rodriguez
38888,Tyler Rojas
38889,Tyler Rowe
38890,Tyler Rubio
38891,Tyler Sellers
38892,Tyler Shah
38893,Tyler Shelton
38894,Tyler Simmons
38895,Tyler Singleton
38896,Tyler Smith
38897,Tyler Smith Dvm
38898,Tyler Steele
38899,Tyler Suarez
38900,Tyler Sutton
38901,Tyler Taylor Jr.
38902,Tyler Thomas
38903,Tyler Thompson
38904,Tyler Torres
38905,Tyler Travis
38906,Tyler Tucker
38907,Tyler Valenzuela
38908,Tyler Vasquez
38909,Tyler Walker
38910,Tyler Washington
38911,Tyler Weiss
38912,Tyler Welch
38913,Tyler White
38914,Tyler Williams
38915,Tyler Williamson
38916,Tyler Wood
38917,Tyrone Brewer
38918,Tyrone Cooper
38919,Tyrone Fields
38920,Tyrone Griffin
38921,Tyrone Lee
38922,Tyrone Lowe
38923,Tyrone Obrien
38924,Tyrone Potts
38925,Tyrone Ramos
38926,Tyrone Schwartz
38927,Tyrone Vazquez
38928,Tyrone Washington
38929,Tyrone Young
38930,Valerie Adams
38931,Valerie Alexander
38932,Valerie Anderson
38933,Valerie Bowen
38934,Valerie Brown Md
38935,Valerie Bryant
38936,Valerie Burnett
38937,Valerie Cantrell
38938,Valerie Carr
38939,Valerie Carrillo
38940,Valerie Castillo
38941,Valerie Castro
38942,Valerie Chang
38943,Valerie Chapman
38944,Valerie Chavez
38945,Valerie Christensen
38946,Valerie Clark
38947,Valerie Collins
38948,Valerie Cooper
38949,Valerie Cox
38950,Valerie Cruz
38951,Valerie Davenport
38952,Valerie Dixon
38953,Valerie Eaton
38954,Valerie Evans
38955,Valerie Gonzales
38956,Valerie Gregory
38957,Valerie Griffin
38958,Valerie Hartman
38959,Valerie Hernandez
38960,Valerie Holder
38961,Valerie Johnson
38962,Valerie Jones
38963,Valerie Key
38964,Valerie Lang
38965,Valerie Lopez
38966,Valerie Lynch
38967,Valerie Lyons
38968,Valerie Martin
38969,Valerie Mason
38970,Valerie Mckinney
38971,Valerie Mclaughlin
38972,Valerie Medina
38973,Valerie Mejia
38974,Valerie Miller
38975,Valerie Miller Dds
38976,Valerie Miranda
38977,Valerie Morris
38978,Valerie Osborne
38979,Valerie Perez
38980,Valerie Perkins
38981,Valerie Ponce
38982,Valerie Price
38983,Valerie Pugh
38984,Valerie Randolph
38985,Valerie Reyes
38986,Valerie Rivera
38987,Valerie Robbins
38988,Valerie Rodriguez
38989,Valerie Sherman
38990,Valerie Simmons
38991,Valerie Smith
38992,Valerie Spence
38993,Valerie Thomas
38994,Valerie Thompson
38995,Valerie Walker
38996,Valerie Welch
38997,Valerie Wells
38998,Valerie Wilson
38999,Vanessa Adams
39000,Vanessa Ali
39001,Vanessa Andrews
39002,Vanessa Bailey
39003,Vanessa Bauer Md
39004,Vanessa Bennett
39005,Vanessa Brown
39006,Vanessa Browning
39007,Vanessa Buchanan Dds
39008,Vanessa Cain
39009,Vanessa Casey
39010,Vanessa Chavez
39011,Vanessa Church
39012,Vanessa Clements
39013,Vanessa Collins
39014,Vanessa Conner
39015,Vanessa Cook
39016,Vanessa Cruz
39017,Vanessa Dorsey
39018,Vanessa Douglas
39019,Vanessa Duarte
39020,Vanessa Ellis
39021,Vanessa Fernandez
39022,Vanessa Figueroa
39023,Vanessa Foster
39024,Vanessa Fowler
39025,Vanessa Gilbert
39026,Vanessa Gilmore
39027,Vanessa Gilmore Md
39028,Vanessa Gonzalez
39029,Vanessa Goodwin
39030,Vanessa Griffith
39031,Vanessa Guerrero
39032,Vanessa Hansen
39033,Vanessa Harrell
39034,Vanessa Harris
39035,Vanessa Hawkins
39036,Vanessa Hayes
39037,Vanessa Hill
39038,Vanessa Hodge
39039,Vanessa Hoffman
39040,Vanessa Holloway
39041,Vanessa Hoover
39042,Vanessa Hopkins Dvm
39043,Vanessa Jackson Phd
39044,Vanessa Jones
39045,Vanessa Kim
39046,Vanessa Knight
39047,Vanessa Lewis
39048,Vanessa Lopez
39049,Vanessa Lozano
39050,Vanessa Martinez
39051,Vanessa Matthews
39052,Vanessa Mcguire
39053,Vanessa Mclaughlin
39054,Vanessa Merritt
39055,Vanessa Meyer
39056,Vanessa Miles
39057,Vanessa Mills
39058,Vanessa Mitchell
39059,Vanessa Moore
39060,Vanessa Mora
39061,Vanessa Morton
39062,Vanessa Newton
39063,Vanessa Nunez
39064,Vanessa Ochoa Dds
39065,Vanessa Oliver
39066,Vanessa Ortiz
39067,Vanessa Owens
39068,Vanessa Perez
39069,Vanessa Perkins
39070,Vanessa Peterson
39071,Vanessa Reed
39072,Vanessa Roberts
39073,Vanessa Rogers
39074,Vanessa Rosales
39075,Vanessa Rowe
39076,Vanessa Ruiz
39077,Vanessa Schultz
39078,Vanessa Scott
39079,Vanessa Smith
39080,Vanessa Spence
39081,Vanessa Stanton
39082,Vanessa Thomas
39083,Vanessa Torres
39084,Vanessa Trujillo
39085,Vanessa Vargas
39086,Vanessa Vaughn
39087,Vanessa Ward
39088,Vanessa Warner
39089,Vanessa Weiss
39090,Vanessa West
39091,Vanessa Whitaker
39092,Vernon Diaz
39093,Vernon Hansen
39094,Vernon Heath
39095,Vernon Villarreal
39096,Veronica Adams
39097,Veronica Ball
39098,Veronica Blair
39099,Veronica Brown
39100,Veronica Bruce
39101,Veronica Burke
39102,Veronica Calhoun
39103,Veronica Chandler
39104,Veronica Christian
39105,Veronica Clark
39106,Veronica Cochran
39107,Veronica Combs
39108,Veronica Crawford
39109,Veronica Dalton
39110,Veronica Davis
39111,Veronica Gamble
39112,Veronica Gilbert
39113,Veronica Gonzalez
39114,Veronica Graves
39115,Veronica Green
39116,Veronica Griffin
39117,Veronica Gutierrez
39118,Veronica Hamilton
39119,Veronica Hansen
39120,Veronica Harris
39121,Veronica Herrera
39122,Veronica Hines
39123,Veronica Hunt
39124,Veronica Jackson
39125,Veronica Johnson
39126,Veronica Jones
39127,Veronica Kennedy
39128,Veronica Larson
39129,Veronica Leonard
39130,Veronica Livingston
39131,Veronica Lynch
39132,Veronica Mason
39133,Veronica Mcdonald
39134,Veronica Mcintosh
39135,Veronica Moore
39136,Veronica Morris
39137,Veronica Obrien
39138,Veronica Osborne
39139,Veronica Owens
39140,Veronica Phelps
39141,Veronica Potts
39142,Veronica Ramirez
39143,Veronica Reyes
39144,Veronica Rodriguez
39145,Veronica Rosales
39146,Veronica Rosario
39147,Veronica Rowland
39148,Veronica Ryan
39149,Veronica Salas
39150,Veronica Sandoval
39151,Veronica Sawyer
39152,Veronica Simmons
39153,Veronica Singleton
39154,Veronica Smith
39155,Veronica Sparks
39156,Veronica Stewart
39157,Veronica Sullivan
39158,Veronica Torres
39159,Veronica Wallace
39160,Veronica Walsh
39161,Veronica Washington
39162,Veronica Wilkinson
39163,Veronica Williams
39164,Vicki Aguilar
39165,Vicki Beck
39166,Vicki Bennett
39167,Vicki Bond
39168,Vicki Bush
39169,Vicki Chavez
39170,Vicki Cochran
39171,Vicki Davis
39172,Vicki Hall
39173,Vicki Hoover
39174,Vicki Levine
39175,Vicki Moran
39176,Vicki Mueller
39177,Vicki Murphy
39178,Vicki Nguyen
39179,Vicki Pearson
39180,Vicki Sanchez
39181,Vicki Santiago
39182,Vicki Wilson
39183,Vickie Cross
39184,Vickie Diaz
39185,Vickie Garcia
39186,Vickie Griffin
39187,Vickie Hamilton
39188,Vickie Johnson
39189,Vickie King
39190,Vickie Knox
39191,Vickie Mann
39192,Vickie Rodriguez
39193,Vickie Sanders
39194,Vickie Stanley
39195,Vickie Terry
39196,Vickie Thompson
39197,Victor Anthony
39198,Victor Beasley
39199,Victor Beltran
39200,Victor Bowman
39201,Victor Brooks
39202,Victor Brown
39203,Victor Carroll
39204,Victor Castillo
39205,Victor Chapman
39206,Victor Davis
39207,Victor Dixon
39208,Victor Douglas
39209,Victor Duarte
39210,Victor Escobar
39211,Victor Fischer
39212,Victor Fowler
39213,Victor Frazier
39214,Victor Gomez
39215,Victor Hood
39216,Victor Jimenez
39217,Victor Johnson
39218,Victor Johnson Jr.
39219,Victor Keller
39220,Victor Khan
39221,Victor Lara
39222,Victor Larson
39223,Victor Leonard
39224,Victor Lin
39225,Victor May
39226,Victor Medina
39227,Victor Miller
39228,Victor Moore
39229,Victor Morales
39230,Victor Parker
39231,Victor Ramirez
39232,Victor Reed
39233,Victor Reilly
39234,Victor Reynolds
39235,Victor Roberts
39236,Victor Rodriguez
39237,Victor Sanchez
39238,Victor Sanders
39239,Victor Schroeder
39240,Victor Taylor
39241,Victor Thornton
39242,Victor Vasquez
39243,Victor Welch
39244,Victor Williams Jr.
39245,Victor Young
39246,Victoria Adams
39247,Victoria Allen
39248,Victoria Baldwin
39249,Victoria Barajas
39250,Victoria Barnes
39251,Victoria Becker
39252,Victoria Black
39253,Victoria Brown
39254,Victoria Burns
39255,Victoria Caldwell
39256,Victoria Campbell
39257,Victoria Carey
39258,Victoria Carr
39259,Victoria Christensen
39260,Victoria Collier
39261,Victoria Collins
39262,Victoria Cook Md
39263,Victoria Cooper
39264,Victoria Cox
39265,Victoria Crawford
39266,Victoria Cunningham
39267,Victoria Evans
39268,Victoria Ewing
39269,Victoria Fletcher
39270,Victoria Foster
39271,Victoria Francis Dds
39272,Victoria Fuentes
39273,Victoria Gallagher
39274,Victoria Garcia
39275,Victoria Gardner
39276,Victoria Gay
39277,Victoria Gonzales
39278,Victoria Gonzalez
39279,Victoria Guzman
39280,Victoria Hall
39281,Victoria Hampton
39282,Victoria Hansen
39283,Victoria Harmon
39284,Victoria Hayes
39285,Victoria Hernandez
39286,Victoria Hopkins
39287,Victoria Horton
39288,Victoria Hudson
39289,Victoria Hunt
39290,Victoria Hutchinson
39291,Victoria Jackson
39292,Victoria James
39293,Victoria Johnson
39294,Victoria Jones
39295,Victoria Jordan
39296,Victoria Joseph
39297,Victoria Kaufman
39298,Victoria Kelley
39299,Victoria Kelly
39300,Victoria Kent
39301,Victoria Kerr
39302,Victoria King
39303,Victoria Knapp
39304,Victoria Lara
39305,Victoria Lee
39306,Victoria Lee Dvm
39307,Victoria Leonard
39308,Victoria Marshall
39309,Victoria Martinez
39310,Victoria Mason
39311,Victoria Mathis
39312,Victoria May
39313,Victoria Mccann
39314,Victoria Mcclain
39315,Victoria Mccormick
39316,Victoria Mcdonald
39317,Victoria Mckee
39318,Victoria Mendez
39319,Victoria Mendoza
39320,Victoria Miller
39321,Victoria Moore
39322,Victoria Nguyen
39323,Victoria Osborne
39324,Victoria Page
39325,Victoria Palmer
39326,Victoria Patel
39327,Victoria Payne
39328,Victoria Perry
39329,Victoria Peterson
39330,Victoria Phillips
39331,Victoria Porter
39332,Victoria Price
39333,Victoria Ramirez
39334,Victoria Reed
39335,Victoria Roberts
39336,Victoria Rodriguez
39337,Victoria Salinas
39338,Victoria Scott
39339,Victoria Simmons
39340,Victoria Smith
39341,Victoria Spencer
39342,Victoria Taylor
39343,Victoria Vasquez Dds
39344,Victoria Watts
39345,Victoria Weaver
39346,Victoria Wheeler
39347,Victoria Wilkins
39348,Victoria Williams
39349,Victoria Wilson
39350,Victoria Woodward
39351,Vincent Alexander
39352,Vincent Baker
39353,Vincent Ball
39354,Vincent Bell
39355,Vincent Benjamin
39356,Vincent Brown
39357,Vincent Christensen
39358,Vincent Collins
39359,Vincent Cummings
39360,Vincent Dean
39361,Vincent Farmer
39362,Vincent Gentry
39363,Vincent Gibbs
39364,Vincent Graham
39365,Vincent Griffith
39366,Vincent Hamilton
39367,Vincent Hunter
39368,Vincent Johnson
39369,Vincent Jones
39370,Vincent Martin
39371,Vincent Martinez
39372,Vincent Moore
39373,Vincent Myers
39374,Vincent Newman Dds
39375,Vincent Pearson
39376,Vincent Pena
39377,Vincent Pierce
39378,Vincent Ramirez
39379,Vincent Reid Dds
39380,Vincent Reyes
39381,Vincent Richards
39382,Vincent Rodriguez
39383,Vincent Russell
39384,Vincent Strickland
39385,Vincent Taylor
39386,Vincent Thomas
39387,Vincent Torres
39388,Vincent Trujillo
39389,Vincent Vasquez
39390,Vincent Walker
39391,Vincent Watkins
39392,Vincent Welch
39393,Vincent White
39394,Vincent Williams
39395,Vincent Young
39396,Virginia Anthony
39397,Virginia Benitez
39398,Virginia Benjamin Dds
39399,Virginia Berg
39400,Virginia Brooks
39401,Virginia Bush
39402,Virginia Cabrera
39403,Virginia Campbell
39404,Virginia Chavez
39405,Virginia Cooke
39406,Virginia Davis
39407,Virginia Fischer
39408,Virginia Foster
39409,Virginia Garcia
39410,Virginia Good
39411,Virginia Hansen
39412,Virginia Hayes
39413,Virginia Jones
39414,Virginia Lee
39415,Virginia Lindsey
39416,Virginia Lynch
39417,Virginia Maldonado
39418,Virginia Marsh
39419,Virginia Mcmillan
39420,Virginia Meyer
39421,Virginia Meyers
39422,Virginia Nunez
39423,Virginia Pittman Md
39424,Virginia Pratt
39425,Virginia Reynolds
39426,Virginia Rocha
39427,Virginia Rojas Dds
39428,Virginia Savage
39429,Virginia Spencer
39430,Virginia Stein
39431,Virginia Vargas
39432,Virginia Waters
39433,Virginia Webster
39434,Virginia Wilkinson
39435,Virginia Wilson
39436,Virginia Yang
39437,Walter Adams
39438,Walter Allen
39439,Walter Anderson
39440,Walter Bowers
39441,Walter Carr
39442,Walter Chapman
39443,Walter Choi
39444,Walter Collins
39445,Walter Erickson
39446,Walter Garcia
39447,Walter Glenn
39448,Walter Harper Dds
39449,Walter Harrison
39450,Walter Hill
39451,Walter Hobbs
39452,Walter Holt
39453,Walter Hubbard
39454,Walter Jacobs
39455,Walter Jimenez
39456,Walter Leon
39457,Walter Long
39458,Walter Martin Md
39459,Walter Mitchell
39460,Walter Murphy
39461,Walter Newman
39462,Walter Perez
39463,Walter Perkins
39464,Walter Rodriguez
39465,Walter Sanchez Dds
39466,Walter Schultz
39467,Walter Smith
39468,Walter Thomas
39469,Walter Wagner
39470,Walter White
39471,Walter Williams
39472,Walter Willis
39473,Wanda Andersen
39474,Wanda Barry
39475,Wanda Bryant
39476,Wanda Carter
39477,Wanda Castro Md
39478,Wanda Davis
39479,Wanda Dunn
39480,Wanda Flynn
39481,Wanda Fritz
39482,Wanda Frost
39483,Wanda Gallegos
39484,Wanda Glenn Md
39485,Wanda Hansen
39486,Wanda Massey
39487,Wanda Maxwell
39488,Wanda Mcclure
39489,Wanda Mcgee
39490,Wanda Mejia
39491,Wanda Miller
39492,Wanda Oneill
39493,Wanda Salazar
39494,Wanda Sanchez
39495,Wanda Smith
39496,Wanda Stark
39497,Wanda Terry
39498,Wanda Thompson
39499,Wanda Torres
39500,Wanda Underwood
39501,Wanda Wade
39502,Wanda Webb
39503,Wanda Williams
39504,Wanda Wright
39505,Warren Adams
39506,Warren Brown
39507,Warren Ellis Md
39508,Warren Ramirez
39509,Warren Simon
39510,Warren Ward
39511,Warren Williams
39512,Warren Wright
39513,Wayne Brown
39514,Wayne Campbell
39515,Wayne Chapman
39516,Wayne Clark
39517,Wayne David
39518,Wayne Evans
39519,Wayne Garcia
39520,Wayne Gonzalez
39521,Wayne Harris
39522,Wayne Jackson
39523,Wayne Johnson
39524,Wayne Kelly
39525,Wayne Lewis
39526,Wayne Lopez
39527,Wayne Love
39528,Wayne Lucas
39529,Wayne Lucero
39530,Wayne Matthews
39531,Wayne Melton
39532,Wayne Moore
39533,Wayne Morales
39534,Wayne Moreno
39535,Wayne Murphy
39536,Wayne Murray
39537,Wayne Myers
39538,Wayne Nash
39539,Wayne Nelson
39540,Wayne Oliver
39541,Wayne Patterson Md
39542,Wayne Perez
39543,Wayne Perkins
39544,Wayne Peterson
39545,Wayne Price
39546,Wayne Robbins
39547,Wayne Rogers
39548,Wayne Stewart
39549,Wayne Thomas
39550,Wayne Tucker
39551,Wayne Wagner
39552,Wayne Wilson
39553,Wendy Adams
39554,Wendy Armstrong
39555,Wendy Baker
39556,Wendy Bishop
39557,Wendy Blackburn
39558,Wendy Brady
39559,Wendy Briggs
39560,Wendy Brown
39561,Wendy Burgess
39562,Wendy Bush
39563,Wendy Campbell
39564,Wendy Carr
39565,Wendy Carter
39566,Wendy Castillo
39567,Wendy Clark
39568,Wendy Davis
39569,Wendy Dennis
39570,Wendy Douglas
39571,Wendy Edwards
39572,Wendy Ellis
39573,Wendy Erickson
39574,Wendy Flores
39575,Wendy Garcia
39576,Wendy Gardner
39577,Wendy Gilbert
39578,Wendy Gill
39579,Wendy Glenn
39580,Wendy Gonzalez
39581,Wendy Goodman
39582,Wendy Graham
39583,Wendy Griffith
39584,Wendy Haley
39585,Wendy Harris
39586,Wendy Johnson
39587,Wendy Jones
39588,Wendy King
39589,Wendy Kirby
39590,Wendy Logan
39591,Wendy Lopez
39592,Wendy Lowe
39593,Wendy Maldonado
39594,Wendy Martin
39595,Wendy Martinez
39596,Wendy Mcdonald
39597,Wendy Mckinney
39598,Wendy Miller
39599,Wendy Montgomery
39600,Wendy Moody
39601,Wendy Moore
39602,Wendy Morales
39603,Wendy Moreno
39604,Wendy Morgan
39605,Wendy Murray
39606,Wendy Navarro
39607,Wendy Nichols
39608,Wendy Ochoa
39609,Wendy Oliver
39610,Wendy Perez
39611,Wendy Peters
39612,Wendy Phelps
39613,Wendy Powell
39614,Wendy Price
39615,Wendy Randall
39616,Wendy Richards
39617,Wendy Ritter
39618,Wendy Rivera
39619,Wendy Roberts
39620,Wendy Rogers
39621,Wendy Sanchez
39622,Wendy Sawyer
39623,Wendy Schroeder
39624,Wendy Schultz
39625,Wendy Shaw
39626,Wendy Shields
39627,Wendy Smith
39628,Wendy Underwood
39629,Wendy Valdez
39630,Wendy Vasquez
39631,Wendy Ward
39632,Wendy Weaver
39633,Wendy Webster
39634,Wendy Welch
39635,Wesley Alvarez
39636,Wesley Barnes
39637,Wesley Campbell
39638,Wesley Cochran
39639,Wesley Coleman
39640,Wesley Edwards
39641,Wesley Edwards Dds
39642,Wesley Gill
39643,Wesley Harper
39644,Wesley Hendricks
39645,Wesley Hendrix
39646,Wesley Herrera
39647,Wesley Johnson
39648,Wesley Jones
39649,Wesley Mckee
39650,Wesley Mclaughlin
39651,Wesley Melendez Phd
39652,Wesley Pacheco
39653,Wesley Parks
39654,Wesley Patterson
39655,Wesley Perry
39656,Wesley Peterson
39657,Wesley Reed
39658,Wesley Ryan
39659,Wesley Tucker
39660,Wesley Wallace
39661,Wesley Whitaker
39662,Wesley Wilkins
39663,Wesley Williams
39664,Wesley Wise
39665,Whitney Acosta
39666,Whitney Archer
39667,Whitney Baker
39668,Whitney Becker
39669,Whitney Burgess
39670,Whitney Chavez
39671,Whitney Chen
39672,Whitney Christensen
39673,Whitney Curry
39674,Whitney Davis
39675,Whitney Downs
39676,Whitney Fleming
39677,Whitney Franklin
39678,Whitney Gibson
39679,Whitney Gomez
39680,Whitney Hawkins
39681,Whitney Howell
39682,Whitney Kane
39683,Whitney Knight
39684,Whitney Koch
39685,Whitney Lewis
39686,Whitney Lutz
39687,Whitney Mathis
39688,Whitney Maxwell
39689,Whitney Mitchell
39690,Whitney Newman Md
39691,Whitney Oconnor
39692,Whitney Olson
39693,Whitney Parker
39694,Whitney Phillips
39695,Whitney Pope
39696,Whitney Powell
39697,Whitney Robinson
39698,Whitney Rodgers
39699,Whitney Rodriguez
39700,Whitney Shaffer
39701,Whitney Smith
39702,Whitney Vaughan
39703,Whitney Weber
39704,Whitney Williams
39705,Whitney Winters
39706,William Acevedo Jr.
39707,William Adams
39708,William Aguilar
39709,William Allen
39710,William Alvarado
39711,William Anderson
39712,William Arias
39713,William Armstrong
39714,William Arnold
39715,William Arroyo
39716,William Avila
39717,William Ayala
39718,William Bailey
39719,William Barker Md
39720,William Barnes
39721,William Barron
39722,William Barry
39723,William Bates
39724,William Beard
39725,William Becker
39726,William Berry
39727,William Best
39728,William Black
39729,William Blackwell
39730,William Blake
39731,William Blankenship
39732,William Bowen
39733,William Bowers
39734,William Bowman
39735,William Bradshaw
39736,William Brady
39737,William Brewer
39738,William Brock
39739,William Brooks
39740,William Brown
39741,William Bruce
39742,William Bryan
39743,William Burch
39744,William Burke
39745,William Burns
39746,William Byrd
39747,William Caldwell
39748,William Campbell
39749,William Carpenter
39750,William Carr
39751,William Carter
39752,William Casey
39753,William Castillo
39754,William Cervantes
39755,William Chan
39756,William Charles
39757,William Chen
39758,William Choi
39759,William Clark
39760,William Clements
39761,William Cobb
39762,William Cohen
39763,William Coleman
39764,William Collins
39765,William Combs
39766,William Compton
39767,William Conley
39768,William Contreras
39769,William Cook
39770,William Cooley
39771,William Cooper
39772,William Cummings
39773,William Cunningham
39774,William Curry
39775,William Dalton
39776,William Daugherty
39777,William David
39778,William Davidson
39779,William Davis
39780,William Dawson
39781,William Delacruz
39782,William Diaz
39783,William Dillon
39784,William Dodson
39785,William Doyle
39786,William Dudley
39787,William Durham
39788,William Edwards
39789,William Elliott
39790,William Ellis
39791,William Farmer
39792,William Faulkner
39793,William Fernandez
39794,William Fields
39795,William Finley
39796,William Fisher
39797,William Flores
39798,William Floyd
39799,William Flynn
39800,William Ford
39801,William Foster
39802,William Fowler
39803,William Francis
39804,William Frank
39805,William Franklin
39806,William Freeman
39807,William Frost
39808,William Garcia
39809,William Gardner
39810,William Garner
39811,William Garrison
39812,William Garza
39813,William Gibbs
39814,William Gillespie
39815,William Glass
39816,William Glover
39817,William Golden
39818,William Gonzales
39819,William Gonzalez
39820,William Graham
39821,William Graves
39822,William Green
39823,William Griffin
39824,William Gross
39825,William Gutierrez
39826,William Hale
39827,William Hall
39828,William Hamilton
39829,William Haney
39830,William Hansen
39831,William Hanson
39832,William Harper
39833,William Harris
39834,William Harrison
39835,William Harvey
39836,William Hawkins
39837,William Hebert
39838,William Henry
39839,William Hensley
39840,William Hernandez
39841,William Herring
39842,William Hess
39843,William Hill
39844,William Hodges
39845,William Hoffman
39846,William Holloway
39847,William Holmes
39848,William Hood
39849,William Hopkins
39850,William Horton
39851,William Houston
39852,William Howe
39853,William Howell
39854,William Hubbard
39855,William Hudson
39856,William Hunt
39857,William Hunter
39858,William Hutchinson
39859,William Jackson
39860,William James
39861,William Jimenez
39862,William Johnson
39863,William Johnston
39864,William Jones
39865,William Kane
39866,William Keith
39867,William Kelley
39868,William Kelly
39869,William Kennedy
39870,William Key
39871,William Khan
39872,William Kirby
39873,William Knight
39874,William Knox
39875,William Lambert
39876,William Lara
39877,William Le
39878,William Lee
39879,William Leonard
39880,William Levine
39881,William Lewis
39882,William Liu
39883,William Livingston
39884,William Lopez
39885,William Lozano
39886,William Lucero
39887,William Luna
39888,William Lutz
39889,William Lynch
39890,William Maldonado
39891,William Mann
39892,William Manning
39893,William Marquez
39894,William Martinez
39895,William Mathews
39896,William Mathis
39897,William Matthews
39898,William Maynard
39899,William Mayo
39900,William Mccoy
39901,William Mcdonald
39902,William Mcfarland
39903,William Mcgee
39904,William Mcguire
39905,William Melendez
39906,William Merritt
39907,William Miller
39908,William Miller Dds
39909,William Molina
39910,William Montgomery
39911,William Moore
39912,William Morales
39913,William Morgan
39914,William Morris
39915,William Morrison
39916,William Morse
39917,William Morton
39918,William Mullins
39919,William Murphy
39920,William Myers
39921,William Nash
39922,William Nelson
39923,William Nguyen
39924,William Nicholson
39925,William Norton
39926,William Padilla
39927,William Palmer
39928,William Parker
39929,William Parks
39930,William Patel
39931,William Paul
39932,William Payne Iii
39933,William Pennington
39934,William Perez
39935,William Perkins
39936,William Petersen
39937,William Peterson
39938,William Phillips
39939,William Porter
39940,William Powers
39941,William Ramirez
39942,William Rangel
39943,William Ray
39944,William Raymond
39945,William Reed
39946,William Reeves
39947,William Reynolds
39948,William Rich Md
39949,William Richardson
39950,William Rivas
39951,William Rivera
39952,William Roberson
39953,William Roberts
39954,William Robinson
39955,William Rodgers
39956,William Rodriguez
39957,William Rogers
39958,William Romero
39959,William Rose
39960,William Ross
39961,William Roy
39962,William Rubio
39963,William Russell
39964,William Ryan
39965,William Salazar
39966,William Sanchez
39967,William Sanders
39968,William Sanders Md
39969,William Sandoval
39970,William Sanford
39971,William Schmidt
39972,William Scott
39973,William Sharp
39974,William Shelton
39975,William Shepard
39976,William Simmons
39977,William Simpson
39978,William Sloan
39979,William Smith
39980,William Snyder
39981,William Soto
39982,William Spencer
39983,William Stanley
39984,William Stanley Dds
39985,William Stevens
39986,William Stevenson
39987,William Stewart
39988,William Stout
39989,William Sullivan
39990,William Swanson
39991,William Taylor
39992,William Terry
39993,William Thomas
39994,William Thomas Dds
39995,William Thompson
39996,William Torres
39997,William Townsend
39998,William Townsend Dds
39999,William Tran
40000,William Trevino
40001,William Turner
40002,William Underwood
40003,William Vaughan
40004,William Vega
40005,William Wagner
40006,William Walker
40007,William Walker Jr.
40008,William Wallace
40009,William Walters
40010,William Ward
40011,William Warren
40012,William Waters
40013,William Watson
40014,William Watts
40015,William Weiss
40016,William West
40017,William White
40018,William Wilcox
40019,William Wilkins
40020,William Williams
40021,William Willis
40022,William Wilson
40023,William Wong
40024,William Wright
40025,William Wu
40026,William Yang
40027,William York
40028,William Young
40029,William Yu
40030,Willie Bell
40031,Willie Blake
40032,Willie Bonilla
40033,Willie Cannon
40034,Willie Carter
40035,Willie Cochran
40036,Willie Contreras
40037,Willie Gonzalez
40038,Willie Haley
40039,Willie Hamilton
40040,Willie Hancock
40041,Willie Herrera
40042,Willie Holmes
40043,Willie Joseph
40044,Willie Krause
40045,Willie Lawrence
40046,Willie Lowery
40047,Willie Mccall
40048,Willie Mccormick
40049,Willie Mcknight
40050,Willie Miles
40051,Willie Morrison
40052,Willie Park
40053,Willie Phillips
40054,Willie Richard
40055,Willie Rodriguez
40056,Willie Silva
40057,Willie Smith
40058,Willie Solomon Iii
40059,Willie Sparks
40060,Willie Stevens
40061,Willie Stokes
40062,Willie Thomas
40063,Willie Thompson
40064,Willie Watson
40065,Willie White
40066,Willie Williams
40067,Willie Wright
40068,Wyatt Cuevas
40069,Wyatt Garza
40070,Wyatt Marquez
40071,Wyatt Mayer
40072,Xavier Andrews
40073,Xavier Berry Dvm
40074,Xavier Campbell
40075,Xavier Crawford
40076,Xavier Cuevas
40077,Xavier Guzman
40078,Xavier Hutchinson
40079,Xavier Jones
40080,Xavier Mason
40081,Xavier Murray
40082,Xavier Rice
40083,Xavier Sanders
40084,Yesenia Bates Md
40085,Yesenia Cannon
40086,Yesenia Davis
40087,Yesenia Garrett
40088,Yesenia Greer Dvm
40089,Yesenia Morgan
40090,Yesenia Perez
40091,Yesenia Rivera
40092,Yolanda Alvarez
40093,Yolanda Baker
40094,Yolanda Barton
40095,Yolanda Benton
40096,Yolanda Brooks
40097,Yolanda Brown
40098,Yolanda Bryant
40099,Yolanda Cook
40100,Yolanda Davis
40101,Yolanda Fowler
40102,Yolanda Garrett
40103,Yolanda Hamilton
40104,Yolanda Harris
40105,Yolanda Holland
40106,Yolanda Jackson
40107,Yolanda Jacobson
40108,Yolanda Jensen
40109,Yolanda Johnson
40110,Yolanda Jones
40111,Yolanda Mcmillan
40112,Yolanda Miles
40113,Yolanda Olsen
40114,Yolanda Parker
40115,Yolanda Rogers
40116,Yolanda Simmons
40117,Yolanda Simon
40118,Yolanda Stone
40119,Yolanda Terry
40120,Yolanda Valenzuela
40121,Yolanda Williams
40122,Yvette Adams
40123,Yvette Baldwin
40124,Yvette Hester
40125,Yvette Lee
40126,Yvette Moore
40127,Yvette Myers
40128,Yvette Smith
40129,Yvette Thompson
40130,Yvette Williams
40131,Yvonne Alvarado
40132,Yvonne Brooks
40133,Yvonne Buckley
40134,Yvonne Cain
40135,Yvonne Curtis
40136,Yvonne Decker
40137,Yvonne Duffy
40138,Yvonne Durham
40139,Yvonne Floyd
40140,Yvonne Glover
40141,Yvonne Harper
40142,Yvonne Hernandez
40143,Yvonne Holt
40144,Yvonne Howard
40145,Yvonne Jackson
40146,Yvonne Luna
40147,Yvonne Miller
40148,Yvonne Perez
40149,Yvonne Ramirez
40150,Yvonne Reed
40151,Yvonne Rodriguez
40152,Yvonne Santana
40153,Yvonne Sharp
40154,Yvonne Taylor
40155,Zachary Adams
40156,Zachary Aguilar
40157,Zachary Alexander
40158,Zachary Allen
40159,Zachary Allison
40160,Zachary Andersen
40161,Zachary Anderson
40162,Zachary Becker
40163,Zachary Bennett
40164,Zachary Brown
40165,Zachary Burgess
40166,Zachary Burton
40167,Zachary Bush
40168,Zachary Carlson
40169,Zachary Carter
40170,Zachary Christensen
40171,Zachary Cole
40172,Zachary Coleman
40173,Zachary Collins
40174,Zachary Conner
40175,Zachary Cooper Phd
40176,Zachary Crawford
40177,Zachary Cuevas
40178,Zachary Curtis
40179,Zachary Davenport
40180,Zachary Davis
40181,Zachary Dixon
40182,Zachary Duffy
40183,Zachary Duncan
40184,Zachary Edwards
40185,Zachary English
40186,Zachary Farmer
40187,Zachary Fields
40188,Zachary Foley
40189,Zachary Franco
40190,Zachary Garcia
40191,Zachary Gilmore
40192,Zachary Gonzales
40193,Zachary Gonzalez
40194,Zachary Guzman
40195,Zachary Hall
40196,Zachary Hamilton
40197,Zachary Harrell
40198,Zachary Harrison
40199,Zachary Hernandez
40200,Zachary Hill
40201,Zachary Hinton
40202,Zachary Hodges
40203,Zachary Hogan
40204,Zachary Hooper
40205,Zachary Hopkins
40206,Zachary Horn
40207,Zachary Howell
40208,Zachary Huang
40209,Zachary Hughes
40210,Zachary Jackson
40211,Zachary James
40212,Zachary Johnson
40213,Zachary Kelly
40214,Zachary Lara
40215,Zachary Lee
40216,Zachary Lopez
40217,Zachary Mack
40218,Zachary Marshall
40219,Zachary Martin
40220,Zachary Martinez
40221,Zachary Melendez
40222,Zachary Mendez
40223,Zachary Miller
40224,Zachary Moore
40225,Zachary Morgan
40226,Zachary Mueller
40227,Zachary Murphy
40228,Zachary Myers
40229,Zachary Nelson
40230,Zachary Nichols
40231,Zachary Nielsen
40232,Zachary Novak
40233,Zachary Oconnor
40234,Zachary Olsen
40235,Zachary Osborne
40236,Zachary Owens
40237,Zachary Patterson
40238,Zachary Perez
40239,Zachary Phillips
40240,Zachary Poole
40241,Zachary Riley
40242,Zachary Robinson
40243,Zachary Romero Md
40244,Zachary Sanchez
40245,Zachary Scott
40246,Zachary Shaw
40247,Zachary Simmons
40248,Zachary Smith
40249,Zachary Sparks
40250,Zachary Stanley
40251,Zachary Stein
40252,Zachary Stewart
40253,Zachary Sullivan
40254,Zachary Sutton
40255,Zachary Swanson
40256,Zachary Terry
40257,Zachary Thomas
40258,Zachary Thompson
40259,Zachary Walker
40260,Zachary Walter
40261,Zachary Ward
40262,Zachary West
40263,Zachary Whitaker
40264,Zachary Wise
40265,Zachary Woods
40266,Zachary Wright
40267,Zachary Young
40268,Zachary Zuniga
40269,Zoe Alexander
40270,Zoe Avery
40271,Zoe Contreras
40272,Zoe Khan
40273,Zoe Knight
40274,Zoe Nichols
40275,Zoe Roberts
40276,Zoe Wallace
